game_id,season,home_goals,away_goals
2000020001,2000,2,2
2000020002,2000,4,4
2000020003,2000,4,2
2000020004,2000,6,3
2000020005,2000,3,4
2000020006,2000,4,1
2000020007,2000,8,4
2000020008,2000,1,4
2000020009,2000,3,3
2000020010,2000,3,4
2000020011,2000,2,1
2000020012,2000,3,1
2000020013,2000,1,4
2000020014,2000,5,3
2000020015,2000,2,0
2000020016,2000,3,1
2000020017,2000,1,5
2000020018,2000,1,3
2000020019,2000,3,3
2000020020,2000,1,2
2000020021,2000,3,5
2000020022,2000,1,1
2000020023,2000,4,1
2000020024,2000,4,5
2000020025,2000,1,3
2000020026,2000,1,5
2000020027,2000,4,2
2000020028,2000,1,3
2000020029,2000,1,7
2000020030,2000,5,2
2000020031,2000,5,2
2000020032,2000,1,3
2000020033,2000,3,2
2000020034,2000,6,5
2000020035,2000,3,1
2000020036,2000,3,3
2000020037,2000,3,4
2000020038,2000,3,3
2000020039,2000,2,3
2000020040,2000,4,4
2000020041,2000,0,4
2000020042,2000,4,1
2000020043,2000,2,3
2000020044,2000,2,5
2000020045,2000,2,1
2000020046,2000,3,1
2000020047,2000,3,2
2000020048,2000,2,2
2000020049,2000,2,0
2000020050,2000,3,1
2000020051,2000,3,2
2000020052,2000,5,0
2000020053,2000,0,4
2000020054,2000,5,4
2000020055,2000,4,2
2000020056,2000,0,2
2000020057,2000,8,6
2000020058,2000,3,0
2000020059,2000,2,1
2000020060,2000,3,1
2000020061,2000,4,0
2000020062,2000,6,3
2000020063,2000,5,2
2000020064,2000,5,2
2000020065,2000,2,4
2000020066,2000,2,1
2000020067,2000,3,5
2000020068,2000,5,6
2000020069,2000,3,4
2000020070,2000,5,2
2000020071,2000,4,3
2000020072,2000,3,4
2000020073,2000,1,6
2000020074,2000,3,4
2000020075,2000,3,3
2000020076,2000,2,1
2000020077,2000,1,1
2000020078,2000,6,1
2000020079,2000,2,3
2000020080,2000,1,5
2000020081,2000,2,4
2000020082,2000,2,1
2000020083,2000,6,5
2000020084,2000,4,1
2000020085,2000,2,1
2000020086,2000,3,3
2000020087,2000,3,3
2000020088,2000,5,2
2000020089,2000,1,2
2000020090,2000,7,1
2000020091,2000,1,4
2000020092,2000,2,2
2000020093,2000,3,5
2000020094,2000,1,5
2000020095,2000,1,3
2000020096,2000,5,1
2000020097,2000,3,2
2000020098,2000,5,2
2000020099,2000,6,6
2000020100,2000,7,2
2000020101,2000,3,4
2000020102,2000,5,2
2000020103,2000,4,4
2000020104,2000,5,4
2000020105,2000,1,0
2000020106,2000,4,3
2000020107,2000,3,5
2000020108,2000,1,2
2000020109,2000,2,3
2000020110,2000,2,4
2000020111,2000,1,2
2000020112,2000,0,0
2000020113,2000,3,3
2000020114,2000,4,5
2000020115,2000,2,2
2000020116,2000,4,5
2000020117,2000,2,3
2000020118,2000,4,4
2000020119,2000,2,2
2000020120,2000,4,1
2000020121,2000,6,1
2000020122,2000,2,3
2000020123,2000,1,2
2000020124,2000,5,1
2000020125,2000,1,3
2000020126,2000,2,6
2000020127,2000,2,1
2000020128,2000,1,3
2000020129,2000,6,2
2000020130,2000,4,1
2000020131,2000,3,0
2000020132,2000,0,2
2000020133,2000,4,3
2000020134,2000,2,1
2000020135,2000,2,1
2000020136,2000,1,4
2000020137,2000,3,3
2000020138,2000,0,6
2000020139,2000,3,1
2000020140,2000,2,4
2000020141,2000,3,3
2000020142,2000,3,1
2000020143,2000,1,1
2000020144,2000,3,2
2000020145,2000,1,2
2000020146,2000,1,2
2000020147,2000,0,9
2000020148,2000,3,1
2000020149,2000,4,1
2000020150,2000,1,3
2000020151,2000,4,3
2000020152,2000,4,2
2000020153,2000,3,1
2000020154,2000,2,2
2000020155,2000,5,1
2000020156,2000,1,1
2000020157,2000,1,4
2000020158,2000,2,3
2000020159,2000,3,6
2000020160,2000,0,4
2000020161,2000,5,3
2000020162,2000,4,3
2000020163,2000,4,2
2000020164,2000,6,2
2000020165,2000,6,5
2000020166,2000,4,1
2000020167,2000,2,4
2000020168,2000,2,4
2000020169,2000,1,1
2000020170,2000,6,1
2000020171,2000,0,3
2000020172,2000,4,0
2000020173,2000,3,2
2000020174,2000,4,3
2000020175,2000,1,1
2000020176,2000,3,2
2000020177,2000,5,4
2000020178,2000,5,3
2000020179,2000,6,5
2000020180,2000,1,3
2000020181,2000,2,5
2000020182,2000,2,0
2000020183,2000,5,4
2000020184,2000,4,3
2000020185,2000,1,6
2000020186,2000,5,3
2000020187,2000,3,0
2000020188,2000,2,4
2000020189,2000,2,2
2000020190,2000,3,8
2000020191,2000,2,5
2000020192,2000,2,2
2000020193,2000,1,2
2000020194,2000,3,0
2000020195,2000,2,3
2000020196,2000,0,0
2000020197,2000,3,3
2000020198,2000,1,1
2000020199,2000,4,1
2000020200,2000,7,1
2000020201,2000,1,4
2000020202,2000,5,2
2000020203,2000,2,4
2000020204,2000,4,2
2000020205,2000,2,3
2000020206,2000,2,2
2000020207,2000,2,3
2000020208,2000,2,1
2000020209,2000,4,3
2000020210,2000,2,0
2000020211,2000,3,3
2000020212,2000,5,0
2000020213,2000,3,4
2000020214,2000,5,2
2000020215,2000,2,4
2000020216,2000,2,3
2000020217,2000,0,1
2000020218,2000,2,4
2000020219,2000,2,7
2000020220,2000,2,1
2000020221,2000,3,0
2000020222,2000,2,0
2000020223,2000,3,5
2000020224,2000,5,2
2000020225,2000,3,3
2000020226,2000,2,0
2000020227,2000,2,4
2000020228,2000,3,1
2000020229,2000,3,1
2000020230,2000,3,3
2000020231,2000,2,5
2000020232,2000,2,2
2000020233,2000,3,3
2000020234,2000,0,4
2000020235,2000,0,4
2000020236,2000,4,3
2000020237,2000,5,2
2000020238,2000,3,4
2000020239,2000,2,1
2000020240,2000,2,0
2000020241,2000,3,1
2000020242,2000,2,5
2000020243,2000,2,2
2000020244,2000,0,2
2000020245,2000,2,2
2000020246,2000,4,0
2000020247,2000,4,5
2000020248,2000,2,3
2000020249,2000,3,2
2000020250,2000,1,4
2000020251,2000,3,2
2000020252,2000,0,1
2000020253,2000,2,3
2000020254,2000,2,2
2000020255,2000,3,2
2000020256,2000,3,0
2000020257,2000,4,2
2000020258,2000,2,2
2000020259,2000,1,2
2000020260,2000,1,4
2000020261,2000,1,0
2000020262,2000,4,1
2000020263,2000,2,3
2000020264,2000,0,3
2000020265,2000,2,3
2000020266,2000,0,1
2000020267,2000,4,3
2000020268,2000,1,5
2000020269,2000,2,5
2000020270,2000,6,3
2000020271,2000,5,1
2000020272,2000,3,1
2000020273,2000,2,2
2000020274,2000,4,3
2000020275,2000,2,3
2000020276,2000,0,1
2000020277,2000,0,3
2000020278,2000,3,3
2000020279,2000,4,3
2000020280,2000,1,6
2000020281,2000,1,6
2000020282,2000,5,2
2000020283,2000,3,2
2000020284,2000,5,3
2000020285,2000,3,1
2000020286,2000,4,1
2000020287,2000,3,2
2000020288,2000,4,5
2000020289,2000,2,6
2000020290,2000,6,4
2000020291,2000,5,3
2000020292,2000,1,6
2000020293,2000,2,0
2000020294,2000,2,1
2000020295,2000,6,3
2000020296,2000,6,2
2000020297,2000,1,4
2000020298,2000,2,1
2000020299,2000,1,3
2000020300,2000,3,4
2000020301,2000,1,4
2000020302,2000,1,3
2000020303,2000,4,3
2000020304,2000,3,4
2000020305,2000,1,3
2000020306,2000,3,2
2000020307,2000,8,2
2000020308,2000,4,5
2000020309,2000,0,1
2000020310,2000,1,1
2000020311,2000,5,2
2000020312,2000,2,5
2000020313,2000,4,1
2000020314,2000,3,5
2000020315,2000,0,6
2000020316,2000,1,6
2000020317,2000,1,3
2000020318,2000,3,2
2000020319,2000,0,1
2000020320,2000,1,0
2000020321,2000,2,1
2000020322,2000,3,2
2000020323,2000,3,0
2000020324,2000,0,4
2000020325,2000,2,0
2000020326,2000,2,2
2000020327,2000,2,4
2000020328,2000,3,5
2000020329,2000,3,4
2000020330,2000,2,2
2000020331,2000,2,1
2000020332,2000,2,1
2000020333,2000,2,4
2000020334,2000,5,1
2000020335,2000,3,2
2000020336,2000,3,2
2000020337,2000,2,3
2000020338,2000,4,4
2000020339,2000,3,2
2000020340,2000,1,2
2000020341,2000,4,7
2000020342,2000,4,2
2000020343,2000,3,2
2000020344,2000,7,4
2000020345,2000,5,6
2000020346,2000,3,1
2000020347,2000,3,1
2000020348,2000,7,6
2000020349,2000,6,1
2000020350,2000,4,1
2000020351,2000,4,1
2000020352,2000,5,6
2000020353,2000,5,2
2000020354,2000,4,1
2000020355,2000,4,6
2000020356,2000,1,2
2000020357,2000,3,4
2000020358,2000,3,4
2000020359,2000,2,1
2000020360,2000,2,3
2000020361,2000,4,6
2000020362,2000,2,0
2000020363,2000,0,3
2000020364,2000,3,4
2000020365,2000,2,0
2000020366,2000,3,2
2000020367,2000,4,6
2000020368,2000,0,0
2000020369,2000,3,2
2000020370,2000,5,3
2000020371,2000,1,3
2000020372,2000,1,2
2000020373,2000,4,2
2000020374,2000,0,2
2000020375,2000,8,2
2000020376,2000,5,3
2000020377,2000,2,3
2000020378,2000,3,0
2000020379,2000,1,2
2000020380,2000,5,2
2000020381,2000,1,1
2000020382,2000,5,2
2000020383,2000,2,5
2000020384,2000,3,2
2000020385,2000,1,1
2000020386,2000,3,6
2000020387,2000,0,2
2000020388,2000,5,0
2000020389,2000,3,3
2000020390,2000,4,0
2000020391,2000,4,4
2000020392,2000,5,4
2000020393,2000,0,8
2000020394,2000,6,3
2000020395,2000,2,3
2000020396,2000,2,4
2000020397,2000,6,1
2000020398,2000,1,0
2000020399,2000,5,2
2000020400,2000,3,2
2000020401,2000,6,3
2000020402,2000,2,3
2000020403,2000,3,5
2000020404,2000,1,4
2000020405,2000,0,3
2000020406,2000,5,2
2000020407,2000,4,0
2000020408,2000,1,1
2000020409,2000,2,2
2000020410,2000,2,4
2000020411,2000,2,1
2000020412,2000,3,0
2000020413,2000,5,2
2000020414,2000,1,0
2000020415,2000,5,2
2000020416,2000,4,3
2000020417,2000,0,2
2000020418,2000,5,1
2000020419,2000,3,2
2000020420,2000,0,1
2000020421,2000,1,6
2000020422,2000,6,4
2000020423,2000,5,1
2000020424,2000,2,4
2000020425,2000,2,3
2000020426,2000,2,5
2000020427,2000,2,4
2000020428,2000,6,4
2000020429,2000,7,2
2000020430,2000,2,4
2000020431,2000,5,2
2000020432,2000,3,4
2000020433,2000,1,6
2000020434,2000,1,2
2000020435,2000,1,2
2000020436,2000,1,1
2000020437,2000,0,1
2000020438,2000,4,0
2000020439,2000,2,2
2000020440,2000,0,3
2000020441,2000,2,3
2000020442,2000,2,2
2000020443,2000,3,2
2000020444,2000,1,3
2000020445,2000,4,7
2000020446,2000,3,1
2000020447,2000,3,3
2000020448,2000,5,2
2000020449,2000,1,1
2000020450,2000,3,3
2000020451,2000,5,4
2000020452,2000,4,2
2000020453,2000,2,1
2000020454,2000,2,6
2000020455,2000,3,2
2000020456,2000,5,5
2000020457,2000,2,1
2000020458,2000,2,1
2000020459,2000,3,2
2000020460,2000,1,4
2000020461,2000,5,3
2000020462,2000,3,6
2000020463,2000,4,1
2000020464,2000,3,5
2000020465,2000,6,4
2000020466,2000,4,1
2000020467,2000,3,2
2000020468,2000,5,6
2000020469,2000,4,4
2000020470,2000,6,0
2000020471,2000,6,3
2000020472,2000,4,0
2000020473,2000,2,2
2000020474,2000,0,3
2000020475,2000,4,3
2000020476,2000,1,2
2000020477,2000,3,4
2000020478,2000,6,0
2000020479,2000,3,1
2000020480,2000,0,2
2000020481,2000,6,3
2000020482,2000,3,5
2000020483,2000,4,3
2000020484,2000,4,4
2000020485,2000,2,1
2000020486,2000,0,3
2000020487,2000,6,7
2000020488,2000,1,3
2000020489,2000,4,1
2000020490,2000,3,6
2000020491,2000,2,2
2000020492,2000,2,2
2000020493,2000,0,2
2000020494,2000,2,2
2000020495,2000,3,2
2000020496,2000,4,2
2000020497,2000,2,4
2000020498,2000,4,0
2000020499,2000,1,3
2000020500,2000,4,2
2000020501,2000,1,3
2000020502,2000,4,3
2000020503,2000,1,1
2000020504,2000,3,3
2000020505,2000,6,4
2000020506,2000,5,2
2000020507,2000,0,2
2000020508,2000,2,1
2000020509,2000,4,3
2000020510,2000,1,1
2000020511,2000,5,1
2000020512,2000,1,2
2000020513,2000,5,2
2000020514,2000,2,5
2000020515,2000,2,3
2000020516,2000,5,7
2000020517,2000,2,3
2000020518,2000,2,1
2000020519,2000,2,8
2000020520,2000,5,3
2000020521,2000,1,5
2000020522,2000,5,2
2000020523,2000,3,2
2000020524,2000,3,5
2000020525,2000,5,3
2000020526,2000,3,2
2000020527,2000,5,0
2000020528,2000,5,2
2000020529,2000,1,2
2000020530,2000,1,5
2000020531,2000,2,2
2000020532,2000,2,5
2000020533,2000,5,0
2000020534,2000,4,3
2000020535,2000,2,5
2000020536,2000,3,5
2000020537,2000,1,1
2000020538,2000,3,1
2000020539,2000,3,2
2000020540,2000,3,2
2000020541,2000,1,4
2000020542,2000,4,3
2000020543,2000,2,5
2000020544,2000,2,2
2000020545,2000,2,2
2000020546,2000,2,0
2000020547,2000,4,2
2000020548,2000,5,2
2000020549,2000,3,0
2000020550,2000,3,1
2000020551,2000,3,2
2000020552,2000,1,4
2000020553,2000,2,2
2000020554,2000,3,1
2000020555,2000,5,0
2000020556,2000,0,2
2000020557,2000,5,3
2000020558,2000,6,3
2000020559,2000,1,1
2000020560,2000,1,4
2000020561,2000,2,1
2000020562,2000,3,2
2000020563,2000,3,6
2000020564,2000,2,1
2000020565,2000,2,3
2000020566,2000,2,1
2000020567,2000,3,6
2000020568,2000,6,1
2000020569,2000,3,2
2000020570,2000,5,4
2000020571,2000,3,4
2000020572,2000,4,2
2000020573,2000,5,2
2000020574,2000,2,5
2000020575,2000,2,3
2000020576,2000,3,1
2000020577,2000,1,1
2000020578,2000,0,3
2000020579,2000,6,2
2000020580,2000,1,1
2000020581,2000,3,2
2000020582,2000,3,2
2000020583,2000,5,2
2000020584,2000,6,0
2000020585,2000,1,1
2000020586,2000,3,2
2000020587,2000,0,1
2000020588,2000,8,3
2000020589,2000,4,2
2000020590,2000,4,2
2000020591,2000,2,4
2000020592,2000,2,2
2000020593,2000,3,1
2000020594,2000,3,4
2000020595,2000,3,3
2000020596,2000,3,4
2000020597,2000,1,1
2000020598,2000,4,6
2000020599,2000,1,2
2000020600,2000,3,2
2000020601,2000,4,4
2000020602,2000,0,4
2000020603,2000,2,3
2000020604,2000,4,3
2000020605,2000,1,2
2000020606,2000,5,5
2000020607,2000,2,2
2000020608,2000,2,2
2000020609,2000,5,1
2000020610,2000,0,2
2000020611,2000,4,3
2000020612,2000,5,0
2000020613,2000,3,1
2000020614,2000,5,1
2000020615,2000,5,2
2000020616,2000,4,3
2000020617,2000,7,4
2000020618,2000,4,2
2000020619,2000,1,2
2000020620,2000,3,5
2000020621,2000,1,2
2000020622,2000,2,1
2000020623,2000,5,2
2000020624,2000,3,6
2000020625,2000,7,3
2000020626,2000,2,2
2000020627,2000,2,1
2000020628,2000,1,3
2000020629,2000,1,2
2000020630,2000,4,3
2000020631,2000,2,3
2000020632,2000,2,4
2000020633,2000,3,0
2000020634,2000,2,5
2000020635,2000,1,5
2000020636,2000,2,4
2000020637,2000,2,1
2000020638,2000,3,2
2000020639,2000,6,3
2000020640,2000,3,2
2000020641,2000,4,3
2000020642,2000,0,3
2000020643,2000,0,3
2000020644,2000,2,2
2000020645,2000,1,3
2000020646,2000,2,3
2000020647,2000,0,5
2000020648,2000,2,3
2000020649,2000,0,4
2000020650,2000,4,1
2000020651,2000,5,2
2000020652,2000,4,4
2000020653,2000,6,5
2000020654,2000,4,1
2000020655,2000,1,4
2000020656,2000,2,5
2000020657,2000,2,4
2000020658,2000,3,5
2000020659,2000,4,2
2000020660,2000,4,0
2000020661,2000,2,3
2000020662,2000,2,2
2000020663,2000,4,1
2000020664,2000,5,1
2000020665,2000,3,2
2000020666,2000,2,0
2000020667,2000,3,0
2000020668,2000,3,1
2000020669,2000,2,3
2000020670,2000,3,1
2000020671,2000,2,3
2000020672,2000,6,7
2000020673,2000,4,5
2000020674,2000,4,3
2000020675,2000,1,2
2000020676,2000,4,1
2000020677,2000,2,4
2000020678,2000,1,2
2000020679,2000,2,5
2000020680,2000,5,0
2000020681,2000,4,3
2000020682,2000,3,2
2000020683,2000,5,4
2000020684,2000,4,4
2000020685,2000,3,1
2000020686,2000,5,4
2000020687,2000,2,1
2000020688,2000,1,7
2000020689,2000,4,2
2000020690,2000,4,1
2000020691,2000,7,3
2000020692,2000,1,0
2000020693,2000,3,1
2000020694,2000,6,5
2000020695,2000,1,0
2000020696,2000,3,2
2000020697,2000,3,4
2000020698,2000,2,0
2000020699,2000,2,2
2000020700,2000,3,0
2000020701,2000,3,2
2000020702,2000,5,3
2000020703,2000,3,6
2000020704,2000,3,0
2000020705,2000,2,1
2000020706,2000,1,2
2000020707,2000,4,4
2000020708,2000,3,1
2000020709,2000,0,4
2000020710,2000,3,1
2000020711,2000,2,4
2000020712,2000,4,2
2000020713,2000,5,2
2000020714,2000,2,4
2000020715,2000,2,3
2000020716,2000,3,0
2000020717,2000,2,5
2000020718,2000,2,1
2000020719,2000,2,2
2000020720,2000,1,2
2000020721,2000,2,5
2000020722,2000,2,3
2000020723,2000,2,5
2000020724,2000,4,3
2000020725,2000,2,4
2000020726,2000,1,2
2000020727,2000,2,3
2000020728,2000,3,1
2000020729,2000,2,1
2000020730,2000,4,3
2000020731,2000,1,4
2000020732,2000,6,2
2000020733,2000,0,5
2000020734,2000,6,1
2000020735,2000,1,2
2000020736,2000,2,5
2000020737,2000,1,5
2000020738,2000,4,3
2000020739,2000,0,3
2000020740,2000,1,2
2000020741,2000,2,3
2000020742,2000,4,5
2000020743,2000,3,2
2000020744,2000,1,2
2000020745,2000,5,2
2000020746,2000,1,1
2000020747,2000,4,3
2000020748,2000,3,1
2000020749,2000,4,2
2000020750,2000,1,2
2000020751,2000,5,1
2000020752,2000,3,4
2000020753,2000,3,2
2000020754,2000,2,1
2000020755,2000,3,4
2000020756,2000,1,5
2000020757,2000,3,5
2000020758,2000,1,4
2000020759,2000,4,1
2000020760,2000,4,2
2000020761,2000,2,6
2000020762,2000,2,7
2000020763,2000,5,2
2000020764,2000,2,5
2000020765,2000,5,1
2000020766,2000,3,1
2000020767,2000,1,1
2000020768,2000,3,6
2000020769,2000,4,3
2000020770,2000,3,5
2000020771,2000,3,2
2000020772,2000,8,0
2000020773,2000,1,3
2000020774,2000,3,2
2000020775,2000,4,2
2000020776,2000,1,5
2000020777,2000,3,4
2000020778,2000,5,2
2000020779,2000,2,3
2000020780,2000,3,2
2000020781,2000,0,3
2000020782,2000,0,3
2000020783,2000,2,0
2000020784,2000,5,4
2000020785,2000,1,3
2000020786,2000,4,2
2000020787,2000,2,2
2000020788,2000,5,3
2000020789,2000,5,3
2000020790,2000,2,4
2000020791,2000,4,6
2000020792,2000,2,4
2000020793,2000,4,3
2000020794,2000,0,4
2000020795,2000,3,6
2000020796,2000,2,4
2000020797,2000,4,2
2000020798,2000,2,2
2000020799,2000,1,1
2000020800,2000,3,3
2000020801,2000,2,1
2000020802,2000,7,1
2000020803,2000,9,4
2000020804,2000,2,1
2000020805,2000,3,2
2000020806,2000,1,3
2000020807,2000,1,2
2000020808,2000,2,3
2000020809,2000,4,4
2000020810,2000,2,1
2000020811,2000,4,1
2000020812,2000,3,1
2000020813,2000,0,0
2000020814,2000,4,2
2000020815,2000,2,5
2000020816,2000,5,1
2000020817,2000,2,4
2000020818,2000,1,2
2000020819,2000,3,5
2000020820,2000,2,0
2000020821,2000,3,4
2000020822,2000,6,2
2000020823,2000,3,3
2000020824,2000,5,3
2000020825,2000,1,2
2000020826,2000,5,4
2000020827,2000,3,7
2000020828,2000,3,2
2000020829,2000,3,4
2000020830,2000,1,4
2000020831,2000,3,4
2000020832,2000,3,2
2000020833,2000,3,4
2000020834,2000,1,1
2000020835,2000,3,3
2000020836,2000,4,2
2000020837,2000,3,2
2000020838,2000,2,2
2000020839,2000,3,1
2000020840,2000,3,4
2000020841,2000,3,6
2000020842,2000,2,3
2000020843,2000,5,4
2000020844,2000,2,5
2000020845,2000,1,2
2000020846,2000,4,4
2000020847,2000,2,2
2000020848,2000,2,3
2000020849,2000,1,3
2000020850,2000,2,1
2000020851,2000,4,3
2000020852,2000,4,3
2000020853,2000,0,7
2000020854,2000,4,2
2000020855,2000,3,4
2000020856,2000,3,3
2000020857,2000,3,1
2000020858,2000,4,1
2000020859,2000,5,2
2000020860,2000,3,6
2000020861,2000,4,1
2000020862,2000,4,4
2000020863,2000,0,2
2000020864,2000,2,1
2000020865,2000,4,2
2000020866,2000,6,2
2000020867,2000,3,2
2000020868,2000,0,2
2000020869,2000,0,4
2000020870,2000,2,4
2000020871,2000,5,1
2000020872,2000,5,5
2000020873,2000,3,6
2000020874,2000,5,1
2000020875,2000,4,5
2000020876,2000,2,3
2000020877,2000,5,6
2000020878,2000,4,0
2000020879,2000,5,4
2000020880,2000,3,0
2000020881,2000,1,2
2000020882,2000,3,2
2000020883,2000,3,1
2000020884,2000,3,2
2000020885,2000,1,4
2000020886,2000,2,0
2000020887,2000,0,2
2000020888,2000,4,2
2000020889,2000,4,0
2000020890,2000,1,5
2000020891,2000,3,0
2000020892,2000,6,2
2000020893,2000,3,2
2000020894,2000,3,3
2000020895,2000,5,0
2000020896,2000,3,2
2000020897,2000,1,2
2000020898,2000,3,2
2000020899,2000,2,1
2000020900,2000,6,3
2000020901,2000,3,7
2000020902,2000,6,2
2000020903,2000,8,2
2000020904,2000,3,2
2000020905,2000,1,0
2000020906,2000,4,1
2000020907,2000,4,2
2000020908,2000,0,1
2000020909,2000,4,3
2000020910,2000,0,2
2000020911,2000,3,7
2000020912,2000,6,4
2000020913,2000,3,1
2000020914,2000,3,2
2000020915,2000,4,2
2000020916,2000,1,0
2000020917,2000,5,4
2000020918,2000,4,1
2000020919,2000,3,1
2000020920,2000,5,1
2000020921,2000,3,0
2000020922,2000,5,4
2000020923,2000,0,0
2000020924,2000,1,2
2000020925,2000,3,2
2000020926,2000,2,1
2000020927,2000,1,3
2000020928,2000,3,1
2000020929,2000,5,4
2000020930,2000,2,1
2000020931,2000,6,1
2000020932,2000,6,3
2000020933,2000,6,4
2000020934,2000,5,2
2000020935,2000,3,2
2000020936,2000,2,5
2000020937,2000,5,3
2000020938,2000,2,3
2000020939,2000,7,2
2000020940,2000,2,5
2000020941,2000,3,2
2000020942,2000,7,4
2000020943,2000,1,4
2000020944,2000,1,4
2000020945,2000,2,3
2000020946,2000,2,3
2000020947,2000,1,1
2000020948,2000,1,2
2000020949,2000,2,1
2000020950,2000,4,2
2000020951,2000,4,2
2000020952,2000,5,2
2000020953,2000,5,3
2000020954,2000,5,4
2000020955,2000,1,3
2000020956,2000,3,1
2000020957,2000,8,4
2000020958,2000,1,3
2000020959,2000,2,0
2000020960,2000,2,3
2000020961,2000,2,2
2000020962,2000,2,5
2000020963,2000,1,1
2000020964,2000,7,3
2000020965,2000,5,7
2000020966,2000,3,4
2000020967,2000,3,1
2000020968,2000,3,2
2000020969,2000,2,2
2000020970,2000,2,5
2000020971,2000,3,2
2000020972,2000,2,3
2000020973,2000,3,1
2000020974,2000,0,6
2000020975,2000,4,3
2000020976,2000,2,2
2000020977,2000,2,3
2000020978,2000,3,2
2000020979,2000,6,3
2000020980,2000,6,0
2000020981,2000,3,6
2000020982,2000,4,1
2000020983,2000,5,2
2000020984,2000,3,4
2000020985,2000,0,5
2000020986,2000,4,0
2000020987,2000,2,5
2000020988,2000,6,4
2000020989,2000,1,3
2000020990,2000,3,2
2000020991,2000,1,5
2000020992,2000,2,4
2000020993,2000,2,1
2000020994,2000,3,3
2000020995,2000,1,3
2000020996,2000,3,4
2000020997,2000,5,1
2000020998,2000,4,3
2000020999,2000,3,4
2000021000,2000,2,1
2000021001,2000,3,3
2000021002,2000,1,4
2000021003,2000,4,0
2000021004,2000,4,2
2000021005,2000,3,5
2000021006,2000,6,2
2000021007,2000,5,2
2000021008,2000,3,5
2000021009,2000,1,0
2000021010,2000,2,5
2000021011,2000,3,2
2000021012,2000,4,1
2000021013,2000,0,4
2000021014,2000,1,4
2000021015,2000,5,3
2000021016,2000,6,7
2000021017,2000,3,1
2000021018,2000,5,7
2000021019,2000,2,3
2000021020,2000,2,3
2000021021,2000,6,3
2000021022,2000,4,1
2000021023,2000,2,2
2000021024,2000,3,2
2000021025,2000,3,3
2000021026,2000,3,3
2000021027,2000,2,2
2000021028,2000,0,3
2000021029,2000,1,4
2000021030,2000,6,5
2000021031,2000,2,3
2000021032,2000,3,3
2000021033,2000,2,3
2000021034,2000,3,2
2000021035,2000,1,0
2000021036,2000,3,3
2000021037,2000,3,0
2000021038,2000,5,2
2000021039,2000,0,2
2000021040,2000,4,5
2000021041,2000,2,2
2000021042,2000,0,3
2000021043,2000,3,6
2000021044,2000,6,3
2000021045,2000,3,2
2000021046,2000,8,1
2000021047,2000,1,3
2000021048,2000,3,6
2000021049,2000,2,2
2000021050,2000,3,0
2000021051,2000,0,1
2000021052,2000,2,3
2000021053,2000,1,4
2000021054,2000,2,2
2000021055,2000,3,0
2000021056,2000,0,3
2000021057,2000,3,2
2000021058,2000,5,2
2000021059,2000,3,2
2000021060,2000,4,2
2000021061,2000,4,1
2000021062,2000,0,3
2000021063,2000,3,6
2000021064,2000,1,1
2000021065,2000,2,3
2000021066,2000,2,1
2000021067,2000,2,3
2000021068,2000,5,1
2000021069,2000,3,5
2000021070,2000,3,3
2000021071,2000,4,1
2000021072,2000,5,3
2000021073,2000,2,2
2000021074,2000,5,6
2000021075,2000,1,0
2000021076,2000,2,1
2000021077,2000,3,5
2000021078,2000,1,4
2000021079,2000,5,1
2000021080,2000,4,3
2000021081,2000,4,6
2000021082,2000,6,3
2000021083,2000,1,2
2000021084,2000,1,4
2000021085,2000,2,4
2000021086,2000,2,4
2000021087,2000,6,2
2000021088,2000,3,0
2000021089,2000,3,3
2000021090,2000,2,2
2000021091,2000,3,4
2000021092,2000,4,1
2000021093,2000,1,3
2000021094,2000,4,0
2000021095,2000,1,0
2000021096,2000,3,4
2000021097,2000,1,1
2000021098,2000,8,0
2000021099,2000,0,0
2000021100,2000,2,5
2000021101,2000,0,7
2000021102,2000,3,2
2000021103,2000,0,2
2000021104,2000,4,2
2000021105,2000,1,2
2000021106,2000,1,3
2000021107,2000,3,1
2000021108,2000,1,2
2000021109,2000,4,0
2000021110,2000,5,3
2000021111,2000,4,1
2000021112,2000,2,1
2000021113,2000,2,4
2000021114,2000,3,1
2000021115,2000,5,3
2000021116,2000,2,3
2000021117,2000,0,6
2000021118,2000,2,3
2000021119,2000,6,4
2000021120,2000,5,1
2000021121,2000,0,4
2000021122,2000,7,4
2000021123,2000,3,3
2000021124,2000,2,4
2000021125,2000,2,3
2000021126,2000,1,3
2000021127,2000,1,1
2000021128,2000,2,2
2000021129,2000,2,2
2000021130,2000,3,3
2000021131,2000,2,4
2000021132,2000,0,4
2000021133,2000,4,2
2000021134,2000,0,0
2000021135,2000,4,1
2000021136,2000,1,7
2000021137,2000,3,0
2000021138,2000,3,2
2000021139,2000,0,3
2000021140,2000,4,2
2000021141,2000,7,0
2000021142,2000,2,4
2000021143,2000,2,2
2000021144,2000,5,2
2000021145,2000,2,5
2000021146,2000,0,2
2000021147,2000,4,1
2000021148,2000,1,3
2000021149,2000,4,6
2000021150,2000,1,2
2000021151,2000,5,2
2000021152,2000,2,6
2000021153,2000,4,3
2000021154,2000,0,1
2000021155,2000,3,0
2000021156,2000,7,4
2000021157,2000,4,0
2000021158,2000,5,4
2000021159,2000,4,3
2000021160,2000,2,4
2000021161,2000,4,5
2000021162,2000,2,2
2000021163,2000,4,2
2000021164,2000,4,1
2000021165,2000,3,4
2000021166,2000,1,0
2000021167,2000,5,3
2000021168,2000,4,1
2000021169,2000,0,2
2000021170,2000,3,1
2000021171,2000,4,0
2000021172,2000,2,3
2000021173,2000,2,4
2000021174,2000,2,4
2000021175,2000,2,1
2000021176,2000,2,1
2000021177,2000,3,3
2000021178,2000,2,1
2000021179,2000,3,2
2000021180,2000,4,1
2000021181,2000,3,5
2000021182,2000,4,4
2000021183,2000,5,3
2000021184,2000,3,1
2000021185,2000,4,2
2000021186,2000,1,2
2000021187,2000,4,6
2000021188,2000,5,2
2000021189,2000,2,1
2000021190,2000,2,2
2000021191,2000,2,2
2000021192,2000,2,3
2000021193,2000,4,2
2000021194,2000,1,3
2000021195,2000,4,2
2000021196,2000,2,5
2000021197,2000,5,1
2000021198,2000,1,1
2000021199,2000,2,2
2000021200,2000,3,2
2000021201,2000,3,0
2000021202,2000,3,4
2000021203,2000,4,0
2000021204,2000,4,1
2000021205,2000,4,0
2000021206,2000,3,2
2000021207,2000,3,0
2000021208,2000,2,1
2000021209,2000,5,2
2000021210,2000,3,4
2000021211,2000,3,2
2000021212,2000,0,1
2000021213,2000,3,2
2000021214,2000,2,5
2000021215,2000,4,2
2000021216,2000,0,2
2000021217,2000,5,3
2000021218,2000,4,3
2000021219,2000,3,0
2000021220,2000,4,3
2000021221,2000,1,0
2000021222,2000,2,3
2000021223,2000,2,4
2000021224,2000,4,5
2000021225,2000,1,2
2000021226,2000,2,1
2000021227,2000,4,6
2000021228,2000,4,3
2000021229,2000,2,4
2000021230,2000,1,4
2001020001,2001,4,5
2001020002,2001,1,3
2001020003,2001,1,0
2001020004,2001,4,2
2001020005,2001,1,2
2001020006,2001,4,6
2001020007,2001,5,2
2001020008,2001,3,3
2001020009,2001,4,5
2001020010,2001,2,2
2001020011,2001,3,4
2001020012,2001,3,1
2001020013,2001,2,3
2001020014,2001,4,1
2001020015,2001,4,3
2001020016,2001,3,2
2001020017,2001,2,2
2001020018,2001,3,3
2001020019,2001,2,4
2001020020,2001,6,1
2001020021,2001,0,3
2001020022,2001,2,2
2001020023,2001,4,0
2001020024,2001,6,2
2001020025,2001,1,4
2001020026,2001,0,0
2001020027,2001,5,4
2001020028,2001,3,0
2001020029,2001,0,5
2001020030,2001,3,4
2001020031,2001,4,0
2001020032,2001,6,1
2001020033,2001,2,2
2001020034,2001,1,2
2001020035,2001,3,1
2001020036,2001,2,6
2001020037,2001,2,1
2001020038,2001,5,4
2001020039,2001,1,0
2001020040,2001,2,1
2001020041,2001,2,5
2001020042,2001,3,6
2001020043,2001,0,2
2001020044,2001,2,4
2001020045,2001,2,1
2001020046,2001,4,6
2001020047,2001,2,3
2001020048,2001,3,0
2001020049,2001,5,6
2001020050,2001,1,4
2001020051,2001,1,0
2001020052,2001,5,3
2001020053,2001,4,3
2001020054,2001,4,2
2001020055,2001,1,3
2001020056,2001,6,4
2001020057,2001,2,1
2001020058,2001,2,5
2001020059,2001,3,1
2001020060,2001,2,2
2001020061,2001,4,5
2001020062,2001,2,5
2001020063,2001,2,5
2001020064,2001,3,4
2001020065,2001,3,4
2001020066,2001,4,0
2001020067,2001,5,2
2001020068,2001,0,1
2001020069,2001,3,2
2001020070,2001,4,1
2001020071,2001,2,2
2001020072,2001,3,3
2001020073,2001,2,3
2001020074,2001,1,2
2001020075,2001,3,3
2001020076,2001,5,2
2001020077,2001,3,3
2001020078,2001,4,3
2001020079,2001,3,3
2001020080,2001,2,1
2001020081,2001,1,4
2001020082,2001,2,2
2001020083,2001,1,1
2001020084,2001,2,3
2001020085,2001,4,3
2001020086,2001,0,4
2001020087,2001,2,2
2001020088,2001,2,2
2001020089,2001,0,3
2001020090,2001,6,1
2001020091,2001,2,1
2001020092,2001,3,2
2001020093,2001,3,1
2001020094,2001,3,5
2001020095,2001,1,4
2001020096,2001,3,1
2001020097,2001,5,6
2001020098,2001,4,1
2001020099,2001,1,3
2001020100,2001,4,1
2001020101,2001,3,4
2001020102,2001,2,3
2001020103,2001,1,3
2001020104,2001,3,2
2001020105,2001,2,2
2001020106,2001,6,3
2001020107,2001,2,1
2001020108,2001,5,2
2001020109,2001,3,2
2001020110,2001,0,5
2001020111,2001,2,1
2001020112,2001,2,2
2001020113,2001,1,2
2001020114,2001,4,1
2001020115,2001,6,2
2001020116,2001,5,2
2001020117,2001,4,2
2001020118,2001,3,1
2001020119,2001,1,5
2001020120,2001,2,3
2001020121,2001,2,4
2001020122,2001,4,1
2001020123,2001,2,0
2001020124,2001,1,2
2001020125,2001,2,4
2001020126,2001,1,1
2001020127,2001,1,7
2001020128,2001,6,3
2001020129,2001,5,1
2001020130,2001,4,2
2001020131,2001,3,2
2001020132,2001,3,4
2001020133,2001,4,1
2001020134,2001,3,7
2001020135,2001,2,3
2001020136,2001,2,1
2001020137,2001,2,7
2001020138,2001,3,0
2001020139,2001,2,5
2001020140,2001,4,2
2001020141,2001,5,1
2001020142,2001,4,1
2001020143,2001,4,5
2001020144,2001,2,5
2001020145,2001,2,3
2001020146,2001,1,0
2001020147,2001,3,2
2001020148,2001,3,5
2001020149,2001,1,2
2001020150,2001,4,0
2001020151,2001,1,5
2001020152,2001,4,1
2001020153,2001,3,1
2001020154,2001,4,3
2001020155,2001,0,1
2001020156,2001,4,2
2001020157,2001,3,2
2001020158,2001,1,0
2001020159,2001,2,0
2001020160,2001,3,2
2001020161,2001,2,2
2001020162,2001,3,2
2001020163,2001,3,3
2001020164,2001,2,3
2001020165,2001,4,2
2001020166,2001,3,4
2001020167,2001,2,3
2001020168,2001,3,2
2001020169,2001,3,2
2001020170,2001,0,3
2001020171,2001,2,5
2001020172,2001,3,6
2001020173,2001,5,1
2001020174,2001,2,4
2001020175,2001,3,1
2001020176,2001,3,1
2001020177,2001,1,3
2001020178,2001,3,0
2001020179,2001,3,4
2001020180,2001,4,6
2001020181,2001,0,1
2001020182,2001,2,4
2001020183,2001,5,2
2001020184,2001,3,1
2001020185,2001,4,3
2001020186,2001,2,1
2001020187,2001,4,0
2001020188,2001,2,3
2001020189,2001,5,2
2001020190,2001,4,1
2001020191,2001,2,2
2001020192,2001,3,2
2001020193,2001,2,1
2001020194,2001,3,0
2001020195,2001,4,2
2001020196,2001,1,2
2001020197,2001,5,2
2001020198,2001,4,1
2001020199,2001,3,0
2001020200,2001,1,2
2001020201,2001,1,2
2001020202,2001,2,1
2001020203,2001,3,5
2001020204,2001,4,1
2001020205,2001,4,1
2001020206,2001,6,2
2001020207,2001,4,1
2001020208,2001,5,1
2001020209,2001,1,0
2001020210,2001,5,4
2001020211,2001,0,2
2001020212,2001,5,0
2001020213,2001,1,0
2001020214,2001,4,2
2001020215,2001,1,1
2001020216,2001,3,0
2001020217,2001,3,1
2001020218,2001,2,2
2001020219,2001,2,3
2001020220,2001,2,1
2001020221,2001,1,4
2001020222,2001,3,2
2001020223,2001,2,0
2001020224,2001,2,2
2001020225,2001,1,3
2001020226,2001,3,3
2001020227,2001,3,5
2001020228,2001,8,0
2001020229,2001,3,1
2001020230,2001,1,0
2001020231,2001,2,6
2001020232,2001,2,3
2001020233,2001,1,2
2001020234,2001,3,1
2001020235,2001,2,3
2001020236,2001,3,2
2001020237,2001,3,2
2001020238,2001,0,3
2001020239,2001,3,1
2001020240,2001,1,5
2001020241,2001,0,1
2001020242,2001,1,5
2001020243,2001,2,4
2001020244,2001,1,1
2001020245,2001,3,2
2001020246,2001,3,2
2001020247,2001,3,0
2001020248,2001,3,2
2001020249,2001,2,3
2001020250,2001,4,1
2001020251,2001,2,0
2001020252,2001,3,2
2001020253,2001,3,2
2001020254,2001,1,1
2001020255,2001,3,2
2001020256,2001,0,5
2001020257,2001,2,2
2001020258,2001,3,5
2001020259,2001,5,3
2001020260,2001,1,5
2001020261,2001,5,11
2001020262,2001,4,3
2001020263,2001,3,2
2001020264,2001,4,1
2001020265,2001,4,2
2001020266,2001,3,2
2001020267,2001,4,5
2001020268,2001,4,2
2001020269,2001,3,3
2001020270,2001,2,3
2001020271,2001,1,0
2001020272,2001,2,4
2001020273,2001,5,4
2001020274,2001,1,1
2001020275,2001,5,0
2001020276,2001,2,3
2001020277,2001,2,2
2001020278,2001,2,1
2001020279,2001,5,3
2001020280,2001,3,4
2001020281,2001,0,2
2001020282,2001,4,4
2001020283,2001,8,3
2001020284,2001,3,2
2001020285,2001,1,0
2001020286,2001,7,1
2001020287,2001,3,1
2001020288,2001,1,0
2001020289,2001,2,1
2001020290,2001,1,3
2001020291,2001,1,0
2001020292,2001,4,1
2001020293,2001,2,0
2001020294,2001,4,2
2001020295,2001,3,2
2001020296,2001,2,0
2001020297,2001,2,2
2001020298,2001,6,1
2001020299,2001,2,3
2001020300,2001,0,2
2001020301,2001,6,2
2001020302,2001,2,2
2001020303,2001,5,1
2001020304,2001,5,2
2001020305,2001,3,2
2001020306,2001,2,3
2001020307,2001,3,2
2001020308,2001,3,0
2001020309,2001,5,3
2001020310,2001,3,3
2001020311,2001,3,2
2001020312,2001,6,3
2001020313,2001,5,5
2001020314,2001,2,0
2001020315,2001,2,1
2001020316,2001,4,2
2001020317,2001,5,4
2001020318,2001,1,4
2001020319,2001,3,2
2001020320,2001,6,0
2001020321,2001,0,1
2001020322,2001,4,4
2001020323,2001,4,3
2001020324,2001,0,2
2001020325,2001,4,4
2001020326,2001,2,5
2001020327,2001,2,4
2001020328,2001,3,2
2001020329,2001,5,2
2001020330,2001,3,1
2001020331,2001,6,2
2001020332,2001,2,0
2001020333,2001,3,1
2001020334,2001,2,2
2001020335,2001,3,3
2001020336,2001,5,0
2001020337,2001,5,2
2001020338,2001,2,0
2001020339,2001,5,3
2001020340,2001,3,6
2001020341,2001,5,3
2001020342,2001,3,1
2001020343,2001,1,5
2001020344,2001,5,3
2001020345,2001,2,0
2001020346,2001,3,1
2001020347,2001,2,3
2001020348,2001,1,4
2001020349,2001,0,4
2001020350,2001,4,4
2001020351,2001,4,3
2001020352,2001,3,4
2001020353,2001,6,3
2001020354,2001,2,2
2001020355,2001,2,5
2001020356,2001,5,1
2001020357,2001,5,5
2001020358,2001,6,0
2001020359,2001,4,2
2001020360,2001,3,0
2001020361,2001,4,2
2001020362,2001,2,1
2001020363,2001,4,1
2001020364,2001,3,2
2001020365,2001,5,0
2001020366,2001,2,5
2001020367,2001,3,3
2001020368,2001,0,2
2001020369,2001,1,1
2001020370,2001,2,3
2001020371,2001,5,2
2001020372,2001,1,3
2001020373,2001,6,0
2001020374,2001,0,3
2001020375,2001,1,0
2001020376,2001,1,3
2001020377,2001,5,0
2001020378,2001,6,2
2001020379,2001,4,2
2001020380,2001,1,2
2001020381,2001,2,5
2001020382,2001,2,5
2001020383,2001,4,1
2001020384,2001,1,3
2001020385,2001,2,1
2001020386,2001,4,1
2001020387,2001,2,4
2001020388,2001,2,0
2001020389,2001,2,5
2001020390,2001,4,3
2001020391,2001,2,2
2001020392,2001,4,6
2001020393,2001,5,2
2001020394,2001,4,2
2001020395,2001,1,0
2001020396,2001,3,4
2001020397,2001,4,4
2001020398,2001,2,4
2001020399,2001,4,2
2001020400,2001,2,3
2001020401,2001,4,2
2001020402,2001,0,2
2001020403,2001,0,1
2001020404,2001,1,1
2001020405,2001,2,3
2001020406,2001,5,2
2001020407,2001,2,4
2001020408,2001,2,3
2001020409,2001,2,2
2001020410,2001,1,2
2001020411,2001,2,0
2001020412,2001,1,4
2001020413,2001,4,2
2001020414,2001,3,6
2001020415,2001,3,2
2001020416,2001,3,0
2001020417,2001,1,4
2001020418,2001,3,6
2001020419,2001,0,2
2001020420,2001,3,3
2001020421,2001,1,0
2001020422,2001,4,2
2001020423,2001,1,3
2001020424,2001,3,2
2001020425,2001,1,1
2001020426,2001,1,4
2001020427,2001,1,1
2001020428,2001,4,3
2001020429,2001,5,0
2001020430,2001,4,2
2001020431,2001,4,3
2001020432,2001,3,3
2001020433,2001,5,2
2001020434,2001,3,1
2001020435,2001,5,1
2001020436,2001,6,3
2001020437,2001,2,3
2001020438,2001,0,2
2001020439,2001,2,0
2001020440,2001,2,2
2001020441,2001,0,4
2001020442,2001,3,5
2001020443,2001,2,5
2001020444,2001,4,0
2001020445,2001,3,4
2001020446,2001,1,3
2001020447,2001,3,1
2001020448,2001,1,1
2001020449,2001,2,0
2001020450,2001,1,1
2001020451,2001,6,3
2001020452,2001,2,2
2001020453,2001,2,2
2001020454,2001,1,1
2001020455,2001,5,4
2001020456,2001,3,2
2001020457,2001,2,4
2001020458,2001,2,4
2001020459,2001,4,1
2001020460,2001,3,3
2001020461,2001,2,2
2001020462,2001,4,3
2001020463,2001,5,1
2001020464,2001,1,3
2001020465,2001,0,1
2001020466,2001,6,0
2001020467,2001,2,3
2001020468,2001,2,1
2001020469,2001,3,4
2001020470,2001,1,2
2001020471,2001,6,3
2001020472,2001,3,2
2001020473,2001,2,3
2001020474,2001,2,5
2001020475,2001,1,3
2001020476,2001,3,4
2001020477,2001,0,3
2001020478,2001,2,1
2001020479,2001,2,3
2001020480,2001,2,5
2001020481,2001,6,4
2001020482,2001,0,2
2001020483,2001,1,3
2001020484,2001,4,2
2001020485,2001,5,2
2001020486,2001,4,0
2001020487,2001,5,2
2001020488,2001,3,0
2001020489,2001,2,6
2001020490,2001,3,2
2001020491,2001,2,3
2001020492,2001,0,7
2001020493,2001,2,3
2001020494,2001,2,3
2001020495,2001,3,4
2001020496,2001,4,2
2001020497,2001,0,2
2001020498,2001,1,4
2001020499,2001,4,1
2001020500,2001,2,3
2001020501,2001,1,3
2001020502,2001,4,1
2001020503,2001,6,3
2001020504,2001,1,5
2001020505,2001,1,5
2001020506,2001,5,6
2001020507,2001,2,2
2001020508,2001,1,3
2001020509,2001,2,4
2001020510,2001,5,2
2001020511,2001,4,1
2001020512,2001,2,1
2001020513,2001,6,3
2001020514,2001,5,0
2001020515,2001,2,4
2001020516,2001,3,3
2001020517,2001,2,1
2001020518,2001,6,2
2001020519,2001,3,3
2001020520,2001,1,2
2001020521,2001,4,3
2001020522,2001,5,4
2001020523,2001,4,3
2001020524,2001,3,0
2001020525,2001,5,1
2001020526,2001,2,2
2001020527,2001,2,1
2001020528,2001,3,2
2001020529,2001,2,1
2001020530,2001,0,1
2001020531,2001,2,4
2001020532,2001,4,3
2001020533,2001,4,4
2001020534,2001,0,2
2001020535,2001,2,4
2001020536,2001,1,1
2001020537,2001,1,2
2001020538,2001,3,2
2001020539,2001,1,4
2001020540,2001,0,5
2001020541,2001,6,3
2001020542,2001,0,4
2001020543,2001,3,2
2001020544,2001,3,1
2001020545,2001,4,0
2001020546,2001,1,4
2001020547,2001,4,3
2001020548,2001,3,3
2001020549,2001,1,3
2001020550,2001,0,2
2001020551,2001,0,1
2001020552,2001,3,3
2001020553,2001,3,2
2001020554,2001,1,1
2001020555,2001,1,2
2001020556,2001,5,2
2001020557,2001,2,3
2001020558,2001,5,1
2001020559,2001,3,1
2001020560,2001,4,2
2001020561,2001,2,2
2001020562,2001,5,4
2001020563,2001,1,7
2001020564,2001,3,0
2001020565,2001,2,3
2001020566,2001,3,2
2001020567,2001,4,2
2001020568,2001,3,5
2001020569,2001,6,5
2001020570,2001,2,5
2001020571,2001,4,5
2001020572,2001,4,2
2001020573,2001,2,2
2001020574,2001,3,2
2001020575,2001,2,5
2001020576,2001,4,3
2001020577,2001,4,2
2001020578,2001,4,5
2001020579,2001,5,5
2001020580,2001,2,1
2001020581,2001,7,2
2001020582,2001,1,2
2001020583,2001,2,4
2001020584,2001,4,5
2001020585,2001,4,5
2001020586,2001,1,4
2001020587,2001,4,3
2001020588,2001,4,2
2001020589,2001,3,1
2001020590,2001,2,1
2001020591,2001,2,2
2001020592,2001,1,2
2001020593,2001,5,0
2001020594,2001,2,1
2001020595,2001,3,2
2001020596,2001,4,4
2001020597,2001,3,6
2001020598,2001,5,3
2001020599,2001,2,1
2001020600,2001,2,0
2001020601,2001,4,1
2001020602,2001,3,1
2001020603,2001,5,2
2001020604,2001,1,2
2001020605,2001,4,1
2001020606,2001,3,4
2001020607,2001,4,2
2001020608,2001,4,2
2001020609,2001,3,2
2001020610,2001,3,1
2001020611,2001,5,2
2001020612,2001,2,1
2001020613,2001,2,0
2001020614,2001,2,1
2001020615,2001,1,2
2001020616,2001,5,3
2001020617,2001,7,4
2001020618,2001,3,1
2001020619,2001,0,3
2001020620,2001,4,1
2001020621,2001,1,2
2001020622,2001,3,1
2001020623,2001,5,2
2001020624,2001,2,4
2001020625,2001,3,4
2001020626,2001,6,0
2001020627,2001,3,4
2001020628,2001,2,3
2001020629,2001,4,3
2001020630,2001,2,0
2001020631,2001,1,4
2001020632,2001,7,6
2001020633,2001,0,3
2001020634,2001,4,3
2001020635,2001,2,3
2001020636,2001,1,2
2001020637,2001,3,2
2001020638,2001,4,3
2001020639,2001,2,5
2001020640,2001,7,4
2001020641,2001,2,3
2001020642,2001,1,2
2001020643,2001,4,2
2001020644,2001,2,6
2001020645,2001,5,1
2001020646,2001,0,4
2001020647,2001,6,3
2001020648,2001,4,3
2001020649,2001,2,3
2001020650,2001,5,4
2001020651,2001,7,3
2001020652,2001,5,6
2001020653,2001,2,3
2001020654,2001,5,0
2001020655,2001,0,2
2001020656,2001,4,0
2001020657,2001,3,2
2001020658,2001,2,1
2001020659,2001,2,2
2001020660,2001,1,4
2001020661,2001,3,3
2001020662,2001,1,0
2001020663,2001,2,4
2001020664,2001,2,2
2001020665,2001,4,5
2001020666,2001,2,1
2001020667,2001,1,1
2001020668,2001,4,2
2001020669,2001,1,4
2001020670,2001,1,2
2001020671,2001,0,1
2001020672,2001,5,2
2001020673,2001,5,4
2001020674,2001,2,1
2001020675,2001,2,2
2001020676,2001,7,1
2001020677,2001,2,3
2001020678,2001,2,2
2001020679,2001,1,3
2001020680,2001,3,5
2001020681,2001,2,2
2001020682,2001,1,0
2001020683,2001,2,1
2001020684,2001,5,3
2001020685,2001,2,3
2001020686,2001,1,4
2001020687,2001,4,5
2001020688,2001,2,0
2001020689,2001,3,2
2001020690,2001,0,1
2001020691,2001,1,3
2001020692,2001,5,2
2001020693,2001,2,2
2001020694,2001,2,0
2001020695,2001,2,0
2001020696,2001,0,3
2001020697,2001,2,0
2001020698,2001,3,2
2001020699,2001,1,3
2001020700,2001,5,2
2001020701,2001,6,4
2001020702,2001,6,3
2001020703,2001,1,1
2001020704,2001,5,4
2001020705,2001,3,2
2001020706,2001,3,2
2001020707,2001,4,6
2001020708,2001,4,2
2001020709,2001,3,2
2001020710,2001,2,2
2001020711,2001,3,1
2001020712,2001,1,3
2001020713,2001,2,3
2001020714,2001,3,1
2001020715,2001,0,3
2001020716,2001,4,1
2001020717,2001,3,3
2001020718,2001,1,5
2001020719,2001,1,5
2001020720,2001,1,6
2001020721,2001,2,1
2001020722,2001,2,1
2001020723,2001,2,1
2001020724,2001,0,1
2001020725,2001,1,3
2001020726,2001,2,3
2001020727,2001,1,3
2001020728,2001,3,2
2001020729,2001,3,2
2001020730,2001,3,4
2001020731,2001,5,2
2001020732,2001,5,7
2001020733,2001,3,2
2001020734,2001,7,5
2001020735,2001,3,5
2001020736,2001,0,1
2001020737,2001,3,2
2001020738,2001,2,4
2001020739,2001,4,3
2001020740,2001,4,5
2001020741,2001,1,1
2001020742,2001,0,3
2001020743,2001,1,6
2001020744,2001,2,5
2001020745,2001,8,4
2001020746,2001,5,1
2001020747,2001,3,5
2001020748,2001,2,2
2001020749,2001,1,3
2001020750,2001,2,2
2001020751,2001,1,4
2001020752,2001,2,4
2001020753,2001,2,4
2001020754,2001,3,2
2001020755,2001,4,3
2001020756,2001,4,5
2001020757,2001,2,3
2001020758,2001,4,2
2001020759,2001,6,2
2001020760,2001,0,2
2001020761,2001,4,1
2001020762,2001,4,1
2001020763,2001,1,1
2001020764,2001,4,1
2001020765,2001,2,1
2001020766,2001,1,6
2001020767,2001,6,1
2001020768,2001,4,2
2001020769,2001,1,1
2001020770,2001,6,2
2001020771,2001,6,3
2001020772,2001,4,2
2001020773,2001,3,2
2001020774,2001,2,3
2001020775,2001,2,5
2001020776,2001,1,3
2001020777,2001,2,2
2001020778,2001,0,2
2001020779,2001,4,1
2001020780,2001,2,4
2001020781,2001,3,1
2001020782,2001,2,3
2001020783,2001,2,1
2001020784,2001,0,1
2001020785,2001,2,4
2001020786,2001,0,1
2001020787,2001,4,2
2001020788,2001,2,3
2001020789,2001,4,6
2001020790,2001,1,1
2001020791,2001,5,1
2001020792,2001,4,3
2001020793,2001,1,3
2001020794,2001,3,2
2001020795,2001,2,2
2001020796,2001,3,4
2001020797,2001,3,1
2001020798,2001,3,1
2001020799,2001,3,6
2001020800,2001,3,6
2001020801,2001,1,4
2001020802,2001,0,6
2001020803,2001,1,3
2001020804,2001,1,3
2001020805,2001,0,2
2001020806,2001,2,5
2001020807,2001,4,3
2001020808,2001,2,2
2001020809,2001,3,1
2001020810,2001,4,4
2001020811,2001,6,6
2001020812,2001,0,8
2001020813,2001,1,3
2001020814,2001,4,2
2001020815,2001,1,3
2001020816,2001,2,2
2001020817,2001,3,1
2001020818,2001,0,1
2001020819,2001,4,3
2001020820,2001,3,3
2001020821,2001,3,2
2001020822,2001,2,1
2001020823,2001,2,3
2001020824,2001,3,1
2001020825,2001,4,6
2001020826,2001,2,1
2001020827,2001,2,5
2001020828,2001,5,4
2001020829,2001,2,0
2001020830,2001,1,0
2001020831,2001,3,3
2001020832,2001,4,1
2001020833,2001,1,3
2001020834,2001,3,1
2001020835,2001,2,1
2001020836,2001,3,2
2001020837,2001,1,2
2001020838,2001,2,3
2001020839,2001,1,1
2001020840,2001,3,3
2001020841,2001,0,6
2001020842,2001,1,4
2001020843,2001,6,5
2001020844,2001,1,4
2001020845,2001,4,2
2001020846,2001,4,1
2001020847,2001,4,1
2001020848,2001,2,3
2001020849,2001,1,2
2001020850,2001,2,4
2001020851,2001,0,1
2001020852,2001,0,5
2001020853,2001,2,3
2001020854,2001,3,4
2001020855,2001,4,1
2001020856,2001,4,3
2001020857,2001,4,3
2001020858,2001,3,4
2001020859,2001,1,5
2001020860,2001,4,0
2001020861,2001,5,4
2001020862,2001,2,3
2001020863,2001,3,1
2001020864,2001,5,2
2001020865,2001,2,1
2001020866,2001,2,2
2001020867,2001,5,1
2001020868,2001,0,1
2001020869,2001,3,3
2001020870,2001,3,0
2001020871,2001,1,0
2001020872,2001,2,3
2001020873,2001,1,2
2001020874,2001,4,3
2001020875,2001,5,4
2001020876,2001,4,2
2001020877,2001,0,2
2001020878,2001,3,1
2001020879,2001,3,2
2001020880,2001,2,2
2001020881,2001,4,1
2001020882,2001,2,5
2001020883,2001,3,3
2001020884,2001,3,4
2001020885,2001,5,4
2001020886,2001,4,3
2001020887,2001,2,1
2001020888,2001,3,4
2001020889,2001,1,5
2001020890,2001,1,5
2001020891,2001,2,2
2001020892,2001,4,4
2001020893,2001,5,1
2001020894,2001,0,1
2001020895,2001,4,5
2001020896,2001,2,3
2001020897,2001,2,3
2001020898,2001,3,5
2001020899,2001,2,6
2001020900,2001,0,3
2001020901,2001,2,5
2001020902,2001,3,4
2001020903,2001,2,1
2001020904,2001,3,2
2001020905,2001,2,3
2001020906,2001,3,4
2001020907,2001,4,3
2001020908,2001,4,2
2001020909,2001,4,3
2001020910,2001,4,2
2001020911,2001,3,3
2001020912,2001,3,4
2001020913,2001,2,3
2001020914,2001,4,1
2001020915,2001,6,5
2001020916,2001,2,4
2001020917,2001,3,2
2001020918,2001,1,2
2001020919,2001,5,2
2001020920,2001,1,1
2001020921,2001,6,3
2001020922,2001,0,2
2001020923,2001,2,1
2001020924,2001,4,1
2001020925,2001,2,1
2001020926,2001,1,4
2001020927,2001,0,3
2001020928,2001,5,3
2001020929,2001,2,4
2001020930,2001,3,5
2001020931,2001,2,3
2001020932,2001,2,0
2001020933,2001,1,1
2001020934,2001,6,5
2001020935,2001,1,2
2001020936,2001,2,3
2001020937,2001,4,1
2001020938,2001,0,2
2001020939,2001,5,3
2001020940,2001,3,2
2001020941,2001,1,4
2001020942,2001,2,3
2001020943,2001,6,2
2001020944,2001,3,2
2001020945,2001,4,1
2001020946,2001,0,5
2001020947,2001,2,4
2001020948,2001,1,3
2001020949,2001,5,1
2001020950,2001,0,3
2001020951,2001,2,3
2001020952,2001,6,1
2001020953,2001,5,2
2001020954,2001,3,0
2001020955,2001,2,2
2001020956,2001,0,3
2001020957,2001,2,4
2001020958,2001,5,4
2001020959,2001,4,2
2001020960,2001,3,5
2001020961,2001,2,1
2001020962,2001,3,2
2001020963,2001,1,1
2001020964,2001,3,2
2001020965,2001,2,2
2001020966,2001,2,5
2001020967,2001,4,3
2001020968,2001,3,2
2001020969,2001,2,0
2001020970,2001,5,1
2001020971,2001,6,1
2001020972,2001,1,3
2001020973,2001,4,2
2001020974,2001,5,1
2001020975,2001,0,3
2001020976,2001,5,0
2001020977,2001,4,7
2001020978,2001,2,4
2001020979,2001,2,1
2001020980,2001,2,4
2001020981,2001,3,3
2001020982,2001,2,3
2001020983,2001,2,1
2001020984,2001,0,3
2001020985,2001,1,1
2001020986,2001,2,5
2001020987,2001,4,4
2001020988,2001,0,5
2001020989,2001,3,4
2001020990,2001,3,1
2001020991,2001,3,2
2001020992,2001,1,3
2001020993,2001,3,3
2001020994,2001,4,3
2001020995,2001,4,2
2001020996,2001,0,2
2001020997,2001,1,2
2001020998,2001,3,3
2001020999,2001,1,4
2001021000,2001,1,3
2001021001,2001,2,0
2001021002,2001,3,2
2001021003,2001,1,5
2001021004,2001,2,1
2001021005,2001,5,2
2001021006,2001,2,3
2001021007,2001,1,1
2001021008,2001,5,4
2001021009,2001,2,1
2001021010,2001,5,5
2001021011,2001,3,2
2001021012,2001,4,3
2001021013,2001,3,1
2001021014,2001,1,2
2001021015,2001,2,4
2001021016,2001,3,1
2001021017,2001,4,1
2001021018,2001,4,3
2001021019,2001,2,2
2001021020,2001,2,0
2001021021,2001,3,5
2001021022,2001,2,2
2001021023,2001,4,5
2001021024,2001,2,2
2001021025,2001,2,3
2001021026,2001,2,3
2001021027,2001,3,3
2001021028,2001,1,1
2001021029,2001,2,4
2001021030,2001,2,2
2001021031,2001,4,2
2001021032,2001,2,3
2001021033,2001,4,2
2001021034,2001,5,1
2001021035,2001,3,2
2001021036,2001,1,3
2001021037,2001,1,2
2001021038,2001,5,1
2001021039,2001,0,3
2001021040,2001,1,3
2001021041,2001,4,2
2001021042,2001,1,4
2001021043,2001,1,3
2001021044,2001,3,2
2001021045,2001,1,3
2001021046,2001,2,1
2001021047,2001,1,2
2001021048,2001,3,4
2001021049,2001,2,5
2001021050,2001,3,2
2001021051,2001,2,1
2001021052,2001,3,2
2001021053,2001,2,3
2001021054,2001,3,4
2001021055,2001,1,4
2001021056,2001,3,1
2001021057,2001,2,5
2001021058,2001,3,3
2001021059,2001,3,2
2001021060,2001,4,3
2001021061,2001,2,0
2001021062,2001,2,3
2001021063,2001,2,4
2001021064,2001,2,1
2001021065,2001,4,4
2001021066,2001,1,3
2001021067,2001,2,5
2001021068,2001,5,1
2001021069,2001,0,2
2001021070,2001,3,1
2001021071,2001,3,0
2001021072,2001,2,3
2001021073,2001,6,2
2001021074,2001,3,4
2001021075,2001,4,3
2001021076,2001,1,2
2001021077,2001,0,2
2001021078,2001,4,0
2001021079,2001,3,1
2001021080,2001,4,2
2001021081,2001,4,1
2001021082,2001,3,3
2001021083,2001,6,1
2001021084,2001,3,4
2001021085,2001,7,2
2001021086,2001,1,2
2001021087,2001,2,3
2001021088,2001,1,2
2001021089,2001,3,1
2001021090,2001,4,0
2001021091,2001,3,2
2001021092,2001,1,4
2001021093,2001,2,4
2001021094,2001,3,4
2001021095,2001,2,4
2001021096,2001,4,1
2001021097,2001,2,4
2001021098,2001,4,5
2001021099,2001,2,1
2001021100,2001,3,4
2001021101,2001,4,1
2001021102,2001,3,3
2001021103,2001,4,1
2001021104,2001,2,2
2001021105,2001,2,2
2001021106,2001,4,3
2001021107,2001,1,2
2001021108,2001,2,3
2001021109,2001,1,3
2001021110,2001,1,3
2001021111,2001,0,2
2001021112,2001,1,3
2001021113,2001,2,1
2001021114,2001,3,1
2001021115,2001,1,3
2001021116,2001,4,2
2001021117,2001,2,4
2001021118,2001,4,1
2001021119,2001,2,4
2001021120,2001,5,3
2001021121,2001,3,1
2001021122,2001,4,1
2001021123,2001,5,3
2001021124,2001,10,2
2001021125,2001,2,1
2001021126,2001,3,1
2001021127,2001,4,2
2001021128,2001,0,3
2001021129,2001,4,6
2001021130,2001,4,5
2001021131,2001,3,1
2001021132,2001,5,1
2001021133,2001,5,3
2001021134,2001,4,3
2001021135,2001,2,4
2001021136,2001,4,2
2001021137,2001,2,1
2001021138,2001,4,4
2001021139,2001,3,1
2001021140,2001,1,1
2001021141,2001,4,1
2001021142,2001,2,3
2001021143,2001,3,2
2001021144,2001,1,3
2001021145,2001,1,2
2001021146,2001,6,0
2001021147,2001,1,1
2001021148,2001,1,2
2001021149,2001,2,4
2001021150,2001,1,3
2001021151,2001,4,2
2001021152,2001,2,1
2001021153,2001,4,3
2001021154,2001,3,0
2001021155,2001,5,2
2001021156,2001,3,1
2001021157,2001,0,0
2001021158,2001,1,3
2001021159,2001,5,1
2001021160,2001,3,1
2001021161,2001,5,4
2001021162,2001,2,0
2001021163,2001,4,6
2001021164,2001,2,2
2001021165,2001,4,1
2001021166,2001,5,4
2001021167,2001,3,1
2001021168,2001,3,1
2001021169,2001,4,3
2001021170,2001,6,3
2001021171,2001,1,3
2001021172,2001,3,2
2001021173,2001,1,1
2001021174,2001,3,5
2001021175,2001,3,2
2001021176,2001,2,4
2001021177,2001,4,3
2001021178,2001,4,1
2001021179,2001,4,1
2001021180,2001,1,2
2001021181,2001,3,2
2001021182,2001,4,4
2001021183,2001,3,1
2001021184,2001,3,0
2001021185,2001,2,2
2001021186,2001,4,3
2001021187,2001,3,1
2001021188,2001,3,2
2001021189,2001,1,2
2001021190,2001,2,4
2001021191,2001,1,0
2001021192,2001,2,7
2001021193,2001,4,4
2001021194,2001,4,2
2001021195,2001,4,4
2001021196,2001,3,3
2001021197,2001,3,5
2001021198,2001,4,4
2001021199,2001,3,0
2001021200,2001,4,0
2001021201,2001,4,1
2001021202,2001,2,5
2001021203,2001,5,2
2001021204,2001,1,3
2001021205,2001,5,2
2001021206,2001,2,5
2001021207,2001,1,3
2001021208,2001,1,3
2001021209,2001,5,4
2001021210,2001,3,1
2001021211,2001,0,2
2001021212,2001,7,1
2001021213,2001,1,3
2001021214,2001,7,1
2001021215,2001,0,3
2001021216,2001,2,5
2001021217,2001,2,1
2001021218,2001,3,4
2001021219,2001,3,2
2001021220,2001,1,4
2001021221,2001,3,1
2001021222,2001,3,1
2001021223,2001,2,2
2001021224,2001,2,3
2001021225,2001,3,5
2001021226,2001,2,0
2001021227,2001,2,4
2001021228,2001,2,2
2001021229,2001,6,4
2001021230,2001,1,0
2002020001,2002,1,4
2002020002,2002,1,1
2002020003,2002,4,1
2002020004,2002,5,1
2002020005,2002,1,2
2002020006,2002,2,1
2002020007,2002,0,6
2002020008,2002,3,4
2002020009,2002,3,4
2002020010,2002,0,3
2002020011,2002,2,2
2002020012,2002,3,6
2002020013,2002,1,4
2002020014,2002,5,3
2002020015,2002,5,4
2002020016,2002,5,1
2002020017,2002,4,2
2002020018,2002,1,2
2002020019,2002,1,6
2002020020,2002,1,2
2002020021,2002,4,5
2002020022,2002,3,2
2002020023,2002,6,0
2002020024,2002,5,1
2002020025,2002,2,2
2002020026,2002,2,3
2002020027,2002,4,5
2002020028,2002,5,3
2002020029,2002,2,5
2002020030,2002,3,2
2002020031,2002,3,0
2002020032,2002,2,4
2002020033,2002,2,4
2002020034,2002,4,5
2002020035,2002,1,2
2002020036,2002,2,3
2002020037,2002,2,1
2002020038,2002,4,3
2002020039,2002,5,4
2002020040,2002,2,6
2002020041,2002,2,1
2002020042,2002,4,1
2002020043,2002,3,0
2002020044,2002,3,2
2002020045,2002,3,6
2002020046,2002,2,4
2002020047,2002,4,4
2002020048,2002,3,3
2002020049,2002,1,2
2002020050,2002,5,3
2002020051,2002,2,3
2002020052,2002,7,1
2002020053,2002,3,1
2002020054,2002,4,1
2002020055,2002,3,3
2002020056,2002,1,4
2002020057,2002,4,3
2002020058,2002,3,2
2002020059,2002,8,5
2002020060,2002,2,2
2002020061,2002,3,1
2002020062,2002,2,3
2002020063,2002,2,2
2002020064,2002,2,2
2002020065,2002,3,1
2002020066,2002,4,5
2002020067,2002,4,1
2002020068,2002,3,3
2002020069,2002,5,3
2002020070,2002,3,5
2002020071,2002,2,5
2002020072,2002,3,4
2002020073,2002,2,2
2002020074,2002,1,3
2002020075,2002,5,2
2002020076,2002,3,2
2002020077,2002,2,4
2002020078,2002,1,4
2002020079,2002,3,2
2002020080,2002,4,0
2002020081,2002,2,5
2002020082,2002,2,1
2002020083,2002,1,4
2002020084,2002,3,3
2002020085,2002,1,2
2002020086,2002,4,3
2002020087,2002,3,3
2002020088,2002,4,1
2002020089,2002,1,2
2002020090,2002,2,2
2002020091,2002,1,4
2002020092,2002,1,2
2002020093,2002,3,3
2002020094,2002,2,2
2002020095,2002,5,3
2002020096,2002,6,2
2002020097,2002,1,2
2002020098,2002,2,3
2002020099,2002,3,3
2002020100,2002,1,2
2002020101,2002,2,2
2002020102,2002,2,3
2002020103,2002,1,2
2002020104,2002,2,6
2002020105,2002,4,5
2002020106,2002,3,2
2002020107,2002,7,3
2002020108,2002,4,3
2002020109,2002,3,4
2002020110,2002,5,3
2002020111,2002,2,6
2002020112,2002,3,3
2002020113,2002,5,1
2002020114,2002,5,2
2002020115,2002,1,1
2002020116,2002,3,1
2002020117,2002,4,3
2002020118,2002,3,4
2002020119,2002,1,4
2002020120,2002,1,6
2002020121,2002,5,1
2002020122,2002,3,2
2002020123,2002,3,3
2002020124,2002,3,2
2002020125,2002,5,2
2002020126,2002,3,2
2002020127,2002,1,6
2002020128,2002,3,4
2002020129,2002,2,3
2002020130,2002,2,1
2002020131,2002,2,2
2002020132,2002,1,2
2002020133,2002,0,4
2002020134,2002,3,2
2002020135,2002,3,2
2002020136,2002,3,2
2002020137,2002,1,1
2002020138,2002,1,4
2002020139,2002,2,7
2002020140,2002,4,2
2002020141,2002,3,0
2002020142,2002,7,0
2002020143,2002,2,3
2002020144,2002,1,4
2002020145,2002,3,3
2002020146,2002,6,2
2002020147,2002,2,1
2002020148,2002,2,1
2002020149,2002,3,0
2002020150,2002,1,5
2002020151,2002,3,2
2002020152,2002,2,2
2002020153,2002,4,2
2002020154,2002,1,1
2002020155,2002,5,1
2002020156,2002,3,2
2002020157,2002,2,5
2002020158,2002,5,2
2002020159,2002,1,6
2002020160,2002,2,1
2002020161,2002,5,3
2002020162,2002,1,3
2002020163,2002,2,4
2002020164,2002,4,4
2002020165,2002,6,5
2002020166,2002,2,3
2002020167,2002,3,3
2002020168,2002,3,2
2002020169,2002,2,1
2002020170,2002,1,4
2002020171,2002,3,4
2002020172,2002,2,4
2002020173,2002,2,4
2002020174,2002,2,5
2002020175,2002,5,2
2002020176,2002,1,2
2002020177,2002,3,4
2002020178,2002,4,3
2002020179,2002,2,5
2002020180,2002,2,3
2002020181,2002,0,2
2002020182,2002,5,2
2002020183,2002,4,3
2002020184,2002,4,0
2002020185,2002,2,5
2002020186,2002,2,1
2002020187,2002,1,0
2002020188,2002,0,1
2002020189,2002,2,1
2002020190,2002,2,0
2002020191,2002,3,0
2002020192,2002,2,1
2002020193,2002,2,5
2002020194,2002,5,0
2002020195,2002,4,1
2002020196,2002,2,2
2002020197,2002,2,3
2002020198,2002,4,2
2002020199,2002,4,1
2002020200,2002,2,1
2002020201,2002,2,3
2002020202,2002,7,1
2002020203,2002,4,6
2002020204,2002,3,1
2002020205,2002,4,1
2002020206,2002,3,2
2002020207,2002,6,3
2002020208,2002,6,3
2002020209,2002,3,6
2002020210,2002,2,3
2002020211,2002,3,0
2002020212,2002,2,5
2002020213,2002,2,4
2002020214,2002,3,2
2002020215,2002,1,0
2002020216,2002,3,4
2002020217,2002,6,1
2002020218,2002,2,1
2002020219,2002,4,2
2002020220,2002,2,2
2002020221,2002,4,5
2002020222,2002,3,4
2002020223,2002,3,5
2002020224,2002,3,2
2002020225,2002,4,3
2002020226,2002,2,4
2002020227,2002,3,2
2002020228,2002,4,1
2002020229,2002,2,3
2002020230,2002,5,4
2002020231,2002,6,3
2002020232,2002,1,6
2002020233,2002,3,2
2002020234,2002,1,1
2002020235,2002,4,1
2002020236,2002,3,2
2002020237,2002,2,3
2002020238,2002,1,3
2002020239,2002,1,1
2002020240,2002,1,2
2002020241,2002,3,2
2002020242,2002,2,3
2002020243,2002,1,1
2002020244,2002,5,1
2002020245,2002,1,5
2002020246,2002,4,2
2002020247,2002,2,1
2002020248,2002,2,2
2002020249,2002,4,2
2002020250,2002,5,0
2002020251,2002,1,2
2002020252,2002,3,1
2002020253,2002,4,1
2002020254,2002,2,2
2002020255,2002,2,3
2002020256,2002,3,7
2002020257,2002,1,1
2002020258,2002,1,0
2002020259,2002,1,4
2002020260,2002,0,1
2002020261,2002,3,1
2002020262,2002,1,2
2002020263,2002,1,5
2002020264,2002,3,2
2002020265,2002,4,4
2002020266,2002,4,2
2002020267,2002,5,4
2002020268,2002,3,2
2002020269,2002,2,3
2002020270,2002,4,4
2002020271,2002,2,3
2002020272,2002,2,0
2002020273,2002,4,3
2002020274,2002,4,3
2002020275,2002,2,2
2002020276,2002,0,5
2002020277,2002,3,1
2002020278,2002,3,2
2002020279,2002,2,3
2002020280,2002,3,3
2002020281,2002,2,2
2002020282,2002,5,3
2002020283,2002,3,1
2002020284,2002,3,2
2002020285,2002,3,4
2002020286,2002,2,7
2002020287,2002,4,4
2002020288,2002,2,2
2002020289,2002,3,2
2002020290,2002,1,1
2002020291,2002,1,3
2002020292,2002,5,4
2002020293,2002,1,3
2002020294,2002,3,3
2002020295,2002,4,1
2002020296,2002,0,4
2002020297,2002,1,3
2002020298,2002,4,2
2002020299,2002,4,1
2002020300,2002,6,0
2002020301,2002,3,7
2002020302,2002,5,2
2002020303,2002,6,3
2002020304,2002,1,3
2002020305,2002,4,1
2002020306,2002,1,3
2002020307,2002,3,1
2002020308,2002,1,1
2002020309,2002,2,0
2002020310,2002,4,4
2002020311,2002,2,0
2002020312,2002,3,1
2002020313,2002,4,5
2002020314,2002,1,4
2002020315,2002,1,2
2002020316,2002,5,1
2002020317,2002,1,0
2002020318,2002,7,2
2002020319,2002,5,4
2002020320,2002,3,2
2002020321,2002,1,1
2002020322,2002,2,2
2002020323,2002,4,2
2002020324,2002,2,3
2002020325,2002,1,3
2002020326,2002,7,2
2002020327,2002,3,2
2002020328,2002,4,2
2002020329,2002,5,0
2002020330,2002,4,4
2002020331,2002,2,2
2002020332,2002,2,5
2002020333,2002,7,4
2002020334,2002,2,4
2002020335,2002,4,2
2002020336,2002,0,3
2002020337,2002,2,2
2002020338,2002,2,2
2002020339,2002,1,4
2002020340,2002,2,4
2002020341,2002,2,6
2002020342,2002,6,4
2002020343,2002,3,5
2002020344,2002,7,2
2002020345,2002,1,2
2002020346,2002,3,3
2002020347,2002,3,1
2002020348,2002,1,2
2002020349,2002,4,2
2002020350,2002,2,4
2002020351,2002,2,3
2002020352,2002,2,5
2002020353,2002,4,5
2002020354,2002,5,2
2002020355,2002,1,0
2002020356,2002,4,1
2002020357,2002,2,3
2002020358,2002,4,3
2002020359,2002,5,4
2002020360,2002,4,2
2002020361,2002,3,2
2002020362,2002,0,1
2002020363,2002,0,4
2002020364,2002,2,1
2002020365,2002,5,3
2002020366,2002,4,3
2002020367,2002,1,4
2002020368,2002,2,1
2002020369,2002,1,2
2002020370,2002,1,2
2002020371,2002,2,1
2002020372,2002,2,3
2002020373,2002,4,0
2002020374,2002,2,3
2002020375,2002,4,2
2002020376,2002,1,0
2002020377,2002,5,1
2002020378,2002,4,3
2002020379,2002,3,2
2002020380,2002,3,2
2002020381,2002,2,2
2002020382,2002,3,5
2002020383,2002,1,1
2002020384,2002,2,3
2002020385,2002,4,2
2002020386,2002,1,4
2002020387,2002,7,6
2002020388,2002,0,2
2002020389,2002,3,1
2002020390,2002,3,4
2002020391,2002,3,3
2002020392,2002,7,6
2002020393,2002,3,2
2002020394,2002,3,2
2002020395,2002,1,3
2002020396,2002,4,3
2002020397,2002,1,0
2002020398,2002,5,2
2002020399,2002,3,6
2002020400,2002,0,4
2002020401,2002,2,4
2002020402,2002,2,4
2002020403,2002,2,4
2002020404,2002,2,4
2002020405,2002,1,4
2002020406,2002,0,3
2002020407,2002,4,3
2002020408,2002,3,1
2002020409,2002,3,0
2002020410,2002,3,3
2002020411,2002,1,2
2002020412,2002,2,4
2002020413,2002,2,4
2002020414,2002,2,3
2002020415,2002,4,2
2002020416,2002,2,0
2002020417,2002,2,5
2002020418,2002,0,3
2002020419,2002,5,3
2002020420,2002,3,4
2002020421,2002,0,3
2002020422,2002,4,1
2002020423,2002,4,2
2002020424,2002,3,1
2002020425,2002,3,0
2002020426,2002,2,5
2002020427,2002,2,1
2002020428,2002,4,2
2002020429,2002,2,3
2002020430,2002,2,3
2002020431,2002,2,2
2002020432,2002,3,4
2002020433,2002,5,2
2002020434,2002,1,1
2002020435,2002,3,3
2002020436,2002,3,1
2002020437,2002,4,3
2002020438,2002,3,4
2002020439,2002,4,1
2002020440,2002,4,2
2002020441,2002,4,3
2002020442,2002,2,0
2002020443,2002,4,3
2002020444,2002,6,4
2002020445,2002,4,0
2002020446,2002,3,1
2002020447,2002,1,3
2002020448,2002,3,6
2002020449,2002,3,2
2002020450,2002,2,0
2002020451,2002,2,1
2002020452,2002,2,1
2002020453,2002,0,5
2002020454,2002,5,0
2002020455,2002,3,3
2002020456,2002,2,3
2002020457,2002,2,1
2002020458,2002,1,0
2002020459,2002,2,2
2002020460,2002,2,2
2002020461,2002,2,2
2002020462,2002,1,3
2002020463,2002,0,3
2002020464,2002,4,3
2002020465,2002,3,2
2002020466,2002,5,2
2002020467,2002,6,2
2002020468,2002,4,2
2002020469,2002,1,1
2002020470,2002,0,3
2002020471,2002,1,3
2002020472,2002,2,2
2002020473,2002,5,2
2002020474,2002,9,3
2002020475,2002,1,3
2002020476,2002,1,2
2002020477,2002,3,0
2002020478,2002,1,3
2002020479,2002,5,3
2002020480,2002,1,1
2002020481,2002,1,3
2002020482,2002,2,4
2002020483,2002,2,1
2002020484,2002,5,4
2002020485,2002,0,3
2002020486,2002,2,3
2002020487,2002,3,1
2002020488,2002,3,3
2002020489,2002,5,3
2002020490,2002,1,3
2002020491,2002,3,3
2002020492,2002,3,3
2002020493,2002,6,2
2002020494,2002,1,3
2002020495,2002,2,0
2002020496,2002,2,2
2002020497,2002,3,2
2002020498,2002,4,2
2002020499,2002,4,3
2002020500,2002,1,0
2002020501,2002,3,1
2002020502,2002,4,0
2002020503,2002,5,2
2002020504,2002,2,2
2002020505,2002,3,1
2002020506,2002,2,2
2002020507,2002,3,0
2002020508,2002,0,1
2002020509,2002,5,1
2002020510,2002,5,2
2002020511,2002,2,3
2002020512,2002,5,0
2002020513,2002,2,3
2002020514,2002,5,3
2002020515,2002,2,3
2002020516,2002,1,6
2002020517,2002,4,2
2002020518,2002,3,2
2002020519,2002,3,1
2002020520,2002,2,2
2002020521,2002,2,4
2002020522,2002,4,3
2002020523,2002,4,1
2002020524,2002,3,2
2002020525,2002,3,2
2002020526,2002,3,5
2002020527,2002,5,2
2002020528,2002,0,4
2002020529,2002,1,2
2002020530,2002,3,4
2002020531,2002,3,4
2002020532,2002,3,0
2002020533,2002,3,2
2002020534,2002,0,1
2002020535,2002,1,6
2002020536,2002,2,1
2002020537,2002,1,2
2002020538,2002,2,4
2002020539,2002,4,0
2002020540,2002,3,2
2002020541,2002,7,3
2002020542,2002,3,3
2002020543,2002,5,3
2002020544,2002,6,1
2002020545,2002,5,2
2002020546,2002,4,2
2002020547,2002,2,2
2002020548,2002,0,1
2002020549,2002,2,1
2002020550,2002,4,3
2002020551,2002,2,3
2002020552,2002,3,2
2002020553,2002,4,3
2002020554,2002,0,2
2002020555,2002,2,1
2002020556,2002,4,1
2002020557,2002,0,1
2002020558,2002,0,2
2002020559,2002,3,6
2002020560,2002,5,1
2002020561,2002,5,2
2002020562,2002,1,1
2002020563,2002,4,1
2002020564,2002,3,5
2002020565,2002,1,2
2002020566,2002,1,2
2002020567,2002,3,7
2002020568,2002,8,1
2002020569,2002,1,4
2002020570,2002,1,4
2002020571,2002,4,1
2002020572,2002,1,2
2002020573,2002,3,2
2002020574,2002,1,4
2002020575,2002,1,3
2002020576,2002,6,3
2002020577,2002,8,4
2002020578,2002,2,2
2002020579,2002,2,0
2002020580,2002,1,4
2002020581,2002,1,4
2002020582,2002,0,1
2002020583,2002,2,4
2002020584,2002,2,1
2002020585,2002,1,2
2002020586,2002,2,2
2002020587,2002,2,0
2002020588,2002,3,2
2002020589,2002,5,1
2002020590,2002,3,3
2002020591,2002,3,2
2002020592,2002,5,4
2002020593,2002,3,2
2002020594,2002,2,3
2002020595,2002,1,6
2002020596,2002,4,5
2002020597,2002,3,4
2002020598,2002,1,1
2002020599,2002,1,5
2002020600,2002,2,5
2002020601,2002,2,3
2002020602,2002,5,5
2002020603,2002,6,3
2002020604,2002,3,2
2002020605,2002,1,0
2002020606,2002,5,2
2002020607,2002,3,2
2002020608,2002,3,3
2002020609,2002,2,1
2002020610,2002,7,4
2002020611,2002,2,4
2002020612,2002,1,2
2002020613,2002,5,1
2002020614,2002,1,2
2002020615,2002,0,0
2002020616,2002,6,4
2002020617,2002,0,1
2002020618,2002,0,4
2002020619,2002,2,3
2002020620,2002,3,2
2002020621,2002,2,4
2002020622,2002,4,3
2002020623,2002,3,5
2002020624,2002,0,1
2002020625,2002,4,5
2002020626,2002,1,4
2002020627,2002,4,2
2002020628,2002,1,4
2002020629,2002,1,2
2002020630,2002,2,1
2002020631,2002,2,3
2002020632,2002,3,2
2002020633,2002,1,3
2002020634,2002,6,3
2002020635,2002,6,2
2002020636,2002,2,3
2002020637,2002,7,3
2002020638,2002,12,2
2002020639,2002,3,3
2002020640,2002,4,3
2002020641,2002,2,7
2002020642,2002,0,2
2002020643,2002,1,2
2002020644,2002,3,0
2002020645,2002,2,3
2002020646,2002,2,0
2002020647,2002,2,1
2002020648,2002,1,2
2002020649,2002,4,2
2002020650,2002,5,1
2002020651,2002,4,7
2002020652,2002,4,3
2002020653,2002,6,2
2002020654,2002,5,4
2002020655,2002,8,5
2002020656,2002,3,2
2002020657,2002,7,0
2002020658,2002,3,2
2002020659,2002,0,1
2002020660,2002,1,4
2002020661,2002,4,3
2002020662,2002,1,2
2002020663,2002,0,2
2002020664,2002,3,4
2002020665,2002,5,0
2002020666,2002,1,0
2002020667,2002,3,0
2002020668,2002,4,1
2002020669,2002,3,1
2002020670,2002,4,1
2002020671,2002,2,3
2002020672,2002,5,2
2002020673,2002,2,4
2002020674,2002,2,2
2002020675,2002,2,0
2002020676,2002,2,2
2002020677,2002,1,4
2002020678,2002,1,2
2002020679,2002,3,1
2002020680,2002,2,3
2002020681,2002,2,4
2002020682,2002,3,2
2002020683,2002,7,2
2002020684,2002,2,3
2002020685,2002,5,2
2002020686,2002,5,2
2002020687,2002,3,0
2002020688,2002,4,2
2002020689,2002,0,1
2002020690,2002,2,3
2002020691,2002,0,1
2002020692,2002,2,1
2002020693,2002,1,3
2002020694,2002,1,4
2002020695,2002,2,4
2002020696,2002,1,4
2002020697,2002,3,3
2002020698,2002,1,2
2002020699,2002,2,3
2002020700,2002,3,5
2002020701,2002,6,2
2002020702,2002,5,1
2002020703,2002,1,1
2002020704,2002,4,3
2002020705,2002,3,1
2002020706,2002,0,0
2002020707,2002,0,5
2002020708,2002,1,3
2002020709,2002,8,4
2002020710,2002,3,2
2002020711,2002,5,3
2002020712,2002,2,2
2002020713,2002,1,2
2002020714,2002,4,2
2002020715,2002,4,3
2002020716,2002,6,5
2002020717,2002,4,5
2002020718,2002,3,3
2002020719,2002,1,4
2002020720,2002,3,3
2002020721,2002,2,4
2002020722,2002,5,0
2002020723,2002,1,7
2002020724,2002,1,2
2002020725,2002,4,0
2002020726,2002,1,3
2002020727,2002,3,1
2002020728,2002,1,4
2002020729,2002,1,5
2002020730,2002,2,5
2002020731,2002,1,3
2002020732,2002,1,4
2002020733,2002,1,1
2002020734,2002,5,3
2002020735,2002,1,0
2002020736,2002,0,3
2002020737,2002,4,3
2002020738,2002,4,1
2002020739,2002,3,2
2002020740,2002,2,4
2002020741,2002,3,2
2002020742,2002,4,1
2002020743,2002,2,1
2002020744,2002,4,1
2002020745,2002,7,2
2002020746,2002,4,3
2002020747,2002,1,0
2002020748,2002,1,5
2002020749,2002,5,3
2002020750,2002,0,3
2002020751,2002,2,1
2002020752,2002,5,2
2002020753,2002,0,3
2002020754,2002,3,5
2002020755,2002,2,2
2002020756,2002,6,3
2002020757,2002,1,0
2002020758,2002,5,2
2002020759,2002,4,3
2002020760,2002,2,2
2002020761,2002,3,1
2002020762,2002,2,3
2002020763,2002,4,1
2002020764,2002,5,1
2002020765,2002,3,2
2002020766,2002,3,1
2002020767,2002,2,1
2002020768,2002,3,1
2002020769,2002,2,1
2002020770,2002,5,1
2002020771,2002,2,5
2002020772,2002,2,2
2002020773,2002,1,3
2002020774,2002,3,4
2002020775,2002,2,1
2002020776,2002,3,3
2002020777,2002,3,0
2002020778,2002,3,4
2002020779,2002,2,3
2002020780,2002,1,2
2002020781,2002,1,5
2002020782,2002,3,4
2002020783,2002,4,1
2002020784,2002,2,3
2002020785,2002,5,5
2002020786,2002,2,3
2002020787,2002,3,5
2002020788,2002,1,4
2002020789,2002,4,4
2002020790,2002,0,6
2002020791,2002,2,1
2002020792,2002,2,2
2002020793,2002,2,1
2002020794,2002,6,2
2002020795,2002,4,3
2002020796,2002,6,3
2002020797,2002,2,2
2002020798,2002,2,3
2002020799,2002,0,6
2002020800,2002,0,1
2002020801,2002,4,4
2002020802,2002,2,2
2002020803,2002,2,4
2002020804,2002,3,0
2002020805,2002,2,4
2002020806,2002,4,3
2002020807,2002,3,4
2002020808,2002,3,2
2002020809,2002,8,2
2002020810,2002,2,5
2002020811,2002,2,1
2002020812,2002,5,3
2002020813,2002,3,1
2002020814,2002,3,1
2002020815,2002,3,1
2002020816,2002,4,4
2002020817,2002,4,1
2002020818,2002,3,2
2002020819,2002,1,3
2002020820,2002,0,3
2002020821,2002,3,2
2002020822,2002,0,2
2002020823,2002,3,1
2002020824,2002,2,1
2002020825,2002,4,2
2002020826,2002,0,1
2002020827,2002,5,4
2002020828,2002,2,1
2002020829,2002,2,3
2002020830,2002,6,2
2002020831,2002,4,5
2002020832,2002,3,1
2002020833,2002,2,3
2002020834,2002,2,1
2002020835,2002,3,1
2002020836,2002,1,0
2002020837,2002,0,3
2002020838,2002,1,5
2002020839,2002,1,3
2002020840,2002,2,0
2002020841,2002,1,3
2002020842,2002,0,3
2002020843,2002,4,3
2002020844,2002,2,0
2002020845,2002,1,2
2002020846,2002,4,2
2002020847,2002,3,4
2002020848,2002,2,0
2002020849,2002,2,1
2002020850,2002,4,2
2002020851,2002,1,0
2002020852,2002,3,1
2002020853,2002,2,2
2002020854,2002,5,6
2002020855,2002,2,3
2002020856,2002,2,4
2002020857,2002,2,4
2002020858,2002,3,2
2002020859,2002,2,3
2002020860,2002,5,4
2002020861,2002,2,1
2002020862,2002,2,2
2002020863,2002,2,6
2002020864,2002,1,7
2002020865,2002,1,4
2002020866,2002,5,2
2002020867,2002,1,2
2002020868,2002,3,5
2002020869,2002,2,1
2002020870,2002,3,2
2002020871,2002,2,2
2002020872,2002,3,1
2002020873,2002,4,3
2002020874,2002,5,3
2002020875,2002,3,2
2002020876,2002,3,1
2002020877,2002,5,1
2002020878,2002,4,5
2002020879,2002,3,2
2002020880,2002,2,2
2002020881,2002,2,2
2002020882,2002,4,3
2002020883,2002,0,3
2002020884,2002,4,3
2002020885,2002,3,4
2002020886,2002,5,2
2002020887,2002,2,1
2002020888,2002,1,1
2002020889,2002,2,0
2002020890,2002,3,5
2002020891,2002,2,4
2002020892,2002,1,1
2002020893,2002,2,0
2002020894,2002,0,3
2002020895,2002,3,4
2002020896,2002,2,6
2002020897,2002,6,2
2002020898,2002,5,0
2002020899,2002,2,5
2002020900,2002,2,4
2002020901,2002,4,1
2002020902,2002,1,2
2002020903,2002,1,4
2002020904,2002,4,1
2002020905,2002,2,2
2002020906,2002,3,2
2002020907,2002,2,2
2002020908,2002,2,6
2002020909,2002,6,0
2002020910,2002,2,1
2002020911,2002,3,5
2002020912,2002,4,0
2002020913,2002,2,4
2002020914,2002,1,5
2002020915,2002,2,3
2002020916,2002,4,4
2002020917,2002,0,4
2002020918,2002,3,1
2002020919,2002,3,4
2002020920,2002,4,1
2002020921,2002,1,4
2002020922,2002,2,4
2002020923,2002,2,5
2002020924,2002,0,3
2002020925,2002,3,3
2002020926,2002,7,2
2002020927,2002,4,1
2002020928,2002,2,2
2002020929,2002,5,4
2002020930,2002,5,2
2002020931,2002,5,5
2002020932,2002,0,3
2002020933,2002,2,0
2002020934,2002,5,2
2002020935,2002,3,3
2002020936,2002,3,5
2002020937,2002,5,0
2002020938,2002,0,2
2002020939,2002,4,2
2002020940,2002,8,0
2002020941,2002,3,2
2002020942,2002,1,2
2002020943,2002,4,2
2002020944,2002,3,2
2002020945,2002,3,3
2002020946,2002,3,1
2002020947,2002,3,1
2002020948,2002,3,6
2002020949,2002,7,2
2002020950,2002,4,1
2002020951,2002,5,2
2002020952,2002,4,1
2002020953,2002,6,0
2002020954,2002,3,4
2002020955,2002,2,3
2002020956,2002,5,3
2002020957,2002,3,1
2002020958,2002,2,3
2002020959,2002,5,4
2002020960,2002,4,1
2002020961,2002,4,1
2002020962,2002,4,1
2002020963,2002,1,1
2002020964,2002,1,2
2002020965,2002,2,1
2002020966,2002,5,2
2002020967,2002,3,3
2002020968,2002,2,1
2002020969,2002,2,0
2002020970,2002,4,3
2002020971,2002,3,1
2002020972,2002,5,2
2002020973,2002,2,0
2002020974,2002,2,3
2002020975,2002,1,4
2002020976,2002,4,6
2002020977,2002,2,3
2002020978,2002,1,2
2002020979,2002,1,1
2002020980,2002,1,2
2002020981,2002,4,1
2002020982,2002,1,3
2002020983,2002,3,0
2002020984,2002,2,4
2002020985,2002,1,4
2002020986,2002,2,1
2002020987,2002,3,2
2002020988,2002,2,1
2002020989,2002,1,2
2002020990,2002,1,3
2002020991,2002,3,2
2002020992,2002,5,4
2002020993,2002,7,4
2002020994,2002,3,1
2002020995,2002,4,2
2002020996,2002,4,4
2002020997,2002,5,4
2002020998,2002,0,4
2002020999,2002,4,1
2002021000,2002,6,3
2002021001,2002,2,2
2002021002,2002,1,2
2002021003,2002,4,3
2002021004,2002,5,1
2002021005,2002,1,0
2002021006,2002,1,2
2002021007,2002,4,3
2002021008,2002,7,2
2002021009,2002,0,2
2002021010,2002,1,2
2002021011,2002,1,4
2002021012,2002,5,4
2002021013,2002,3,3
2002021014,2002,2,4
2002021015,2002,1,2
2002021016,2002,2,3
2002021017,2002,1,5
2002021018,2002,0,4
2002021019,2002,6,4
2002021020,2002,2,1
2002021021,2002,4,6
2002021022,2002,8,5
2002021023,2002,1,1
2002021024,2002,4,1
2002021025,2002,4,2
2002021026,2002,3,0
2002021027,2002,1,2
2002021028,2002,2,1
2002021029,2002,6,5
2002021030,2002,1,3
2002021031,2002,2,2
2002021032,2002,2,3
2002021033,2002,2,3
2002021034,2002,4,3
2002021035,2002,0,2
2002021036,2002,2,3
2002021037,2002,2,5
2002021038,2002,4,3
2002021039,2002,2,4
2002021040,2002,2,3
2002021041,2002,4,2
2002021042,2002,2,2
2002021043,2002,0,4
2002021044,2002,4,2
2002021045,2002,2,3
2002021046,2002,5,2
2002021047,2002,4,3
2002021048,2002,3,2
2002021049,2002,5,3
2002021050,2002,1,5
2002021051,2002,2,4
2002021052,2002,4,3
2002021053,2002,2,5
2002021054,2002,4,4
2002021055,2002,2,4
2002021056,2002,1,3
2002021057,2002,3,1
2002021058,2002,0,4
2002021059,2002,4,1
2002021060,2002,3,1
2002021061,2002,1,4
2002021062,2002,5,3
2002021063,2002,1,2
2002021064,2002,2,5
2002021065,2002,0,0
2002021066,2002,5,3
2002021067,2002,5,0
2002021068,2002,0,1
2002021069,2002,0,1
2002021070,2002,4,2
2002021071,2002,4,3
2002021072,2002,3,2
2002021073,2002,2,4
2002021074,2002,2,1
2002021075,2002,6,2
2002021076,2002,2,2
2002021077,2002,2,4
2002021078,2002,1,0
2002021079,2002,3,3
2002021080,2002,3,2
2002021081,2002,3,5
2002021082,2002,2,4
2002021083,2002,2,3
2002021084,2002,5,2
2002021085,2002,5,6
2002021086,2002,3,3
2002021087,2002,0,1
2002021088,2002,1,5
2002021089,2002,6,4
2002021090,2002,2,1
2002021091,2002,1,4
2002021092,2002,3,0
2002021093,2002,4,5
2002021094,2002,1,3
2002021095,2002,3,4
2002021096,2002,2,0
2002021097,2002,4,3
2002021098,2002,3,6
2002021099,2002,4,2
2002021100,2002,3,2
2002021101,2002,1,4
2002021102,2002,3,2
2002021103,2002,7,3
2002021104,2002,2,2
2002021105,2002,3,1
2002021106,2002,1,5
2002021107,2002,2,3
2002021108,2002,3,2
2002021109,2002,1,2
2002021110,2002,2,4
2002021111,2002,8,1
2002021112,2002,3,2
2002021113,2002,5,3
2002021114,2002,2,4
2002021115,2002,2,3
2002021116,2002,1,3
2002021117,2002,1,1
2002021118,2002,0,4
2002021119,2002,5,3
2002021120,2002,3,4
2002021121,2002,2,3
2002021122,2002,3,1
2002021123,2002,1,1
2002021124,2002,4,0
2002021125,2002,3,2
2002021126,2002,6,0
2002021127,2002,3,2
2002021128,2002,4,3
2002021129,2002,6,2
2002021130,2002,1,4
2002021131,2002,2,0
2002021132,2002,5,0
2002021133,2002,1,4
2002021134,2002,2,2
2002021135,2002,3,3
2002021136,2002,3,4
2002021137,2002,4,0
2002021138,2002,1,1
2002021139,2002,2,9
2002021140,2002,3,4
2002021141,2002,1,2
2002021142,2002,2,1
2002021143,2002,1,3
2002021144,2002,5,1
2002021145,2002,0,1
2002021146,2002,4,3
2002021147,2002,3,2
2002021148,2002,2,2
2002021149,2002,2,2
2002021150,2002,2,1
2002021151,2002,3,0
2002021152,2002,4,1
2002021153,2002,2,1
2002021154,2002,5,1
2002021155,2002,3,0
2002021156,2002,4,1
2002021157,2002,2,3
2002021158,2002,2,5
2002021159,2002,1,1
2002021160,2002,4,3
2002021161,2002,4,0
2002021162,2002,3,0
2002021163,2002,1,3
2002021164,2002,2,6
2002021165,2002,6,1
2002021166,2002,4,3
2002021167,2002,1,3
2002021168,2002,1,3
2002021169,2002,1,1
2002021170,2002,2,3
2002021171,2002,4,6
2002021172,2002,1,5
2002021173,2002,3,4
2002021174,2002,6,0
2002021175,2002,4,4
2002021176,2002,3,1
2002021177,2002,2,2
2002021178,2002,0,4
2002021179,2002,3,4
2002021180,2002,1,6
2002021181,2002,3,0
2002021182,2002,5,5
2002021183,2002,3,0
2002021184,2002,3,0
2002021185,2002,3,1
2002021186,2002,4,5
2002021187,2002,3,2
2002021188,2002,2,2
2002021189,2002,4,0
2002021190,2002,3,0
2002021191,2002,2,3
2002021192,2002,1,2
2002021193,2002,4,3
2002021194,2002,2,1
2002021195,2002,3,0
2002021196,2002,3,2
2002021197,2002,2,1
2002021198,2002,2,2
2002021199,2002,3,3
2002021200,2002,5,3
2002021201,2002,1,5
2002021202,2002,2,1
2002021203,2002,1,1
2002021204,2002,5,2
2002021205,2002,4,6
2002021206,2002,3,3
2002021207,2002,5,5
2002021208,2002,1,2
2002021209,2002,1,4
2002021210,2002,4,1
2002021211,2002,2,2
2002021212,2002,2,1
2002021213,2002,1,0
2002021214,2002,3,4
2002021215,2002,8,5
2002021216,2002,2,3
2002021217,2002,1,3
2002021218,2002,5,4
2002021219,2002,5,3
2002021220,2002,1,4
2002021221,2002,1,2
2002021222,2002,4,3
2002021223,2002,2,2
2002021224,2002,4,3
2002021225,2002,6,2
2002021226,2002,2,6
2002021227,2002,2,0
2002021228,2002,5,2
2002021229,2002,0,2
2002021230,2002,3,3
2003020001,2003,3,3
2003020002,2003,4,1
2003020003,2003,1,0
2003020004,2003,5,2
2003020005,2003,2,0
2003020006,2003,6,1
2003020007,2003,2,1
2003020008,2003,3,1
2003020009,2003,3,2
2003020010,2003,3,1
2003020011,2003,5,2
2003020012,2003,4,1
2003020013,2003,0,3
2003020014,2003,5,1
2003020015,2003,5,3
2003020016,2003,5,0
2003020017,2003,2,1
2003020018,2003,0,6
2003020019,2003,0,4
2003020020,2003,2,3
2003020021,2003,3,3
2003020022,2003,3,4
2003020023,2003,1,2
2003020024,2003,5,0
2003020025,2003,1,1
2003020026,2003,1,3
2003020027,2003,3,2
2003020028,2003,3,0
2003020029,2003,2,4
2003020030,2003,2,3
2003020031,2003,0,2
2003020032,2003,1,2
2003020033,2003,4,3
2003020034,2003,2,2
2003020035,2003,3,2
2003020036,2003,2,2
2003020037,2003,5,1
2003020038,2003,2,2
2003020039,2003,1,0
2003020040,2003,1,2
2003020041,2003,0,2
2003020042,2003,4,3
2003020043,2003,0,0
2003020044,2003,5,1
2003020045,2003,2,1
2003020046,2003,4,1
2003020047,2003,2,2
2003020048,2003,3,2
2003020049,2003,2,5
2003020050,2003,4,1
2003020051,2003,4,1
2003020052,2003,0,0
2003020053,2003,4,2
2003020054,2003,0,3
2003020055,2003,0,1
2003020056,2003,2,1
2003020057,2003,2,2
2003020058,2003,7,2
2003020059,2003,2,3
2003020060,2003,4,3
2003020061,2003,4,1
2003020062,2003,3,2
2003020063,2003,2,2
2003020064,2003,0,2
2003020065,2003,6,3
2003020066,2003,4,5
2003020067,2003,3,4
2003020068,2003,1,4
2003020069,2003,3,1
2003020070,2003,3,1
2003020071,2003,3,4
2003020072,2003,5,2
2003020073,2003,3,1
2003020074,2003,2,1
2003020075,2003,6,1
2003020076,2003,3,2
2003020077,2003,2,3
2003020078,2003,1,4
2003020079,2003,4,6
2003020080,2003,4,0
2003020081,2003,0,2
2003020082,2003,1,2
2003020083,2003,1,1
2003020084,2003,4,1
2003020085,2003,1,3
2003020086,2003,3,2
2003020087,2003,4,3
2003020088,2003,0,1
2003020089,2003,0,2
2003020090,2003,3,0
2003020091,2003,5,1
2003020092,2003,4,2
2003020093,2003,6,1
2003020094,2003,4,5
2003020095,2003,1,5
2003020096,2003,3,3
2003020097,2003,1,2
2003020098,2003,3,4
2003020099,2003,4,0
2003020100,2003,1,2
2003020101,2003,2,5
2003020102,2003,4,1
2003020103,2003,2,6
2003020104,2003,7,2
2003020105,2003,3,1
2003020106,2003,4,4
2003020107,2003,2,3
2003020108,2003,2,3
2003020109,2003,2,5
2003020110,2003,3,2
2003020111,2003,3,5
2003020112,2003,2,4
2003020113,2003,2,3
2003020114,2003,4,4
2003020115,2003,1,1
2003020116,2003,1,3
2003020117,2003,3,3
2003020118,2003,5,0
2003020119,2003,2,3
2003020120,2003,1,3
2003020121,2003,0,2
2003020122,2003,0,4
2003020123,2003,3,0
2003020124,2003,1,3
2003020125,2003,1,0
2003020126,2003,2,2
2003020127,2003,4,2
2003020128,2003,6,3
2003020129,2003,5,1
2003020130,2003,2,4
2003020131,2003,4,4
2003020132,2003,5,6
2003020133,2003,4,3
2003020134,2003,0,1
2003020135,2003,5,3
2003020136,2003,4,1
2003020137,2003,2,2
2003020138,2003,2,3
2003020139,2003,3,2
2003020140,2003,5,3
2003020141,2003,3,2
2003020142,2003,0,1
2003020143,2003,4,3
2003020144,2003,1,3
2003020145,2003,2,1
2003020146,2003,1,4
2003020147,2003,4,3
2003020148,2003,4,1
2003020149,2003,3,2
2003020150,2003,1,7
2003020151,2003,1,5
2003020152,2003,1,1
2003020153,2003,4,3
2003020154,2003,2,6
2003020155,2003,2,3
2003020156,2003,1,1
2003020157,2003,2,1
2003020158,2003,3,0
2003020159,2003,4,4
2003020160,2003,7,3
2003020161,2003,2,3
2003020162,2003,1,2
2003020163,2003,2,2
2003020164,2003,3,1
2003020165,2003,7,3
2003020166,2003,6,3
2003020167,2003,5,1
2003020168,2003,3,0
2003020169,2003,1,5
2003020170,2003,4,2
2003020171,2003,2,4
2003020172,2003,2,1
2003020173,2003,4,4
2003020174,2003,0,3
2003020175,2003,4,7
2003020176,2003,3,2
2003020177,2003,2,3
2003020178,2003,3,4
2003020179,2003,4,1
2003020180,2003,4,2
2003020181,2003,6,3
2003020182,2003,0,1
2003020183,2003,5,5
2003020184,2003,3,3
2003020185,2003,3,2
2003020186,2003,2,1
2003020187,2003,4,2
2003020188,2003,1,1
2003020189,2003,6,3
2003020190,2003,2,1
2003020191,2003,1,2
2003020192,2003,0,3
2003020193,2003,1,2
2003020194,2003,4,1
2003020195,2003,4,1
2003020196,2003,3,0
2003020197,2003,0,1
2003020198,2003,3,4
2003020199,2003,2,3
2003020200,2003,3,2
2003020201,2003,9,0
2003020202,2003,3,4
2003020203,2003,2,0
2003020204,2003,4,3
2003020205,2003,4,3
2003020206,2003,4,3
2003020207,2003,1,1
2003020208,2003,3,4
2003020209,2003,2,1
2003020210,2003,4,5
2003020211,2003,2,3
2003020212,2003,3,0
2003020213,2003,4,3
2003020214,2003,1,1
2003020215,2003,2,1
2003020216,2003,3,5
2003020217,2003,4,0
2003020218,2003,1,0
2003020219,2003,3,4
2003020220,2003,2,2
2003020221,2003,6,2
2003020222,2003,7,1
2003020223,2003,2,6
2003020224,2003,2,6
2003020225,2003,5,1
2003020226,2003,3,1
2003020227,2003,4,3
2003020228,2003,5,1
2003020229,2003,5,2
2003020230,2003,3,1
2003020231,2003,4,1
2003020232,2003,0,2
2003020233,2003,3,2
2003020234,2003,4,4
2003020235,2003,3,4
2003020236,2003,2,5
2003020237,2003,0,4
2003020238,2003,1,2
2003020239,2003,3,4
2003020240,2003,3,3
2003020241,2003,5,0
2003020242,2003,0,1
2003020243,2003,2,1
2003020244,2003,2,3
2003020245,2003,4,0
2003020246,2003,1,2
2003020247,2003,2,3
2003020248,2003,4,3
2003020249,2003,1,1
2003020250,2003,3,0
2003020251,2003,2,1
2003020252,2003,2,2
2003020253,2003,5,2
2003020254,2003,2,2
2003020255,2003,2,2
2003020256,2003,4,3
2003020257,2003,1,2
2003020258,2003,2,2
2003020259,2003,2,1
2003020260,2003,3,2
2003020261,2003,5,2
2003020262,2003,5,4
2003020263,2003,2,2
2003020264,2003,4,1
2003020265,2003,2,6
2003020266,2003,5,4
2003020267,2003,1,4
2003020268,2003,5,1
2003020269,2003,3,3
2003020270,2003,5,4
2003020271,2003,3,0
2003020272,2003,3,2
2003020273,2003,3,2
2003020274,2003,6,1
2003020275,2003,3,1
2003020276,2003,3,0
2003020277,2003,2,1
2003020278,2003,3,2
2003020279,2003,4,3
2003020280,2003,3,2
2003020281,2003,2,1
2003020282,2003,3,6
2003020283,2003,5,0
2003020284,2003,3,1
2003020285,2003,0,5
2003020286,2003,3,4
2003020287,2003,3,2
2003020288,2003,2,3
2003020289,2003,2,1
2003020290,2003,3,4
2003020291,2003,2,1
2003020292,2003,2,1
2003020293,2003,2,1
2003020294,2003,2,5
2003020295,2003,0,2
2003020296,2003,2,1
2003020297,2003,3,5
2003020298,2003,3,1
2003020299,2003,1,0
2003020300,2003,6,2
2003020301,2003,0,0
2003020302,2003,2,1
2003020303,2003,2,1
2003020304,2003,1,4
2003020305,2003,5,2
2003020306,2003,2,3
2003020307,2003,0,2
2003020308,2003,3,3
2003020309,2003,2,5
2003020310,2003,3,6
2003020311,2003,4,3
2003020312,2003,0,4
2003020313,2003,5,2
2003020314,2003,0,2
2003020315,2003,1,1
2003020316,2003,3,3
2003020317,2003,7,1
2003020318,2003,4,2
2003020319,2003,1,3
2003020320,2003,3,3
2003020321,2003,3,2
2003020322,2003,1,3
2003020323,2003,2,3
2003020324,2003,5,6
2003020325,2003,6,4
2003020326,2003,1,2
2003020327,2003,4,2
2003020328,2003,1,2
2003020329,2003,4,3
2003020330,2003,3,5
2003020331,2003,1,4
2003020332,2003,2,2
2003020333,2003,6,0
2003020334,2003,4,3
2003020335,2003,2,0
2003020336,2003,1,4
2003020337,2003,3,1
2003020338,2003,1,2
2003020339,2003,1,1
2003020340,2003,1,5
2003020341,2003,4,3
2003020342,2003,2,1
2003020343,2003,3,5
2003020344,2003,1,2
2003020345,2003,4,1
2003020346,2003,4,4
2003020347,2003,1,2
2003020348,2003,1,1
2003020349,2003,3,3
2003020350,2003,2,4
2003020351,2003,1,2
2003020352,2003,1,1
2003020353,2003,4,1
2003020354,2003,4,3
2003020355,2003,1,4
2003020356,2003,2,1
2003020357,2003,5,4
2003020358,2003,3,2
2003020359,2003,1,3
2003020360,2003,4,1
2003020361,2003,3,1
2003020362,2003,5,2
2003020363,2003,1,2
2003020364,2003,4,6
2003020365,2003,0,4
2003020366,2003,7,2
2003020367,2003,2,3
2003020368,2003,0,1
2003020369,2003,0,6
2003020370,2003,2,3
2003020371,2003,2,4
2003020372,2003,1,4
2003020373,2003,2,4
2003020374,2003,3,0
2003020375,2003,4,4
2003020376,2003,1,4
2003020377,2003,3,0
2003020378,2003,2,2
2003020379,2003,3,2
2003020380,2003,1,1
2003020381,2003,6,2
2003020382,2003,2,1
2003020383,2003,4,1
2003020384,2003,1,1
2003020385,2003,1,3
2003020386,2003,5,2
2003020387,2003,3,1
2003020388,2003,1,2
2003020389,2003,5,2
2003020390,2003,3,4
2003020391,2003,5,1
2003020392,2003,4,3
2003020393,2003,1,1
2003020394,2003,7,3
2003020395,2003,2,1
2003020396,2003,2,3
2003020397,2003,2,2
2003020398,2003,6,1
2003020399,2003,4,0
2003020400,2003,2,2
2003020401,2003,2,3
2003020402,2003,3,2
2003020403,2003,4,1
2003020404,2003,5,2
2003020405,2003,2,3
2003020406,2003,2,1
2003020407,2003,2,3
2003020408,2003,4,3
2003020409,2003,1,2
2003020410,2003,1,1
2003020411,2003,1,0
2003020412,2003,4,3
2003020413,2003,1,1
2003020414,2003,2,7
2003020415,2003,2,1
2003020416,2003,3,2
2003020417,2003,6,5
2003020418,2003,3,2
2003020419,2003,1,4
2003020420,2003,0,1
2003020421,2003,4,3
2003020422,2003,1,0
2003020423,2003,1,1
2003020424,2003,2,2
2003020425,2003,2,3
2003020426,2003,3,3
2003020427,2003,6,3
2003020428,2003,4,2
2003020429,2003,1,3
2003020430,2003,1,0
2003020431,2003,3,3
2003020432,2003,3,1
2003020433,2003,2,3
2003020434,2003,4,0
2003020435,2003,0,2
2003020436,2003,1,5
2003020437,2003,5,3
2003020438,2003,2,5
2003020439,2003,2,1
2003020440,2003,2,2
2003020441,2003,3,2
2003020442,2003,1,1
2003020443,2003,2,0
2003020444,2003,1,1
2003020445,2003,2,3
2003020446,2003,2,1
2003020447,2003,4,1
2003020448,2003,2,5
2003020449,2003,5,4
2003020450,2003,2,3
2003020451,2003,3,0
2003020452,2003,1,1
2003020453,2003,2,1
2003020454,2003,0,5
2003020455,2003,2,1
2003020456,2003,1,2
2003020457,2003,4,2
2003020458,2003,2,2
2003020459,2003,3,2
2003020460,2003,3,1
2003020461,2003,2,3
2003020462,2003,0,5
2003020463,2003,4,5
2003020464,2003,2,1
2003020465,2003,5,4
2003020466,2003,6,1
2003020467,2003,0,3
2003020468,2003,4,3
2003020469,2003,4,2
2003020470,2003,1,1
2003020471,2003,4,4
2003020472,2003,2,2
2003020473,2003,1,2
2003020474,2003,1,0
2003020475,2003,3,2
2003020476,2003,2,5
2003020477,2003,1,0
2003020478,2003,1,2
2003020479,2003,3,1
2003020480,2003,4,2
2003020481,2003,3,1
2003020482,2003,4,7
2003020483,2003,1,2
2003020484,2003,1,1
2003020485,2003,1,0
2003020486,2003,5,2
2003020487,2003,0,3
2003020488,2003,3,3
2003020489,2003,4,5
2003020490,2003,4,1
2003020491,2003,2,2
2003020492,2003,1,2
2003020493,2003,4,2
2003020494,2003,1,3
2003020495,2003,4,1
2003020496,2003,3,2
2003020497,2003,2,1
2003020498,2003,3,3
2003020499,2003,4,4
2003020500,2003,2,1
2003020501,2003,1,1
2003020502,2003,2,2
2003020503,2003,4,2
2003020504,2003,3,2
2003020505,2003,1,2
2003020506,2003,5,2
2003020507,2003,3,3
2003020508,2003,3,0
2003020509,2003,2,1
2003020510,2003,5,6
2003020511,2003,3,3
2003020512,2003,3,4
2003020513,2003,3,1
2003020514,2003,2,2
2003020515,2003,3,1
2003020516,2003,3,3
2003020517,2003,1,4
2003020518,2003,2,1
2003020519,2003,0,2
2003020520,2003,5,0
2003020521,2003,3,1
2003020522,2003,1,3
2003020523,2003,2,1
2003020524,2003,3,4
2003020525,2003,0,2
2003020526,2003,4,2
2003020527,2003,3,2
2003020528,2003,3,2
2003020529,2003,1,3
2003020530,2003,2,6
2003020531,2003,4,4
2003020532,2003,5,2
2003020533,2003,3,0
2003020534,2003,1,2
2003020535,2003,3,1
2003020536,2003,1,3
2003020537,2003,2,1
2003020538,2003,0,2
2003020539,2003,2,3
2003020540,2003,1,0
2003020541,2003,1,2
2003020542,2003,4,4
2003020543,2003,2,2
2003020544,2003,2,3
2003020545,2003,2,2
2003020546,2003,2,3
2003020547,2003,5,2
2003020548,2003,0,3
2003020549,2003,2,7
2003020550,2003,2,2
2003020551,2003,2,3
2003020552,2003,1,6
2003020553,2003,2,2
2003020554,2003,7,1
2003020555,2003,6,5
2003020556,2003,0,1
2003020557,2003,1,3
2003020558,2003,1,2
2003020559,2003,3,4
2003020560,2003,1,1
2003020561,2003,4,0
2003020562,2003,3,2
2003020563,2003,2,2
2003020564,2003,3,2
2003020565,2003,1,0
2003020566,2003,5,4
2003020567,2003,0,2
2003020568,2003,1,2
2003020569,2003,1,4
2003020570,2003,5,2
2003020571,2003,1,2
2003020572,2003,0,6
2003020573,2003,2,1
2003020574,2003,2,4
2003020575,2003,1,4
2003020576,2003,5,1
2003020577,2003,3,3
2003020578,2003,3,3
2003020579,2003,5,2
2003020580,2003,6,1
2003020581,2003,1,0
2003020582,2003,3,1
2003020583,2003,1,3
2003020584,2003,3,2
2003020585,2003,1,3
2003020586,2003,2,2
2003020587,2003,0,3
2003020588,2003,4,1
2003020589,2003,3,4
2003020590,2003,3,1
2003020591,2003,0,5
2003020592,2003,3,2
2003020593,2003,0,5
2003020594,2003,6,0
2003020595,2003,1,1
2003020596,2003,1,2
2003020597,2003,2,2
2003020598,2003,2,3
2003020599,2003,2,0
2003020600,2003,2,1
2003020601,2003,3,1
2003020602,2003,5,2
2003020603,2003,6,0
2003020604,2003,1,1
2003020605,2003,0,3
2003020606,2003,2,4
2003020607,2003,0,3
2003020608,2003,7,4
2003020609,2003,4,4
2003020610,2003,3,1
2003020611,2003,3,2
2003020612,2003,3,4
2003020613,2003,3,2
2003020614,2003,1,4
2003020615,2003,4,3
2003020616,2003,3,1
2003020617,2003,2,1
2003020618,2003,1,3
2003020619,2003,2,3
2003020620,2003,4,1
2003020621,2003,1,4
2003020622,2003,3,2
2003020623,2003,0,2
2003020624,2003,2,5
2003020625,2003,2,1
2003020626,2003,2,3
2003020627,2003,0,8
2003020628,2003,2,4
2003020629,2003,5,2
2003020630,2003,0,1
2003020631,2003,0,3
2003020632,2003,3,1
2003020633,2003,4,2
2003020634,2003,2,2
2003020635,2003,1,2
2003020636,2003,2,2
2003020637,2003,1,0
2003020638,2003,1,1
2003020639,2003,4,5
2003020640,2003,2,2
2003020641,2003,2,2
2003020642,2003,4,3
2003020643,2003,1,2
2003020644,2003,7,4
2003020645,2003,3,3
2003020646,2003,6,2
2003020647,2003,4,1
2003020648,2003,4,1
2003020649,2003,5,2
2003020650,2003,0,4
2003020651,2003,1,3
2003020652,2003,0,0
2003020653,2003,3,1
2003020654,2003,4,2
2003020655,2003,1,4
2003020656,2003,0,3
2003020657,2003,3,3
2003020658,2003,1,2
2003020659,2003,4,2
2003020660,2003,2,2
2003020661,2003,0,1
2003020662,2003,3,3
2003020663,2003,5,4
2003020664,2003,4,4
2003020665,2003,5,3
2003020666,2003,4,3
2003020667,2003,4,1
2003020668,2003,1,0
2003020669,2003,3,1
2003020670,2003,4,1
2003020671,2003,3,2
2003020672,2003,3,4
2003020673,2003,3,3
2003020674,2003,4,2
2003020675,2003,2,1
2003020676,2003,0,4
2003020677,2003,2,2
2003020678,2003,4,0
2003020679,2003,4,2
2003020680,2003,2,1
2003020681,2003,2,2
2003020682,2003,2,1
2003020683,2003,1,2
2003020684,2003,2,3
2003020685,2003,1,2
2003020686,2003,4,3
2003020687,2003,2,5
2003020688,2003,4,4
2003020689,2003,1,2
2003020690,2003,5,2
2003020691,2003,5,2
2003020692,2003,1,2
2003020693,2003,4,5
2003020694,2003,2,0
2003020695,2003,1,5
2003020696,2003,2,1
2003020697,2003,2,3
2003020698,2003,1,4
2003020699,2003,1,4
2003020700,2003,1,3
2003020701,2003,2,0
2003020702,2003,0,3
2003020703,2003,4,1
2003020704,2003,3,0
2003020705,2003,4,1
2003020706,2003,2,3
2003020707,2003,3,1
2003020708,2003,1,2
2003020709,2003,5,6
2003020710,2003,4,2
2003020711,2003,2,4
2003020712,2003,5,4
2003020713,2003,2,2
2003020714,2003,2,3
2003020715,2003,6,5
2003020716,2003,1,1
2003020717,2003,2,4
2003020718,2003,7,0
2003020719,2003,4,0
2003020720,2003,2,3
2003020721,2003,4,5
2003020722,2003,1,2
2003020723,2003,2,3
2003020724,2003,2,0
2003020725,2003,4,1
2003020726,2003,2,0
2003020727,2003,6,2
2003020728,2003,2,1
2003020729,2003,1,2
2003020730,2003,1,4
2003020731,2003,9,1
2003020732,2003,0,3
2003020733,2003,4,3
2003020734,2003,3,5
2003020735,2003,2,3
2003020736,2003,5,2
2003020737,2003,2,6
2003020738,2003,3,4
2003020739,2003,4,2
2003020740,2003,4,0
2003020741,2003,2,4
2003020742,2003,1,4
2003020743,2003,3,2
2003020744,2003,4,1
2003020745,2003,5,2
2003020746,2003,2,2
2003020747,2003,2,2
2003020748,2003,4,1
2003020749,2003,2,2
2003020750,2003,3,4
2003020751,2003,0,2
2003020752,2003,2,6
2003020753,2003,3,1
2003020754,2003,1,2
2003020755,2003,3,2
2003020756,2003,1,2
2003020757,2003,3,3
2003020758,2003,1,1
2003020759,2003,5,3
2003020760,2003,3,4
2003020761,2003,4,1
2003020762,2003,3,5
2003020763,2003,5,1
2003020764,2003,4,6
2003020765,2003,5,2
2003020766,2003,2,1
2003020767,2003,2,4
2003020768,2003,2,3
2003020769,2003,5,2
2003020770,2003,1,4
2003020771,2003,3,3
2003020772,2003,1,3
2003020773,2003,1,4
2003020774,2003,3,1
2003020775,2003,3,5
2003020776,2003,4,3
2003020777,2003,3,5
2003020778,2003,0,1
2003020779,2003,3,1
2003020780,2003,5,1
2003020781,2003,4,2
2003020782,2003,1,6
2003020783,2003,4,4
2003020784,2003,2,1
2003020785,2003,5,2
2003020786,2003,1,4
2003020787,2003,3,2
2003020788,2003,4,5
2003020789,2003,3,4
2003020790,2003,4,1
2003020791,2003,6,4
2003020792,2003,6,4
2003020793,2003,4,3
2003020794,2003,1,2
2003020795,2003,4,0
2003020796,2003,2,1
2003020797,2003,3,3
2003020798,2003,5,4
2003020799,2003,5,4
2003020800,2003,2,1
2003020801,2003,1,4
2003020802,2003,2,1
2003020803,2003,3,4
2003020804,2003,1,4
2003020805,2003,3,1
2003020806,2003,4,4
2003020807,2003,3,0
2003020808,2003,3,4
2003020809,2003,5,1
2003020810,2003,1,0
2003020811,2003,4,5
2003020812,2003,5,3
2003020813,2003,3,2
2003020814,2003,2,6
2003020815,2003,2,1
2003020816,2003,4,5
2003020817,2003,0,4
2003020818,2003,1,5
2003020819,2003,2,5
2003020820,2003,1,2
2003020821,2003,2,3
2003020822,2003,5,0
2003020823,2003,2,1
2003020824,2003,4,1
2003020825,2003,4,4
2003020826,2003,3,1
2003020827,2003,3,6
2003020828,2003,2,1
2003020829,2003,1,3
2003020830,2003,5,2
2003020831,2003,1,1
2003020832,2003,3,2
2003020833,2003,1,3
2003020834,2003,4,2
2003020835,2003,5,2
2003020836,2003,4,4
2003020837,2003,5,1
2003020838,2003,2,3
2003020839,2003,5,3
2003020840,2003,1,2
2003020841,2003,3,3
2003020842,2003,5,3
2003020843,2003,4,1
2003020844,2003,3,2
2003020845,2003,5,1
2003020846,2003,0,4
2003020847,2003,8,3
2003020848,2003,5,2
2003020849,2003,3,0
2003020850,2003,2,1
2003020851,2003,2,5
2003020852,2003,1,4
2003020853,2003,4,1
2003020854,2003,6,2
2003020855,2003,2,5
2003020856,2003,2,1
2003020857,2003,4,6
2003020858,2003,5,2
2003020859,2003,1,2
2003020860,2003,3,2
2003020861,2003,3,2
2003020862,2003,3,2
2003020863,2003,1,2
2003020864,2003,3,2
2003020865,2003,1,2
2003020866,2003,2,2
2003020867,2003,0,4
2003020868,2003,1,1
2003020869,2003,1,4
2003020870,2003,7,2
2003020871,2003,4,2
2003020872,2003,3,1
2003020873,2003,4,2
2003020874,2003,4,8
2003020875,2003,2,1
2003020876,2003,2,5
2003020877,2003,3,1
2003020878,2003,0,1
2003020879,2003,1,1
2003020880,2003,5,2
2003020881,2003,2,5
2003020882,2003,1,4
2003020883,2003,4,4
2003020884,2003,1,1
2003020885,2003,4,3
2003020886,2003,5,2
2003020887,2003,7,3
2003020888,2003,1,5
2003020889,2003,3,1
2003020890,2003,3,4
2003020891,2003,6,2
2003020892,2003,3,1
2003020893,2003,1,2
2003020894,2003,4,1
2003020895,2003,2,3
2003020896,2003,3,4
2003020897,2003,3,6
2003020898,2003,4,3
2003020899,2003,6,2
2003020900,2003,0,2
2003020901,2003,5,1
2003020902,2003,4,3
2003020903,2003,5,1
2003020904,2003,3,2
2003020905,2003,2,3
2003020906,2003,3,7
2003020907,2003,5,4
2003020908,2003,2,1
2003020909,2003,5,4
2003020910,2003,4,1
2003020911,2003,2,2
2003020912,2003,3,3
2003020913,2003,2,8
2003020914,2003,4,3
2003020915,2003,4,3
2003020916,2003,3,1
2003020917,2003,3,6
2003020918,2003,3,2
2003020919,2003,4,0
2003020920,2003,1,3
2003020921,2003,0,2
2003020922,2003,1,4
2003020923,2003,3,6
2003020924,2003,1,2
2003020925,2003,1,1
2003020926,2003,1,1
2003020927,2003,3,0
2003020928,2003,4,2
2003020929,2003,4,2
2003020930,2003,0,0
2003020931,2003,3,1
2003020932,2003,0,2
2003020933,2003,4,2
2003020934,2003,1,2
2003020935,2003,3,4
2003020936,2003,8,2
2003020937,2003,2,4
2003020938,2003,4,0
2003020939,2003,1,1
2003020940,2003,3,4
2003020941,2003,4,2
2003020942,2003,2,3
2003020943,2003,3,6
2003020944,2003,4,3
2003020945,2003,1,1
2003020946,2003,4,0
2003020947,2003,2,2
2003020948,2003,1,2
2003020949,2003,3,2
2003020950,2003,2,3
2003020951,2003,1,4
2003020952,2003,2,4
2003020953,2003,3,4
2003020954,2003,3,1
2003020955,2003,2,7
2003020956,2003,4,2
2003020957,2003,3,2
2003020958,2003,2,1
2003020959,2003,2,1
2003020960,2003,3,0
2003020961,2003,1,0
2003020962,2003,7,1
2003020963,2003,5,4
2003020964,2003,4,2
2003020965,2003,2,0
2003020966,2003,3,2
2003020967,2003,2,2
2003020968,2003,5,4
2003020969,2003,2,3
2003020970,2003,6,3
2003020971,2003,4,2
2003020972,2003,3,3
2003020973,2003,4,2
2003020974,2003,1,0
2003020975,2003,2,1
2003020976,2003,1,7
2003020977,2003,2,2
2003020978,2003,0,3
2003020979,2003,3,4
2003020980,2003,0,1
2003020981,2003,0,3
2003020982,2003,3,2
2003020983,2003,3,3
2003020984,2003,2,4
2003020985,2003,5,4
2003020986,2003,4,3
2003020987,2003,5,2
2003020988,2003,2,5
2003020989,2003,2,1
2003020990,2003,3,5
2003020991,2003,4,2
2003020992,2003,5,5
2003020993,2003,2,0
2003020994,2003,4,3
2003020995,2003,6,2
2003020996,2003,4,9
2003020997,2003,3,1
2003020998,2003,1,1
2003020999,2003,1,1
2003021000,2003,3,2
2003021001,2003,5,3
2003021002,2003,2,3
2003021003,2003,3,2
2003021004,2003,3,1
2003021005,2003,2,5
2003021006,2003,5,1
2003021007,2003,5,1
2003021008,2003,3,4
2003021009,2003,2,2
2003021010,2003,1,5
2003021011,2003,4,2
2003021012,2003,2,4
2003021013,2003,1,4
2003021014,2003,0,4
2003021015,2003,2,1
2003021016,2003,3,5
2003021017,2003,2,1
2003021018,2003,2,4
2003021019,2003,3,4
2003021020,2003,1,7
2003021021,2003,4,0
2003021022,2003,4,7
2003021023,2003,1,5
2003021024,2003,1,1
2003021025,2003,1,4
2003021026,2003,1,4
2003021027,2003,1,1
2003021028,2003,2,9
2003021029,2003,2,5
2003021030,2003,5,0
2003021031,2003,1,3
2003021032,2003,4,0
2003021033,2003,0,2
2003021034,2003,3,2
2003021035,2003,2,3
2003021036,2003,1,1
2003021037,2003,3,2
2003021038,2003,3,4
2003021039,2003,0,6
2003021040,2003,2,4
2003021041,2003,2,3
2003021042,2003,1,3
2003021043,2003,1,1
2003021044,2003,2,3
2003021045,2003,2,2
2003021046,2003,2,4
2003021047,2003,2,3
2003021048,2003,2,3
2003021049,2003,6,4
2003021050,2003,1,1
2003021051,2003,4,2
2003021052,2003,5,4
2003021053,2003,3,4
2003021054,2003,4,2
2003021055,2003,5,2
2003021056,2003,3,4
2003021057,2003,2,3
2003021058,2003,1,3
2003021059,2003,3,2
2003021060,2003,2,1
2003021061,2003,3,0
2003021062,2003,3,1
2003021063,2003,4,3
2003021064,2003,5,2
2003021065,2003,1,5
2003021066,2003,3,2
2003021067,2003,5,3
2003021068,2003,4,4
2003021069,2003,1,2
2003021070,2003,3,3
2003021071,2003,0,4
2003021072,2003,4,1
2003021073,2003,5,1
2003021074,2003,3,2
2003021075,2003,0,3
2003021076,2003,3,2
2003021077,2003,3,1
2003021078,2003,5,6
2003021079,2003,1,3
2003021080,2003,1,0
2003021081,2003,1,3
2003021082,2003,1,2
2003021083,2003,4,2
2003021084,2003,4,1
2003021085,2003,1,4
2003021086,2003,5,2
2003021087,2003,3,3
2003021088,2003,3,2
2003021089,2003,2,3
2003021090,2003,2,2
2003021091,2003,3,5
2003021092,2003,6,1
2003021093,2003,3,4
2003021094,2003,6,4
2003021095,2003,2,3
2003021096,2003,1,1
2003021097,2003,4,3
2003021098,2003,3,1
2003021099,2003,2,0
2003021100,2003,0,2
2003021101,2003,2,3
2003021102,2003,3,0
2003021103,2003,2,0
2003021104,2003,1,1
2003021105,2003,3,5
2003021106,2003,3,1
2003021107,2003,1,1
2003021108,2003,4,3
2003021109,2003,3,2
2003021110,2003,4,3
2003021111,2003,5,4
2003021112,2003,2,4
2003021113,2003,5,4
2003021114,2003,3,0
2003021115,2003,3,1
2003021116,2003,5,2
2003021117,2003,3,2
2003021118,2003,2,3
2003021119,2003,2,2
2003021120,2003,1,2
2003021121,2003,1,3
2003021122,2003,2,4
2003021123,2003,3,0
2003021124,2003,4,3
2003021125,2003,2,2
2003021126,2003,8,6
2003021127,2003,2,5
2003021128,2003,4,5
2003021129,2003,2,3
2003021130,2003,0,4
2003021131,2003,1,2
2003021132,2003,4,2
2003021133,2003,3,0
2003021134,2003,2,4
2003021135,2003,2,7
2003021136,2003,2,5
2003021137,2003,3,4
2003021138,2003,1,4
2003021139,2003,2,2
2003021140,2003,5,2
2003021141,2003,2,0
2003021142,2003,2,1
2003021143,2003,3,2
2003021144,2003,0,4
2003021145,2003,3,4
2003021146,2003,1,0
2003021147,2003,0,3
2003021148,2003,2,4
2003021149,2003,3,2
2003021150,2003,2,1
2003021151,2003,0,4
2003021152,2003,2,4
2003021153,2003,3,2
2003021154,2003,1,3
2003021155,2003,2,8
2003021156,2003,3,2
2003021157,2003,3,1
2003021158,2003,0,5
2003021159,2003,5,1
2003021160,2003,3,1
2003021161,2003,0,3
2003021162,2003,1,3
2003021163,2003,2,0
2003021164,2003,4,3
2003021165,2003,3,2
2003021166,2003,3,2
2003021167,2003,2,2
2003021168,2003,2,3
2003021169,2003,2,2
2003021170,2003,4,1
2003021171,2003,0,3
2003021172,2003,2,3
2003021173,2003,3,2
2003021174,2003,1,3
2003021175,2003,2,1
2003021176,2003,4,2
2003021177,2003,3,2
2003021178,2003,2,1
2003021179,2003,6,0
2003021180,2003,4,5
2003021181,2003,5,3
2003021182,2003,4,2
2003021183,2003,3,1
2003021184,2003,2,1
2003021185,2003,6,1
2003021186,2003,4,2
2003021187,2003,2,3
2003021188,2003,5,0
2003021189,2003,1,0
2003021190,2003,5,2
2003021191,2003,5,1
2003021192,2003,2,3
2003021193,2003,3,4
2003021194,2003,4,5
2003021195,2003,5,4
2003021196,2003,1,3
2003021197,2003,1,0
2003021198,2003,1,2
2003021199,2003,0,3
2003021200,2003,4,3
2003021201,2003,3,3
2003021202,2003,0,2
2003021203,2003,2,3
2003021204,2003,1,3
2003021205,2003,1,3
2003021206,2003,4,6
2003021207,2003,2,4
2003021208,2003,2,3
2003021209,2003,0,2
2003021210,2003,4,2
2003021211,2003,2,3
2003021212,2003,1,4
2003021213,2003,2,5
2003021214,2003,2,3
2003021215,2003,1,4
2003021216,2003,2,1
2003021217,2003,6,3
2003021218,2003,0,6
2003021219,2003,1,2
2003021220,2003,1,4
2003021221,2003,5,2
2003021222,2003,1,3
2003021223,2003,3,3
2003021224,2003,4,3
2003021225,2003,6,6
2003021226,2003,3,0
2003021227,2003,5,2
2003021228,2003,1,2
2003021229,2003,2,1
2003021230,2003,4,3
2005020001,2005,1,2
2005020002,2005,6,4
2005020003,2005,3,5
2005020004,2005,3,2
2005020005,2005,2,0
2005020006,2005,2,3
2005020007,2005,5,1
2005020008,2005,5,2
2005020009,2005,5,1
2005020010,2005,3,2
2005020011,2005,3,5
2005020012,2005,6,3
2005020013,2005,5,4
2005020014,2005,4,3
2005020015,2005,3,2
2005020016,2005,3,4
2005020017,2005,3,4
2005020018,2005,3,2
2005020019,2005,5,2
2005020020,2005,3,7
2005020021,2005,3,2
2005020022,2005,1,3
2005020023,2005,2,0
2005020024,2005,4,1
2005020025,2005,6,3
2005020026,2005,4,5
2005020027,2005,5,0
2005020028,2005,3,2
2005020029,2005,8,1
2005020030,2005,3,2
2005020031,2005,6,7
2005020032,2005,2,1
2005020033,2005,6,7
2005020034,2005,3,2
2005020035,2005,2,3
2005020036,2005,4,3
2005020037,2005,2,1
2005020038,2005,6,3
2005020039,2005,2,3
2005020040,2005,2,1
2005020041,2005,1,3
2005020042,2005,3,2
2005020043,2005,3,2
2005020044,2005,6,5
2005020045,2005,2,4
2005020046,2005,7,3
2005020047,2005,2,4
2005020048,2005,4,2
2005020049,2005,2,4
2005020050,2005,2,4
2005020051,2005,4,1
2005020052,2005,3,2
2005020053,2005,3,1
2005020054,2005,7,2
2005020055,2005,0,2
2005020056,2005,6,0
2005020057,2005,4,5
2005020058,2005,4,1
2005020059,2005,4,1
2005020060,2005,3,5
2005020061,2005,2,5
2005020062,2005,3,4
2005020063,2005,2,3
2005020064,2005,4,5
2005020065,2005,2,5
2005020066,2005,6,5
2005020067,2005,1,9
2005020068,2005,3,5
2005020069,2005,2,3
2005020070,2005,2,3
2005020071,2005,4,3
2005020072,2005,2,3
2005020073,2005,5,1
2005020074,2005,5,1
2005020075,2005,5,1
2005020076,2005,1,6
2005020077,2005,1,3
2005020078,2005,3,2
2005020079,2005,1,4
2005020080,2005,3,0
2005020081,2005,0,2
2005020082,2005,4,3
2005020083,2005,3,2
2005020084,2005,4,1
2005020085,2005,3,1
2005020086,2005,5,2
2005020087,2005,4,0
2005020088,2005,3,2
2005020089,2005,0,2
2005020090,2005,4,3
2005020091,2005,4,3
2005020092,2005,3,4
2005020093,2005,6,2
2005020094,2005,2,3
2005020095,2005,3,2
2005020096,2005,6,1
2005020097,2005,4,5
2005020098,2005,3,4
2005020099,2005,5,4
2005020100,2005,0,6
2005020101,2005,3,2
2005020102,2005,5,4
2005020103,2005,3,6
2005020104,2005,3,2
2005020105,2005,2,7
2005020106,2005,3,1
2005020107,2005,3,2
2005020108,2005,4,1
2005020109,2005,1,4
2005020110,2005,3,2
2005020111,2005,1,7
2005020112,2005,6,3
2005020113,2005,2,5
2005020114,2005,4,3
2005020115,2005,0,4
2005020116,2005,4,3
2005020117,2005,0,6
2005020118,2005,3,1
2005020119,2005,3,6
2005020120,2005,2,3
2005020121,2005,2,1
2005020122,2005,2,1
2005020123,2005,6,4
2005020124,2005,5,3
2005020125,2005,4,2
2005020126,2005,2,3
2005020127,2005,3,2
2005020128,2005,2,6
2005020129,2005,5,4
2005020130,2005,4,3
2005020131,2005,3,2
2005020132,2005,3,4
2005020133,2005,5,3
2005020134,2005,1,3
2005020135,2005,5,3
2005020136,2005,5,4
2005020137,2005,3,1
2005020138,2005,2,3
2005020139,2005,4,3
2005020140,2005,3,2
2005020141,2005,3,6
2005020142,2005,4,5
2005020143,2005,4,1
2005020144,2005,2,1
2005020145,2005,3,1
2005020146,2005,5,4
2005020147,2005,4,3
2005020148,2005,7,5
2005020149,2005,5,2
2005020150,2005,6,2
2005020151,2005,3,2
2005020152,2005,8,6
2005020153,2005,2,1
2005020154,2005,3,2
2005020155,2005,4,2
2005020156,2005,3,5
2005020157,2005,6,4
2005020158,2005,4,5
2005020159,2005,4,5
2005020160,2005,0,8
2005020161,2005,2,5
2005020162,2005,4,6
2005020163,2005,2,3
2005020164,2005,3,5
2005020165,2005,3,2
2005020166,2005,1,5
2005020167,2005,3,1
2005020168,2005,2,4
2005020169,2005,4,3
2005020170,2005,3,5
2005020171,2005,5,2
2005020172,2005,3,2
2005020173,2005,3,5
2005020174,2005,3,2
2005020175,2005,1,4
2005020176,2005,2,1
2005020177,2005,4,3
2005020178,2005,5,4
2005020179,2005,3,4
2005020180,2005,4,6
2005020181,2005,4,1
2005020182,2005,3,0
2005020183,2005,5,1
2005020184,2005,4,1
2005020185,2005,4,10
2005020186,2005,5,6
2005020187,2005,3,6
2005020188,2005,2,1
2005020189,2005,3,2
2005020190,2005,4,1
2005020191,2005,1,5
2005020192,2005,8,1
2005020193,2005,4,3
2005020194,2005,4,2
2005020195,2005,2,4
2005020196,2005,3,4
2005020197,2005,4,3
2005020198,2005,2,1
2005020199,2005,4,0
2005020200,2005,3,2
2005020201,2005,2,3
2005020202,2005,2,7
2005020203,2005,9,1
2005020204,2005,5,3
2005020205,2005,0,1
2005020206,2005,3,2
2005020207,2005,3,2
2005020208,2005,6,3
2005020209,2005,5,3
2005020210,2005,3,2
2005020211,2005,6,0
2005020212,2005,4,3
2005020213,2005,2,0
2005020214,2005,1,4
2005020215,2005,2,3
2005020216,2005,1,0
2005020217,2005,1,3
2005020218,2005,5,4
2005020219,2005,2,1
2005020220,2005,1,4
2005020221,2005,3,4
2005020222,2005,2,3
2005020223,2005,4,0
2005020224,2005,4,3
2005020225,2005,4,3
2005020226,2005,6,4
2005020227,2005,3,2
2005020228,2005,1,4
2005020229,2005,3,2
2005020230,2005,2,4
2005020231,2005,5,2
2005020232,2005,3,5
2005020233,2005,5,0
2005020234,2005,3,4
2005020235,2005,3,1
2005020236,2005,5,4
2005020237,2005,2,5
2005020238,2005,3,2
2005020239,2005,3,2
2005020240,2005,2,5
2005020241,2005,2,4
2005020242,2005,5,3
2005020243,2005,3,4
2005020244,2005,3,5
2005020245,2005,3,4
2005020246,2005,5,2
2005020247,2005,1,3
2005020248,2005,0,1
2005020249,2005,3,1
2005020250,2005,5,2
2005020251,2005,2,4
2005020252,2005,3,2
2005020253,2005,4,5
2005020254,2005,6,1
2005020255,2005,5,2
2005020256,2005,5,4
2005020257,2005,0,9
2005020258,2005,1,6
2005020259,2005,3,1
2005020260,2005,2,1
2005020261,2005,5,3
2005020262,2005,2,3
2005020263,2005,2,8
2005020264,2005,3,1
2005020265,2005,1,3
2005020266,2005,4,1
2005020267,2005,2,3
2005020268,2005,5,2
2005020269,2005,2,5
2005020270,2005,3,2
2005020271,2005,4,1
2005020272,2005,4,3
2005020273,2005,2,1
2005020274,2005,4,3
2005020275,2005,1,2
2005020276,2005,3,2
2005020277,2005,2,3
2005020278,2005,3,7
2005020279,2005,0,2
2005020280,2005,3,1
2005020281,2005,1,3
2005020282,2005,2,4
2005020283,2005,1,3
2005020284,2005,1,4
2005020285,2005,8,5
2005020286,2005,5,1
2005020287,2005,4,1
2005020288,2005,3,2
2005020289,2005,6,5
2005020290,2005,5,4
2005020291,2005,5,6
2005020292,2005,5,3
2005020293,2005,6,3
2005020294,2005,2,5
2005020295,2005,2,3
2005020296,2005,4,3
2005020297,2005,2,3
2005020298,2005,5,1
2005020299,2005,1,5
2005020300,2005,5,4
2005020301,2005,3,6
2005020302,2005,3,5
2005020303,2005,2,3
2005020304,2005,4,2
2005020305,2005,3,4
2005020306,2005,4,3
2005020307,2005,3,4
2005020308,2005,2,3
2005020309,2005,3,2
2005020310,2005,2,5
2005020311,2005,5,1
2005020312,2005,2,3
2005020313,2005,2,3
2005020314,2005,2,1
2005020315,2005,2,3
2005020316,2005,2,4
2005020317,2005,3,5
2005020318,2005,3,2
2005020319,2005,5,4
2005020320,2005,3,6
2005020321,2005,1,2
2005020322,2005,3,1
2005020323,2005,3,4
2005020324,2005,3,4
2005020325,2005,1,5
2005020326,2005,2,4
2005020327,2005,1,5
2005020328,2005,7,3
2005020329,2005,3,4
2005020330,2005,3,1
2005020331,2005,3,2
2005020332,2005,3,6
2005020333,2005,4,3
2005020334,2005,3,2
2005020335,2005,3,5
2005020336,2005,2,6
2005020337,2005,5,3
2005020338,2005,3,1
2005020339,2005,4,3
2005020340,2005,0,5
2005020341,2005,2,8
2005020342,2005,6,3
2005020343,2005,3,1
2005020344,2005,1,4
2005020345,2005,1,2
2005020346,2005,2,4
2005020347,2005,4,3
2005020348,2005,4,2
2005020349,2005,3,2
2005020350,2005,7,4
2005020351,2005,3,4
2005020352,2005,1,3
2005020353,2005,2,1
2005020354,2005,3,2
2005020355,2005,6,7
2005020356,2005,2,5
2005020357,2005,4,1
2005020358,2005,2,3
2005020359,2005,3,1
2005020360,2005,6,2
2005020361,2005,1,2
2005020362,2005,2,5
2005020363,2005,3,4
2005020364,2005,5,1
2005020365,2005,3,4
2005020366,2005,4,0
2005020367,2005,3,2
2005020368,2005,2,3
2005020369,2005,2,0
2005020370,2005,2,3
2005020371,2005,2,1
2005020372,2005,2,1
2005020373,2005,2,3
2005020374,2005,3,2
2005020375,2005,4,1
2005020376,2005,5,2
2005020377,2005,6,1
2005020378,2005,3,0
2005020379,2005,2,1
2005020380,2005,0,4
2005020381,2005,2,3
2005020382,2005,2,3
2005020383,2005,4,1
2005020384,2005,2,1
2005020385,2005,5,3
2005020386,2005,5,1
2005020387,2005,3,2
2005020388,2005,0,5
2005020389,2005,5,4
2005020390,2005,3,2
2005020391,2005,4,5
2005020392,2005,3,2
2005020393,2005,2,3
2005020394,2005,4,3
2005020395,2005,4,3
2005020396,2005,8,4
2005020397,2005,4,5
2005020398,2005,2,1
2005020399,2005,1,2
2005020400,2005,4,6
2005020401,2005,5,2
2005020402,2005,3,1
2005020403,2005,5,2
2005020404,2005,1,0
2005020405,2005,1,2
2005020406,2005,5,2
2005020407,2005,3,6
2005020408,2005,2,6
2005020409,2005,5,3
2005020410,2005,2,5
2005020411,2005,1,4
2005020412,2005,2,1
2005020413,2005,4,3
2005020414,2005,4,1
2005020415,2005,3,2
2005020416,2005,2,3
2005020417,2005,4,3
2005020418,2005,0,5
2005020419,2005,5,4
2005020420,2005,1,5
2005020421,2005,2,3
2005020422,2005,6,2
2005020423,2005,3,4
2005020424,2005,5,2
2005020425,2005,3,4
2005020426,2005,3,2
2005020427,2005,3,2
2005020428,2005,3,1
2005020429,2005,1,2
2005020430,2005,3,5
2005020431,2005,3,2
2005020432,2005,4,3
2005020433,2005,4,3
2005020434,2005,4,5
2005020435,2005,2,1
2005020436,2005,4,3
2005020437,2005,4,5
2005020438,2005,1,2
2005020439,2005,3,2
2005020440,2005,2,3
2005020441,2005,3,2
2005020442,2005,3,1
2005020443,2005,2,6
2005020444,2005,3,4
2005020445,2005,2,3
2005020446,2005,5,3
2005020447,2005,7,6
2005020448,2005,7,3
2005020449,2005,1,3
2005020450,2005,5,2
2005020451,2005,2,1
2005020452,2005,3,0
2005020453,2005,4,3
2005020454,2005,4,2
2005020455,2005,2,3
2005020456,2005,4,5
2005020457,2005,2,1
2005020458,2005,0,2
2005020459,2005,2,3
2005020460,2005,3,2
2005020461,2005,5,3
2005020462,2005,2,3
2005020463,2005,5,3
2005020464,2005,1,3
2005020465,2005,3,4
2005020466,2005,5,1
2005020467,2005,3,4
2005020468,2005,4,1
2005020469,2005,8,2
2005020470,2005,5,4
2005020471,2005,4,1
2005020472,2005,2,1
2005020473,2005,4,3
2005020474,2005,3,6
2005020475,2005,2,5
2005020476,2005,7,3
2005020477,2005,4,3
2005020478,2005,3,0
2005020479,2005,4,5
2005020480,2005,4,1
2005020481,2005,1,2
2005020482,2005,2,3
2005020483,2005,3,5
2005020484,2005,5,4
2005020485,2005,1,2
2005020486,2005,9,6
2005020487,2005,2,1
2005020488,2005,5,4
2005020489,2005,3,4
2005020490,2005,1,3
2005020491,2005,6,4
2005020492,2005,4,3
2005020493,2005,4,3
2005020494,2005,3,2
2005020495,2005,4,5
2005020496,2005,4,2
2005020497,2005,4,2
2005020498,2005,3,5
2005020499,2005,1,6
2005020500,2005,2,5
2005020501,2005,6,7
2005020502,2005,6,3
2005020503,2005,4,1
2005020504,2005,4,2
2005020505,2005,4,3
2005020506,2005,5,6
2005020507,2005,4,1
2005020508,2005,4,3
2005020509,2005,2,1
2005020510,2005,2,1
2005020511,2005,2,4
2005020512,2005,4,2
2005020513,2005,4,3
2005020514,2005,4,5
2005020515,2005,0,1
2005020516,2005,4,5
2005020517,2005,1,4
2005020518,2005,5,3
2005020519,2005,2,3
2005020520,2005,2,3
2005020521,2005,5,3
2005020522,2005,5,6
2005020523,2005,1,2
2005020524,2005,6,3
2005020525,2005,4,0
2005020526,2005,2,3
2005020527,2005,4,3
2005020528,2005,2,1
2005020529,2005,6,2
2005020530,2005,5,4
2005020531,2005,1,6
2005020532,2005,7,4
2005020533,2005,1,4
2005020534,2005,1,2
2005020535,2005,4,3
2005020536,2005,3,4
2005020537,2005,2,3
2005020538,2005,1,4
2005020539,2005,3,4
2005020540,2005,2,6
2005020541,2005,3,4
2005020542,2005,6,4
2005020543,2005,1,0
2005020544,2005,6,2
2005020545,2005,7,2
2005020546,2005,3,4
2005020547,2005,1,2
2005020548,2005,3,5
2005020549,2005,2,4
2005020550,2005,4,3
2005020551,2005,4,5
2005020552,2005,3,4
2005020553,2005,4,3
2005020554,2005,6,2
2005020555,2005,3,0
2005020556,2005,4,2
2005020557,2005,6,5
2005020558,2005,4,3
2005020559,2005,1,2
2005020560,2005,2,1
2005020561,2005,4,1
2005020562,2005,2,3
2005020563,2005,4,2
2005020564,2005,5,2
2005020565,2005,4,3
2005020566,2005,4,3
2005020567,2005,4,5
2005020568,2005,4,3
2005020569,2005,3,6
2005020570,2005,5,2
2005020571,2005,5,3
2005020572,2005,2,3
2005020573,2005,2,5
2005020574,2005,6,5
2005020575,2005,2,5
2005020576,2005,1,2
2005020577,2005,2,4
2005020578,2005,0,1
2005020579,2005,3,2
2005020580,2005,1,2
2005020581,2005,8,3
2005020582,2005,3,2
2005020583,2005,4,1
2005020584,2005,3,2
2005020585,2005,0,1
2005020586,2005,4,6
2005020587,2005,3,0
2005020588,2005,2,4
2005020589,2005,3,0
2005020590,2005,5,0
2005020591,2005,4,3
2005020592,2005,1,3
2005020593,2005,4,3
2005020594,2005,3,4
2005020595,2005,3,1
2005020596,2005,4,2
2005020597,2005,3,1
2005020598,2005,3,4
2005020599,2005,5,4
2005020600,2005,3,0
2005020601,2005,2,4
2005020602,2005,2,3
2005020603,2005,4,0
2005020604,2005,6,3
2005020605,2005,1,3
2005020606,2005,4,1
2005020607,2005,6,4
2005020608,2005,1,3
2005020609,2005,4,3
2005020610,2005,1,0
2005020611,2005,4,0
2005020612,2005,4,1
2005020613,2005,3,2
2005020614,2005,6,3
2005020615,2005,0,3
2005020616,2005,2,3
2005020617,2005,2,3
2005020618,2005,3,4
2005020619,2005,4,1
2005020620,2005,4,3
2005020621,2005,3,2
2005020622,2005,3,4
2005020623,2005,3,6
2005020624,2005,1,5
2005020625,2005,2,5
2005020626,2005,3,0
2005020627,2005,1,2
2005020628,2005,6,1
2005020629,2005,6,2
2005020630,2005,2,6
2005020631,2005,4,2
2005020632,2005,3,4
2005020633,2005,3,2
2005020634,2005,7,2
2005020635,2005,1,3
2005020636,2005,2,1
2005020637,2005,4,3
2005020638,2005,4,3
2005020639,2005,6,1
2005020640,2005,2,5
2005020641,2005,2,1
2005020642,2005,0,6
2005020643,2005,1,2
2005020644,2005,3,2
2005020645,2005,5,4
2005020646,2005,3,1
2005020647,2005,0,2
2005020648,2005,6,3
2005020649,2005,4,1
2005020650,2005,5,4
2005020651,2005,2,0
2005020652,2005,3,0
2005020653,2005,4,2
2005020654,2005,4,1
2005020655,2005,2,3
2005020656,2005,1,2
2005020657,2005,3,4
2005020658,2005,4,3
2005020659,2005,3,4
2005020660,2005,6,2
2005020661,2005,1,8
2005020662,2005,10,1
2005020663,2005,4,5
2005020664,2005,1,4
2005020665,2005,3,5
2005020666,2005,4,2
2005020667,2005,2,3
2005020668,2005,5,4
2005020669,2005,4,3
2005020670,2005,1,6
2005020671,2005,4,3
2005020672,2005,4,2
2005020673,2005,2,4
2005020674,2005,1,6
2005020675,2005,3,1
2005020676,2005,1,3
2005020677,2005,3,4
2005020678,2005,3,5
2005020679,2005,1,2
2005020680,2005,5,3
2005020681,2005,1,4
2005020682,2005,0,4
2005020683,2005,5,3
2005020684,2005,2,5
2005020685,2005,2,5
2005020686,2005,5,4
2005020687,2005,4,3
2005020688,2005,3,4
2005020689,2005,2,4
2005020690,2005,3,4
2005020691,2005,4,2
2005020692,2005,3,2
2005020693,2005,6,3
2005020694,2005,4,1
2005020695,2005,8,6
2005020696,2005,2,3
2005020697,2005,4,3
2005020698,2005,4,1
2005020699,2005,3,6
2005020700,2005,3,2
2005020701,2005,1,2
2005020702,2005,3,4
2005020703,2005,3,4
2005020704,2005,2,3
2005020705,2005,7,0
2005020706,2005,0,2
2005020707,2005,5,2
2005020708,2005,7,2
2005020709,2005,4,1
2005020710,2005,4,3
2005020711,2005,6,2
2005020712,2005,1,0
2005020713,2005,3,1
2005020714,2005,2,3
2005020715,2005,4,2
2005020716,2005,2,3
2005020717,2005,7,3
2005020718,2005,4,3
2005020719,2005,4,0
2005020720,2005,2,4
2005020721,2005,4,1
2005020722,2005,1,3
2005020723,2005,3,2
2005020724,2005,0,4
2005020725,2005,1,2
2005020726,2005,2,3
2005020727,2005,6,5
2005020728,2005,2,3
2005020729,2005,1,2
2005020730,2005,3,2
2005020731,2005,7,4
2005020732,2005,4,1
2005020733,2005,3,5
2005020734,2005,3,4
2005020735,2005,8,1
2005020736,2005,4,3
2005020737,2005,3,6
2005020738,2005,3,2
2005020739,2005,4,3
2005020740,2005,1,5
2005020741,2005,4,8
2005020742,2005,3,0
2005020743,2005,1,0
2005020744,2005,2,1
2005020745,2005,3,5
2005020746,2005,5,1
2005020747,2005,2,0
2005020748,2005,2,3
2005020749,2005,3,5
2005020750,2005,0,2
2005020751,2005,4,3
2005020752,2005,4,0
2005020753,2005,0,6
2005020754,2005,2,1
2005020755,2005,2,6
2005020756,2005,3,4
2005020757,2005,3,4
2005020758,2005,7,1
2005020759,2005,4,1
2005020760,2005,4,3
2005020761,2005,6,2
2005020762,2005,3,4
2005020763,2005,2,1
2005020764,2005,3,5
2005020765,2005,3,4
2005020766,2005,2,3
2005020767,2005,2,4
2005020768,2005,0,5
2005020769,2005,3,2
2005020770,2005,4,5
2005020771,2005,3,2
2005020772,2005,4,3
2005020773,2005,5,3
2005020774,2005,2,5
2005020775,2005,2,8
2005020776,2005,3,2
2005020777,2005,3,2
2005020778,2005,4,7
2005020779,2005,3,1
2005020780,2005,5,3
2005020781,2005,3,2
2005020782,2005,2,1
2005020783,2005,1,2
2005020784,2005,4,6
2005020785,2005,3,1
2005020786,2005,4,2
2005020787,2005,2,5
2005020788,2005,2,7
2005020789,2005,6,5
2005020790,2005,4,3
2005020791,2005,1,2
2005020792,2005,2,1
2005020793,2005,2,3
2005020794,2005,4,1
2005020795,2005,3,0
2005020796,2005,5,2
2005020797,2005,1,3
2005020798,2005,2,0
2005020799,2005,3,4
2005020800,2005,4,3
2005020801,2005,6,0
2005020802,2005,0,3
2005020803,2005,4,2
2005020804,2005,6,4
2005020805,2005,2,1
2005020806,2005,4,5
2005020807,2005,5,0
2005020808,2005,4,6
2005020809,2005,3,1
2005020810,2005,0,2
2005020811,2005,3,4
2005020812,2005,5,0
2005020813,2005,2,3
2005020814,2005,5,2
2005020815,2005,4,2
2005020816,2005,6,5
2005020817,2005,7,4
2005020818,2005,3,4
2005020819,2005,0,5
2005020820,2005,4,1
2005020821,2005,2,3
2005020822,2005,7,4
2005020823,2005,5,1
2005020824,2005,5,2
2005020825,2005,1,3
2005020826,2005,5,1
2005020827,2005,5,2
2005020828,2005,7,4
2005020829,2005,1,3
2005020830,2005,6,0
2005020831,2005,3,1
2005020832,2005,2,4
2005020833,2005,2,1
2005020834,2005,2,3
2005020835,2005,2,3
2005020836,2005,1,2
2005020837,2005,5,3
2005020838,2005,2,3
2005020839,2005,1,2
2005020840,2005,1,5
2005020841,2005,4,2
2005020842,2005,5,4
2005020843,2005,3,4
2005020844,2005,1,4
2005020845,2005,3,2
2005020846,2005,3,6
2005020847,2005,1,3
2005020848,2005,6,3
2005020849,2005,1,2
2005020850,2005,5,4
2005020851,2005,2,4
2005020852,2005,5,6
2005020853,2005,1,2
2005020854,2005,3,2
2005020855,2005,3,6
2005020856,2005,5,3
2005020857,2005,5,2
2005020858,2005,4,5
2005020859,2005,6,5
2005020860,2005,4,3
2005020861,2005,6,3
2005020862,2005,4,5
2005020863,2005,4,1
2005020864,2005,3,2
2005020865,2005,3,5
2005020866,2005,3,5
2005020867,2005,2,8
2005020868,2005,4,2
2005020869,2005,1,2
2005020870,2005,5,1
2005020871,2005,2,4
2005020872,2005,4,3
2005020873,2005,2,1
2005020874,2005,3,4
2005020875,2005,3,0
2005020876,2005,2,4
2005020877,2005,0,2
2005020878,2005,3,2
2005020879,2005,3,2
2005020880,2005,1,6
2005020881,2005,0,1
2005020882,2005,7,1
2005020883,2005,3,1
2005020884,2005,1,0
2005020885,2005,3,1
2005020886,2005,6,2
2005020887,2005,3,2
2005020888,2005,5,2
2005020889,2005,6,2
2005020890,2005,4,5
2005020891,2005,3,2
2005020892,2005,4,2
2005020893,2005,3,2
2005020894,2005,2,3
2005020895,2005,2,4
2005020896,2005,4,2
2005020897,2005,3,2
2005020898,2005,2,1
2005020899,2005,5,7
2005020900,2005,2,6
2005020901,2005,5,3
2005020902,2005,3,7
2005020903,2005,2,0
2005020904,2005,3,2
2005020905,2005,2,3
2005020906,2005,2,7
2005020907,2005,5,3
2005020908,2005,1,4
2005020909,2005,1,2
2005020910,2005,5,4
2005020911,2005,5,2
2005020912,2005,4,3
2005020913,2005,0,4
2005020914,2005,3,2
2005020915,2005,2,1
2005020916,2005,1,3
2005020917,2005,5,3
2005020918,2005,4,5
2005020919,2005,2,5
2005020920,2005,1,2
2005020921,2005,2,3
2005020922,2005,2,3
2005020923,2005,3,4
2005020924,2005,5,4
2005020925,2005,3,2
2005020926,2005,6,3
2005020927,2005,3,2
2005020928,2005,0,3
2005020929,2005,8,5
2005020930,2005,6,2
2005020931,2005,5,4
2005020932,2005,7,3
2005020933,2005,1,2
2005020934,2005,1,0
2005020935,2005,2,3
2005020936,2005,5,2
2005020937,2005,2,1
2005020938,2005,3,4
2005020939,2005,1,3
2005020940,2005,2,1
2005020941,2005,5,6
2005020942,2005,3,2
2005020943,2005,1,3
2005020944,2005,5,1
2005020945,2005,1,0
2005020946,2005,4,3
2005020947,2005,6,3
2005020948,2005,4,3
2005020949,2005,6,4
2005020950,2005,1,2
2005020951,2005,3,5
2005020952,2005,1,2
2005020953,2005,2,5
2005020954,2005,3,0
2005020955,2005,6,2
2005020956,2005,2,3
2005020957,2005,5,3
2005020958,2005,3,5
2005020959,2005,4,3
2005020960,2005,2,0
2005020961,2005,5,2
2005020962,2005,1,2
2005020963,2005,3,2
2005020964,2005,4,2
2005020965,2005,4,3
2005020966,2005,4,3
2005020967,2005,4,6
2005020968,2005,5,3
2005020969,2005,5,4
2005020970,2005,4,3
2005020971,2005,1,6
2005020972,2005,5,0
2005020973,2005,1,2
2005020974,2005,2,6
2005020975,2005,0,4
2005020976,2005,3,1
2005020977,2005,3,2
2005020978,2005,3,2
2005020979,2005,3,1
2005020980,2005,5,4
2005020981,2005,4,2
2005020982,2005,1,5
2005020983,2005,2,1
2005020984,2005,2,0
2005020985,2005,3,2
2005020986,2005,1,4
2005020987,2005,5,2
2005020988,2005,2,3
2005020989,2005,6,3
2005020990,2005,4,2
2005020991,2005,1,2
2005020992,2005,4,2
2005020993,2005,3,4
2005020994,2005,4,5
2005020995,2005,4,2
2005020996,2005,5,2
2005020997,2005,3,4
2005020998,2005,2,4
2005020999,2005,9,4
2005021000,2005,3,4
2005021001,2005,3,1
2005021002,2005,2,3
2005021003,2005,5,2
2005021004,2005,3,4
2005021005,2005,2,3
2005021006,2005,0,4
2005021007,2005,0,1
2005021008,2005,6,5
2005021009,2005,3,7
2005021010,2005,5,2
2005021011,2005,2,4
2005021012,2005,5,0
2005021013,2005,6,5
2005021014,2005,4,2
2005021015,2005,1,2
2005021016,2005,0,5
2005021017,2005,4,5
2005021018,2005,3,1
2005021019,2005,2,1
2005021020,2005,2,5
2005021021,2005,3,2
2005021022,2005,5,2
2005021023,2005,2,3
2005021024,2005,0,6
2005021025,2005,3,1
2005021026,2005,1,4
2005021027,2005,3,4
2005021028,2005,3,6
2005021029,2005,3,2
2005021030,2005,4,2
2005021031,2005,5,4
2005021032,2005,6,5
2005021033,2005,5,1
2005021034,2005,4,3
2005021035,2005,4,0
2005021036,2005,2,7
2005021037,2005,4,3
2005021038,2005,4,3
2005021039,2005,3,2
2005021040,2005,4,2
2005021041,2005,4,3
2005021042,2005,3,2
2005021043,2005,1,3
2005021044,2005,3,2
2005021045,2005,6,3
2005021046,2005,5,4
2005021047,2005,6,2
2005021048,2005,5,1
2005021049,2005,6,3
2005021050,2005,1,3
2005021051,2005,4,3
2005021052,2005,4,5
2005021053,2005,2,3
2005021054,2005,1,5
2005021055,2005,2,5
2005021056,2005,2,3
2005021057,2005,6,4
2005021058,2005,3,2
2005021059,2005,4,5
2005021060,2005,3,4
2005021061,2005,5,6
2005021062,2005,3,4
2005021063,2005,3,4
2005021064,2005,5,4
2005021065,2005,2,1
2005021066,2005,1,4
2005021067,2005,7,4
2005021068,2005,2,3
2005021069,2005,4,1
2005021070,2005,2,0
2005021071,2005,2,3
2005021072,2005,4,3
2005021073,2005,2,3
2005021074,2005,5,3
2005021075,2005,4,3
2005021076,2005,1,5
2005021077,2005,1,5
2005021078,2005,3,5
2005021079,2005,3,2
2005021080,2005,2,1
2005021081,2005,2,1
2005021082,2005,2,1
2005021083,2005,3,2
2005021084,2005,4,1
2005021085,2005,3,1
2005021086,2005,4,3
2005021087,2005,4,0
2005021088,2005,2,5
2005021089,2005,0,4
2005021090,2005,3,2
2005021091,2005,2,3
2005021092,2005,2,4
2005021093,2005,6,3
2005021094,2005,1,2
2005021095,2005,5,4
2005021096,2005,1,4
2005021097,2005,7,0
2005021098,2005,2,0
2005021099,2005,0,1
2005021100,2005,5,2
2005021101,2005,5,2
2005021102,2005,4,2
2005021103,2005,2,1
2005021104,2005,1,4
2005021105,2005,1,0
2005021106,2005,3,4
2005021107,2005,1,4
2005021108,2005,2,3
2005021109,2005,2,3
2005021110,2005,6,2
2005021111,2005,6,5
2005021112,2005,2,3
2005021113,2005,6,4
2005021114,2005,4,1
2005021115,2005,1,3
2005021116,2005,2,3
2005021117,2005,4,3
2005021118,2005,1,2
2005021119,2005,7,1
2005021120,2005,1,0
2005021121,2005,3,2
2005021122,2005,5,3
2005021123,2005,5,4
2005021124,2005,6,2
2005021125,2005,5,4
2005021126,2005,3,4
2005021127,2005,2,5
2005021128,2005,3,2
2005021129,2005,6,4
2005021130,2005,4,3
2005021131,2005,1,2
2005021132,2005,5,2
2005021133,2005,3,2
2005021134,2005,3,1
2005021135,2005,3,5
2005021136,2005,3,2
2005021137,2005,0,3
2005021138,2005,2,1
2005021139,2005,3,5
2005021140,2005,0,5
2005021141,2005,3,4
2005021142,2005,1,5
2005021143,2005,6,5
2005021144,2005,2,4
2005021145,2005,3,4
2005021146,2005,2,1
2005021147,2005,3,4
2005021148,2005,4,2
2005021149,2005,2,4
2005021150,2005,2,3
2005021151,2005,2,6
2005021152,2005,5,0
2005021153,2005,2,5
2005021154,2005,5,2
2005021155,2005,2,4
2005021156,2005,1,0
2005021157,2005,2,1
2005021158,2005,3,2
2005021159,2005,2,3
2005021160,2005,6,3
2005021161,2005,2,1
2005021162,2005,3,2
2005021163,2005,4,1
2005021164,2005,2,5
2005021165,2005,1,2
2005021166,2005,3,2
2005021167,2005,2,4
2005021168,2005,2,3
2005021169,2005,2,3
2005021170,2005,4,3
2005021171,2005,3,4
2005021172,2005,6,5
2005021173,2005,4,3
2005021174,2005,2,6
2005021175,2005,2,0
2005021176,2005,0,2
2005021177,2005,2,0
2005021178,2005,3,2
2005021179,2005,6,4
2005021180,2005,3,0
2005021181,2005,3,1
2005021182,2005,4,5
2005021183,2005,3,4
2005021184,2005,3,4
2005021185,2005,5,3
2005021186,2005,4,1
2005021187,2005,4,5
2005021188,2005,4,1
2005021189,2005,5,3
2005021190,2005,4,2
2005021191,2005,3,7
2005021192,2005,2,0
2005021193,2005,2,1
2005021194,2005,3,0
2005021195,2005,5,3
2005021196,2005,5,4
2005021197,2005,4,1
2005021198,2005,2,3
2005021199,2005,4,3
2005021200,2005,6,3
2005021201,2005,5,1
2005021202,2005,2,4
2005021203,2005,5,4
2005021204,2005,4,3
2005021205,2005,5,2
2005021206,2005,3,2
2005021207,2005,1,2
2005021208,2005,5,1
2005021209,2005,4,3
2005021210,2005,2,1
2005021211,2005,5,1
2005021212,2005,6,0
2005021213,2005,4,3
2005021214,2005,0,3
2005021215,2005,6,4
2005021216,2005,6,1
2005021217,2005,3,2
2005021218,2005,4,2
2005021219,2005,4,3
2005021220,2005,0,4
2005021221,2005,1,4
2005021222,2005,1,5
2005021223,2005,0,4
2005021224,2005,2,1
2005021225,2005,5,4
2005021226,2005,5,3
2005021227,2005,3,4
2005021228,2005,1,4
2005021229,2005,6,3
2005021230,2005,3,2
2006020001,2006,2,3
2006020002,2006,1,4
2006020003,2006,2,3
2006020004,2006,0,6
2006020005,2006,5,2
2006020006,2006,2,3
2006020007,2006,4,0
2006020008,2006,1,3
2006020009,2006,6,8
2006020010,2006,3,2
2006020011,2006,3,1
2006020012,2006,6,3
2006020013,2006,5,4
2006020014,2006,0,4
2006020015,2006,2,3
2006020016,2006,8,3
2006020017,2006,5,4
2006020018,2006,4,3
2006020019,2006,2,3
2006020020,2006,3,4
2006020021,2006,4,5
2006020022,2006,5,2
2006020023,2006,6,0
2006020024,2006,0,2
2006020025,2006,2,3
2006020026,2006,6,5
2006020027,2006,3,1
2006020028,2006,4,5
2006020029,2006,2,1
2006020030,2006,1,2
2006020031,2006,4,1
2006020032,2006,2,0
2006020033,2006,3,2
2006020034,2006,2,0
2006020035,2006,5,1
2006020036,2006,2,1
2006020037,2006,0,1
2006020038,2006,1,4
2006020039,2006,2,4
2006020040,2006,2,1
2006020041,2006,4,2
2006020042,2006,1,3
2006020043,2006,4,1
2006020044,2006,6,3
2006020045,2006,9,2
2006020046,2006,4,5
2006020047,2006,5,6
2006020048,2006,0,1
2006020049,2006,7,6
2006020050,2006,3,2
2006020051,2006,3,2
2006020052,2006,3,1
2006020053,2006,6,4
2006020054,2006,1,4
2006020055,2006,3,4
2006020056,2006,3,2
2006020057,2006,2,3
2006020058,2006,4,6
2006020059,2006,7,4
2006020060,2006,5,4
2006020061,2006,2,3
2006020062,2006,4,1
2006020063,2006,3,4
2006020064,2006,3,2
2006020065,2006,1,5
2006020066,2006,4,1
2006020067,2006,4,3
2006020068,2006,4,1
2006020069,2006,5,0
2006020070,2006,3,4
2006020071,2006,1,4
2006020072,2006,3,4
2006020073,2006,4,2
2006020074,2006,1,5
2006020075,2006,1,2
2006020076,2006,3,5
2006020077,2006,2,1
2006020078,2006,1,3
2006020079,2006,9,1
2006020080,2006,5,4
2006020081,2006,2,5
2006020082,2006,2,1
2006020083,2006,2,0
2006020084,2006,0,3
2006020085,2006,5,2
2006020086,2006,1,4
2006020087,2006,1,2
2006020088,2006,2,1
2006020089,2006,4,1
2006020090,2006,1,2
2006020091,2006,3,2
2006020092,2006,4,3
2006020093,2006,1,2
2006020094,2006,3,4
2006020095,2006,3,4
2006020096,2006,4,1
2006020097,2006,0,4
2006020098,2006,5,1
2006020099,2006,2,4
2006020100,2006,3,2
2006020101,2006,5,4
2006020102,2006,2,3
2006020103,2006,5,4
2006020104,2006,2,1
2006020105,2006,2,6
2006020106,2006,4,5
2006020107,2006,8,5
2006020108,2006,8,1
2006020109,2006,4,3
2006020110,2006,4,6
2006020111,2006,4,2
2006020112,2006,5,3
2006020113,2006,3,4
2006020114,2006,3,4
2006020115,2006,3,1
2006020116,2006,0,4
2006020117,2006,1,4
2006020118,2006,2,3
2006020119,2006,0,3
2006020120,2006,1,4
2006020121,2006,3,6
2006020122,2006,6,1
2006020123,2006,2,1
2006020124,2006,5,2
2006020125,2006,4,2
2006020126,2006,2,6
2006020127,2006,6,1
2006020128,2006,2,4
2006020129,2006,5,4
2006020130,2006,2,1
2006020131,2006,3,1
2006020132,2006,0,5
2006020133,2006,3,5
2006020134,2006,6,2
2006020135,2006,2,3
2006020136,2006,3,2
2006020137,2006,7,2
2006020138,2006,2,0
2006020139,2006,0,3
2006020140,2006,5,1
2006020141,2006,4,3
2006020142,2006,6,2
2006020143,2006,2,0
2006020144,2006,3,2
2006020145,2006,3,4
2006020146,2006,3,2
2006020147,2006,2,1
2006020148,2006,4,5
2006020149,2006,4,5
2006020150,2006,4,3
2006020151,2006,2,8
2006020152,2006,6,4
2006020153,2006,1,0
2006020154,2006,2,3
2006020155,2006,4,0
2006020156,2006,3,2
2006020157,2006,0,3
2006020158,2006,2,3
2006020159,2006,3,7
2006020160,2006,2,4
2006020161,2006,4,1
2006020162,2006,3,0
2006020163,2006,4,2
2006020164,2006,5,6
2006020165,2006,2,4
2006020166,2006,4,1
2006020167,2006,5,2
2006020168,2006,4,2
2006020169,2006,1,2
2006020170,2006,2,3
2006020171,2006,2,5
2006020172,2006,3,5
2006020173,2006,2,4
2006020174,2006,3,2
2006020175,2006,4,1
2006020176,2006,3,5
2006020177,2006,3,4
2006020178,2006,3,4
2006020179,2006,4,5
2006020180,2006,2,5
2006020181,2006,0,4
2006020182,2006,2,5
2006020183,2006,4,2
2006020184,2006,4,1
2006020185,2006,5,2
2006020186,2006,1,2
2006020187,2006,1,3
2006020188,2006,3,4
2006020189,2006,5,4
2006020190,2006,2,3
2006020191,2006,6,2
2006020192,2006,6,5
2006020193,2006,1,4
2006020194,2006,1,2
2006020195,2006,2,3
2006020196,2006,1,4
2006020197,2006,3,5
2006020198,2006,4,1
2006020199,2006,2,3
2006020200,2006,3,4
2006020201,2006,3,2
2006020202,2006,6,4
2006020203,2006,3,2
2006020204,2006,3,4
2006020205,2006,4,3
2006020206,2006,5,3
2006020207,2006,4,1
2006020208,2006,1,5
2006020209,2006,2,1
2006020210,2006,3,2
2006020211,2006,3,2
2006020212,2006,3,2
2006020213,2006,5,6
2006020214,2006,3,1
2006020215,2006,3,1
2006020216,2006,5,4
2006020217,2006,3,4
2006020218,2006,3,4
2006020219,2006,3,0
2006020220,2006,4,6
2006020221,2006,1,3
2006020222,2006,5,0
2006020223,2006,2,1
2006020224,2006,2,4
2006020225,2006,0,1
2006020226,2006,0,6
2006020227,2006,3,7
2006020228,2006,1,4
2006020229,2006,3,6
2006020230,2006,2,5
2006020231,2006,3,0
2006020232,2006,5,4
2006020233,2006,3,1
2006020234,2006,3,0
2006020235,2006,4,3
2006020236,2006,5,1
2006020237,2006,4,5
2006020238,2006,3,1
2006020239,2006,6,2
2006020240,2006,4,2
2006020241,2006,5,3
2006020242,2006,1,0
2006020243,2006,1,2
2006020244,2006,2,3
2006020245,2006,2,3
2006020246,2006,5,3
2006020247,2006,1,0
2006020248,2006,3,2
2006020249,2006,4,7
2006020250,2006,3,6
2006020251,2006,3,2
2006020252,2006,1,4
2006020253,2006,1,2
2006020254,2006,4,2
2006020255,2006,3,2
2006020256,2006,3,0
2006020257,2006,4,3
2006020258,2006,2,3
2006020259,2006,2,4
2006020260,2006,2,3
2006020261,2006,2,1
2006020262,2006,4,5
2006020263,2006,1,3
2006020264,2006,0,3
2006020265,2006,3,4
2006020266,2006,4,7
2006020267,2006,2,1
2006020268,2006,5,1
2006020269,2006,6,7
2006020270,2006,6,2
2006020271,2006,3,2
2006020272,2006,3,4
2006020273,2006,1,4
2006020274,2006,0,3
2006020275,2006,3,2
2006020276,2006,3,5
2006020277,2006,4,2
2006020278,2006,3,2
2006020279,2006,4,1
2006020280,2006,4,2
2006020281,2006,3,4
2006020282,2006,5,3
2006020283,2006,3,2
2006020284,2006,1,2
2006020285,2006,3,1
2006020286,2006,4,1
2006020287,2006,5,4
2006020288,2006,3,1
2006020289,2006,1,4
2006020290,2006,4,2
2006020291,2006,1,2
2006020292,2006,4,3
2006020293,2006,6,1
2006020294,2006,4,1
2006020295,2006,6,4
2006020296,2006,2,1
2006020297,2006,2,3
2006020298,2006,7,2
2006020299,2006,3,5
2006020300,2006,1,3
2006020301,2006,4,2
2006020302,2006,5,3
2006020303,2006,5,4
2006020304,2006,4,0
2006020305,2006,3,4
2006020306,2006,2,1
2006020307,2006,5,0
2006020308,2006,7,4
2006020309,2006,2,3
2006020310,2006,2,4
2006020311,2006,3,4
2006020312,2006,4,2
2006020313,2006,4,2
2006020314,2006,3,4
2006020315,2006,4,6
2006020316,2006,1,0
2006020317,2006,3,2
2006020318,2006,4,1
2006020319,2006,3,1
2006020320,2006,6,3
2006020321,2006,6,0
2006020322,2006,1,5
2006020323,2006,3,2
2006020324,2006,3,1
2006020325,2006,4,0
2006020326,2006,4,2
2006020327,2006,1,7
2006020328,2006,4,6
2006020329,2006,2,3
2006020330,2006,1,2
2006020331,2006,3,2
2006020332,2006,5,3
2006020333,2006,5,1
2006020334,2006,1,3
2006020335,2006,2,4
2006020336,2006,4,1
2006020337,2006,1,0
2006020338,2006,5,3
2006020339,2006,1,2
2006020340,2006,1,2
2006020341,2006,6,2
2006020342,2006,4,1
2006020343,2006,3,1
2006020344,2006,2,0
2006020345,2006,3,1
2006020346,2006,2,3
2006020347,2006,5,3
2006020348,2006,2,1
2006020349,2006,3,2
2006020350,2006,4,5
2006020351,2006,3,2
2006020352,2006,1,4
2006020353,2006,1,4
2006020354,2006,1,0
2006020355,2006,2,5
2006020356,2006,0,2
2006020357,2006,5,2
2006020358,2006,2,3
2006020359,2006,1,0
2006020360,2006,2,3
2006020361,2006,1,2
2006020362,2006,2,1
2006020363,2006,4,3
2006020364,2006,4,3
2006020365,2006,4,2
2006020366,2006,5,0
2006020367,2006,6,0
2006020368,2006,2,3
2006020369,2006,4,5
2006020370,2006,3,7
2006020371,2006,7,4
2006020372,2006,1,2
2006020373,2006,5,2
2006020374,2006,4,3
2006020375,2006,0,3
2006020376,2006,5,2
2006020377,2006,2,1
2006020378,2006,3,4
2006020379,2006,4,3
2006020380,2006,5,2
2006020381,2006,5,2
2006020382,2006,2,3
2006020383,2006,3,4
2006020384,2006,3,5
2006020385,2006,1,3
2006020386,2006,7,4
2006020387,2006,3,4
2006020388,2006,0,4
2006020389,2006,4,3
2006020390,2006,2,1
2006020391,2006,4,7
2006020392,2006,2,3
2006020393,2006,5,6
2006020394,2006,1,0
2006020395,2006,3,2
2006020396,2006,0,4
2006020397,2006,2,5
2006020398,2006,2,4
2006020399,2006,2,3
2006020400,2006,1,4
2006020401,2006,1,5
2006020402,2006,3,2
2006020403,2006,0,3
2006020404,2006,3,0
2006020405,2006,6,2
2006020406,2006,2,1
2006020407,2006,3,0
2006020408,2006,3,1
2006020409,2006,4,0
2006020410,2006,3,1
2006020411,2006,3,2
2006020412,2006,2,4
2006020413,2006,8,0
2006020414,2006,3,1
2006020415,2006,4,3
2006020416,2006,3,2
2006020417,2006,1,2
2006020418,2006,1,4
2006020419,2006,2,5
2006020420,2006,1,6
2006020421,2006,2,0
2006020422,2006,0,2
2006020423,2006,4,3
2006020424,2006,1,5
2006020425,2006,2,3
2006020426,2006,1,3
2006020427,2006,5,4
2006020428,2006,3,5
2006020429,2006,3,4
2006020430,2006,5,1
2006020431,2006,3,4
2006020432,2006,1,5
2006020433,2006,5,4
2006020434,2006,3,4
2006020435,2006,5,3
2006020436,2006,5,4
2006020437,2006,3,1
2006020438,2006,6,2
2006020439,2006,2,1
2006020440,2006,4,1
2006020441,2006,4,5
2006020442,2006,5,2
2006020443,2006,4,0
2006020444,2006,2,3
2006020445,2006,1,3
2006020446,2006,5,4
2006020447,2006,4,3
2006020448,2006,4,5
2006020449,2006,2,3
2006020450,2006,2,3
2006020451,2006,3,2
2006020452,2006,1,3
2006020453,2006,5,2
2006020454,2006,5,2
2006020455,2006,1,3
2006020456,2006,1,2
2006020457,2006,8,4
2006020458,2006,4,1
2006020459,2006,5,3
2006020460,2006,2,1
2006020461,2006,4,2
2006020462,2006,6,0
2006020463,2006,2,3
2006020464,2006,2,5
2006020465,2006,3,1
2006020466,2006,5,4
2006020467,2006,3,1
2006020468,2006,2,4
2006020469,2006,3,4
2006020470,2006,7,4
2006020471,2006,2,3
2006020472,2006,4,1
2006020473,2006,1,2
2006020474,2006,3,4
2006020475,2006,3,6
2006020476,2006,1,3
2006020477,2006,9,2
2006020478,2006,6,3
2006020479,2006,6,0
2006020480,2006,4,1
2006020481,2006,4,6
2006020482,2006,2,3
2006020483,2006,3,2
2006020484,2006,3,6
2006020485,2006,2,1
2006020486,2006,4,3
2006020487,2006,1,2
2006020488,2006,1,6
2006020489,2006,2,1
2006020490,2006,4,3
2006020491,2006,4,1
2006020492,2006,2,5
2006020493,2006,3,4
2006020494,2006,1,2
2006020495,2006,1,4
2006020496,2006,4,5
2006020497,2006,3,7
2006020498,2006,2,7
2006020499,2006,3,4
2006020500,2006,5,2
2006020501,2006,6,7
2006020502,2006,3,5
2006020503,2006,5,0
2006020504,2006,1,2
2006020505,2006,4,1
2006020506,2006,2,0
2006020507,2006,4,3
2006020508,2006,4,2
2006020509,2006,2,4
2006020510,2006,3,2
2006020511,2006,5,2
2006020512,2006,2,7
2006020513,2006,6,3
2006020514,2006,2,3
2006020515,2006,0,3
2006020516,2006,1,4
2006020517,2006,5,1
2006020518,2006,3,2
2006020519,2006,3,1
2006020520,2006,3,1
2006020521,2006,3,6
2006020522,2006,4,2
2006020523,2006,2,3
2006020524,2006,4,0
2006020525,2006,5,2
2006020526,2006,4,3
2006020527,2006,2,3
2006020528,2006,3,2
2006020529,2006,7,0
2006020530,2006,3,2
2006020531,2006,3,2
2006020532,2006,3,2
2006020533,2006,2,0
2006020534,2006,4,1
2006020535,2006,6,3
2006020536,2006,4,2
2006020537,2006,2,1
2006020538,2006,5,4
2006020539,2006,2,1
2006020540,2006,4,3
2006020541,2006,3,0
2006020542,2006,2,0
2006020543,2006,3,2
2006020544,2006,1,3
2006020545,2006,4,3
2006020546,2006,3,4
2006020547,2006,1,4
2006020548,2006,2,0
2006020549,2006,2,4
2006020550,2006,3,1
2006020551,2006,3,1
2006020552,2006,4,5
2006020553,2006,6,5
2006020554,2006,4,1
2006020555,2006,4,7
2006020556,2006,3,4
2006020557,2006,4,7
2006020558,2006,2,3
2006020559,2006,4,2
2006020560,2006,1,0
2006020561,2006,4,3
2006020562,2006,4,1
2006020563,2006,3,1
2006020564,2006,4,3
2006020565,2006,3,5
2006020566,2006,4,1
2006020567,2006,2,4
2006020568,2006,6,4
2006020569,2006,4,1
2006020570,2006,2,3
2006020571,2006,0,2
2006020572,2006,4,1
2006020573,2006,3,1
2006020574,2006,2,0
2006020575,2006,5,0
2006020576,2006,8,0
2006020577,2006,2,6
2006020578,2006,4,3
2006020579,2006,6,2
2006020580,2006,3,1
2006020581,2006,2,5
2006020582,2006,4,2
2006020583,2006,2,4
2006020584,2006,2,3
2006020585,2006,2,3
2006020586,2006,3,5
2006020587,2006,3,1
2006020588,2006,5,1
2006020589,2006,1,4
2006020590,2006,5,2
2006020591,2006,2,3
2006020592,2006,2,3
2006020593,2006,3,0
2006020594,2006,2,1
2006020595,2006,5,1
2006020596,2006,2,3
2006020597,2006,4,1
2006020598,2006,6,3
2006020599,2006,2,1
2006020600,2006,3,0
2006020601,2006,2,10
2006020602,2006,3,2
2006020603,2006,5,1
2006020604,2006,0,2
2006020605,2006,4,3
2006020606,2006,2,0
2006020607,2006,2,3
2006020608,2006,5,4
2006020609,2006,5,6
2006020610,2006,9,4
2006020611,2006,4,5
2006020612,2006,2,4
2006020613,2006,3,8
2006020614,2006,4,2
2006020615,2006,3,2
2006020616,2006,3,4
2006020617,2006,4,3
2006020618,2006,2,3
2006020619,2006,3,4
2006020620,2006,3,4
2006020621,2006,3,2
2006020622,2006,4,2
2006020623,2006,3,2
2006020624,2006,1,2
2006020625,2006,4,2
2006020626,2006,4,2
2006020627,2006,5,2
2006020628,2006,6,1
2006020629,2006,0,3
2006020630,2006,2,4
2006020631,2006,2,3
2006020632,2006,4,2
2006020633,2006,4,3
2006020634,2006,1,2
2006020635,2006,3,5
2006020636,2006,6,2
2006020637,2006,3,4
2006020638,2006,1,4
2006020639,2006,4,2
2006020640,2006,5,2
2006020641,2006,3,2
2006020642,2006,5,4
2006020643,2006,2,5
2006020644,2006,3,4
2006020645,2006,3,0
2006020646,2006,2,3
2006020647,2006,5,2
2006020648,2006,1,2
2006020649,2006,2,3
2006020650,2006,4,5
2006020651,2006,2,4
2006020652,2006,4,6
2006020653,2006,2,4
2006020654,2006,6,4
2006020655,2006,5,4
2006020656,2006,1,5
2006020657,2006,3,7
2006020658,2006,1,5
2006020659,2006,2,5
2006020660,2006,2,5
2006020661,2006,2,1
2006020662,2006,2,0
2006020663,2006,2,4
2006020664,2006,8,3
2006020665,2006,3,1
2006020666,2006,3,5
2006020667,2006,6,5
2006020668,2006,2,3
2006020669,2006,1,6
2006020670,2006,1,2
2006020671,2006,3,4
2006020672,2006,6,3
2006020673,2006,1,4
2006020674,2006,7,3
2006020675,2006,1,4
2006020676,2006,3,1
2006020677,2006,2,3
2006020678,2006,3,4
2006020679,2006,3,4
2006020680,2006,3,2
2006020681,2006,3,1
2006020682,2006,5,4
2006020683,2006,5,3
2006020684,2006,2,0
2006020685,2006,3,1
2006020686,2006,5,2
2006020687,2006,6,2
2006020688,2006,0,4
2006020689,2006,5,2
2006020690,2006,1,0
2006020691,2006,2,4
2006020692,2006,2,3
2006020693,2006,1,2
2006020694,2006,4,5
2006020695,2006,2,6
2006020696,2006,6,3
2006020697,2006,5,3
2006020698,2006,4,2
2006020699,2006,4,3
2006020700,2006,5,4
2006020701,2006,2,4
2006020702,2006,2,5
2006020703,2006,1,4
2006020704,2006,1,2
2006020705,2006,2,3
2006020706,2006,2,3
2006020707,2006,4,0
2006020708,2006,4,1
2006020709,2006,1,3
2006020710,2006,5,2
2006020711,2006,3,1
2006020712,2006,4,3
2006020713,2006,0,3
2006020714,2006,3,2
2006020715,2006,4,3
2006020716,2006,1,3
2006020717,2006,1,4
2006020718,2006,0,3
2006020719,2006,4,3
2006020720,2006,8,2
2006020721,2006,6,3
2006020722,2006,1,2
2006020723,2006,5,6
2006020724,2006,3,1
2006020725,2006,0,4
2006020726,2006,2,3
2006020727,2006,0,1
2006020728,2006,6,2
2006020729,2006,3,2
2006020730,2006,5,4
2006020731,2006,0,2
2006020732,2006,2,1
2006020733,2006,2,1
2006020734,2006,1,3
2006020735,2006,3,4
2006020736,2006,4,5
2006020737,2006,1,5
2006020738,2006,2,3
2006020739,2006,1,2
2006020740,2006,4,1
2006020741,2006,3,1
2006020742,2006,5,3
2006020743,2006,7,3
2006020744,2006,3,2
2006020745,2006,4,2
2006020746,2006,3,6
2006020747,2006,2,7
2006020748,2006,4,3
2006020749,2006,4,3
2006020750,2006,1,2
2006020751,2006,3,1
2006020752,2006,4,1
2006020753,2006,3,1
2006020754,2006,1,6
2006020755,2006,3,1
2006020756,2006,7,1
2006020757,2006,3,4
2006020758,2006,1,4
2006020759,2006,5,4
2006020760,2006,3,2
2006020761,2006,3,4
2006020762,2006,3,0
2006020763,2006,2,5
2006020764,2006,4,3
2006020765,2006,4,1
2006020766,2006,2,3
2006020767,2006,2,3
2006020768,2006,1,2
2006020769,2006,5,2
2006020770,2006,2,1
2006020771,2006,1,3
2006020772,2006,5,6
2006020773,2006,0,4
2006020774,2006,2,5
2006020775,2006,5,4
2006020776,2006,6,3
2006020777,2006,3,5
2006020778,2006,3,2
2006020779,2006,5,3
2006020780,2006,2,3
2006020781,2006,2,4
2006020782,2006,5,3
2006020783,2006,6,2
2006020784,2006,2,4
2006020785,2006,2,0
2006020786,2006,2,3
2006020787,2006,4,2
2006020788,2006,2,3
2006020789,2006,2,5
2006020790,2006,3,2
2006020791,2006,3,2
2006020792,2006,0,7
2006020793,2006,2,0
2006020794,2006,3,0
2006020795,2006,3,4
2006020796,2006,0,1
2006020797,2006,4,3
2006020798,2006,2,1
2006020799,2006,4,3
2006020800,2006,3,4
2006020801,2006,2,3
2006020802,2006,3,4
2006020803,2006,0,3
2006020804,2006,1,2
2006020805,2006,3,2
2006020806,2006,4,1
2006020807,2006,3,2
2006020808,2006,1,2
2006020809,2006,4,2
2006020810,2006,5,4
2006020811,2006,2,3
2006020812,2006,2,5
2006020813,2006,4,7
2006020814,2006,3,2
2006020815,2006,2,0
2006020816,2006,4,2
2006020817,2006,0,3
2006020818,2006,2,3
2006020819,2006,2,5
2006020820,2006,4,5
2006020821,2006,4,3
2006020822,2006,2,1
2006020823,2006,4,1
2006020824,2006,2,0
2006020825,2006,1,0
2006020826,2006,4,2
2006020827,2006,4,2
2006020828,2006,3,6
2006020829,2006,5,0
2006020830,2006,2,1
2006020831,2006,1,0
2006020832,2006,4,3
2006020833,2006,3,2
2006020834,2006,5,6
2006020835,2006,3,5
2006020836,2006,4,3
2006020837,2006,2,5
2006020838,2006,5,2
2006020839,2006,1,4
2006020840,2006,5,4
2006020841,2006,3,2
2006020842,2006,1,4
2006020843,2006,4,5
2006020844,2006,7,5
2006020845,2006,7,4
2006020846,2006,5,1
2006020847,2006,6,1
2006020848,2006,3,0
2006020849,2006,2,1
2006020850,2006,2,3
2006020851,2006,0,1
2006020852,2006,5,3
2006020853,2006,5,6
2006020854,2006,2,0
2006020855,2006,4,1
2006020856,2006,2,4
2006020857,2006,4,0
2006020858,2006,5,2
2006020859,2006,5,4
2006020860,2006,5,0
2006020861,2006,2,3
2006020862,2006,1,3
2006020863,2006,2,1
2006020864,2006,2,4
2006020865,2006,1,4
2006020866,2006,4,1
2006020867,2006,3,2
2006020868,2006,5,7
2006020869,2006,4,5
2006020870,2006,3,0
2006020871,2006,4,5
2006020872,2006,1,0
2006020873,2006,1,2
2006020874,2006,3,5
2006020875,2006,3,4
2006020876,2006,4,3
2006020877,2006,3,5
2006020878,2006,5,3
2006020879,2006,0,2
2006020880,2006,5,4
2006020881,2006,1,4
2006020882,2006,1,4
2006020883,2006,5,2
2006020884,2006,2,3
2006020885,2006,2,1
2006020886,2006,3,2
2006020887,2006,5,2
2006020888,2006,2,3
2006020889,2006,5,3
2006020890,2006,3,4
2006020891,2006,5,4
2006020892,2006,6,5
2006020893,2006,4,1
2006020894,2006,3,6
2006020895,2006,6,3
2006020896,2006,0,3
2006020897,2006,1,3
2006020898,2006,5,3
2006020899,2006,4,3
2006020900,2006,2,1
2006020901,2006,3,2
2006020902,2006,5,4
2006020903,2006,2,1
2006020904,2006,4,3
2006020905,2006,2,3
2006020906,2006,2,3
2006020907,2006,4,2
2006020908,2006,6,5
2006020909,2006,2,3
2006020910,2006,3,2
2006020911,2006,4,5
2006020912,2006,0,4
2006020913,2006,3,2
2006020914,2006,1,2
2006020915,2006,5,6
2006020916,2006,0,2
2006020917,2006,3,4
2006020918,2006,3,2
2006020919,2006,2,3
2006020920,2006,3,4
2006020921,2006,2,6
2006020922,2006,4,1
2006020923,2006,2,4
2006020924,2006,3,2
2006020925,2006,6,5
2006020926,2006,2,3
2006020927,2006,2,5
2006020928,2006,1,4
2006020929,2006,7,2
2006020930,2006,4,3
2006020931,2006,7,4
2006020932,2006,6,5
2006020933,2006,2,3
2006020934,2006,4,1
2006020935,2006,5,1
2006020936,2006,2,1
2006020937,2006,5,1
2006020938,2006,3,4
2006020939,2006,5,3
2006020940,2006,2,3
2006020941,2006,5,4
2006020942,2006,5,2
2006020943,2006,2,3
2006020944,2006,4,0
2006020945,2006,5,6
2006020946,2006,2,4
2006020947,2006,1,6
2006020948,2006,6,5
2006020949,2006,0,1
2006020950,2006,1,2
2006020951,2006,3,1
2006020952,2006,1,4
2006020953,2006,3,2
2006020954,2006,0,3
2006020955,2006,2,0
2006020956,2006,2,1
2006020957,2006,3,4
2006020958,2006,3,4
2006020959,2006,3,4
2006020960,2006,4,5
2006020961,2006,2,3
2006020962,2006,2,1
2006020963,2006,1,6
2006020964,2006,0,5
2006020965,2006,4,3
2006020966,2006,4,3
2006020967,2006,3,2
2006020968,2006,3,4
2006020969,2006,4,2
2006020970,2006,6,2
2006020971,2006,8,5
2006020972,2006,2,3
2006020973,2006,3,1
2006020974,2006,3,2
2006020975,2006,3,6
2006020976,2006,3,1
2006020977,2006,1,3
2006020978,2006,2,6
2006020979,2006,6,2
2006020980,2006,2,4
2006020981,2006,3,4
2006020982,2006,4,3
2006020983,2006,3,1
2006020984,2006,3,4
2006020985,2006,4,3
2006020986,2006,0,4
2006020987,2006,1,4
2006020988,2006,3,2
2006020989,2006,4,3
2006020990,2006,2,1
2006020991,2006,0,2
2006020992,2006,5,4
2006020993,2006,4,2
2006020994,2006,3,0
2006020995,2006,4,5
2006020996,2006,4,3
2006020997,2006,2,4
2006020998,2006,0,3
2006020999,2006,3,0
2006021000,2006,5,1
2006021001,2006,2,3
2006021002,2006,3,2
2006021003,2006,1,3
2006021004,2006,2,1
2006021005,2006,1,2
2006021006,2006,1,2
2006021007,2006,6,2
2006021008,2006,5,1
2006021009,2006,1,2
2006021010,2006,3,4
2006021011,2006,5,3
2006021012,2006,6,3
2006021013,2006,2,4
2006021014,2006,0,3
2006021015,2006,0,3
2006021016,2006,3,2
2006021017,2006,1,5
2006021018,2006,5,1
2006021019,2006,1,2
2006021020,2006,4,1
2006021021,2006,3,2
2006021022,2006,2,3
2006021023,2006,4,3
2006021024,2006,5,2
2006021025,2006,3,2
2006021026,2006,3,4
2006021027,2006,2,1
2006021028,2006,2,3
2006021029,2006,5,7
2006021030,2006,2,1
2006021031,2006,3,6
2006021032,2006,3,2
2006021033,2006,4,3
2006021034,2006,4,2
2006021035,2006,3,0
2006021036,2006,4,2
2006021037,2006,5,4
2006021038,2006,4,0
2006021039,2006,5,1
2006021040,2006,2,3
2006021041,2006,3,1
2006021042,2006,3,2
2006021043,2006,5,3
2006021044,2006,5,4
2006021045,2006,2,5
2006021046,2006,3,2
2006021047,2006,2,3
2006021048,2006,7,1
2006021049,2006,0,3
2006021050,2006,4,2
2006021051,2006,3,2
2006021052,2006,4,5
2006021053,2006,4,3
2006021054,2006,3,2
2006021055,2006,2,3
2006021056,2006,5,2
2006021057,2006,3,5
2006021058,2006,4,2
2006021059,2006,1,2
2006021060,2006,1,5
2006021061,2006,3,2
2006021062,2006,3,4
2006021063,2006,5,1
2006021064,2006,6,3
2006021065,2006,2,1
2006021066,2006,2,3
2006021067,2006,5,2
2006021068,2006,3,0
2006021069,2006,2,7
2006021070,2006,3,2
2006021071,2006,3,2
2006021072,2006,7,0
2006021073,2006,8,5
2006021074,2006,3,2
2006021075,2006,2,3
2006021076,2006,2,4
2006021077,2006,3,6
2006021078,2006,4,1
2006021079,2006,5,3
2006021080,2006,7,1
2006021081,2006,4,3
2006021082,2006,4,3
2006021083,2006,4,3
2006021084,2006,5,4
2006021085,2006,3,5
2006021086,2006,2,1
2006021087,2006,1,2
2006021088,2006,1,0
2006021089,2006,1,4
2006021090,2006,5,2
2006021091,2006,2,1
2006021092,2006,4,3
2006021093,2006,2,4
2006021094,2006,3,2
2006021095,2006,2,1
2006021096,2006,5,2
2006021097,2006,5,0
2006021098,2006,1,4
2006021099,2006,1,5
2006021100,2006,2,0
2006021101,2006,2,4
2006021102,2006,3,6
2006021103,2006,4,3
2006021104,2006,1,5
2006021105,2006,3,1
2006021106,2006,3,1
2006021107,2006,2,4
2006021108,2006,1,2
2006021109,2006,5,1
2006021110,2006,2,1
2006021111,2006,5,4
2006021112,2006,1,2
2006021113,2006,3,2
2006021114,2006,4,3
2006021115,2006,3,2
2006021116,2006,1,2
2006021117,2006,3,4
2006021118,2006,2,1
2006021119,2006,2,3
2006021120,2006,4,1
2006021121,2006,4,1
2006021122,2006,6,4
2006021123,2006,2,7
2006021124,2006,3,4
2006021125,2006,4,1
2006021126,2006,3,4
2006021127,2006,0,4
2006021128,2006,1,2
2006021129,2006,5,0
2006021130,2006,4,1
2006021131,2006,2,3
2006021132,2006,4,5
2006021133,2006,1,0
2006021134,2006,3,4
2006021135,2006,2,5
2006021136,2006,6,1
2006021137,2006,6,4
2006021138,2006,2,3
2006021139,2006,2,3
2006021140,2006,1,4
2006021141,2006,4,3
2006021142,2006,0,1
2006021143,2006,6,0
2006021144,2006,0,3
2006021145,2006,3,1
2006021146,2006,4,3
2006021147,2006,5,1
2006021148,2006,3,2
2006021149,2006,1,3
2006021150,2006,2,4
2006021151,2006,3,2
2006021152,2006,2,5
2006021153,2006,5,2
2006021154,2006,1,2
2006021155,2006,2,4
2006021156,2006,3,4
2006021157,2006,2,4
2006021158,2006,2,4
2006021159,2006,5,2
2006021160,2006,3,1
2006021161,2006,3,2
2006021162,2006,3,4
2006021163,2006,6,4
2006021164,2006,3,1
2006021165,2006,4,2
2006021166,2006,2,3
2006021167,2006,2,1
2006021168,2006,5,4
2006021169,2006,4,3
2006021170,2006,2,5
2006021171,2006,4,6
2006021172,2006,5,2
2006021173,2006,2,3
2006021174,2006,2,4
2006021175,2006,2,3
2006021176,2006,3,1
2006021177,2006,1,4
2006021178,2006,2,1
2006021179,2006,3,4
2006021180,2006,6,2
2006021181,2006,7,2
2006021182,2006,2,4
2006021183,2006,1,4
2006021184,2006,1,0
2006021185,2006,3,2
2006021186,2006,2,0
2006021187,2006,2,1
2006021188,2006,3,2
2006021189,2006,3,2
2006021190,2006,3,0
2006021191,2006,2,3
2006021192,2006,3,0
2006021193,2006,3,4
2006021194,2006,4,2
2006021195,2006,2,5
2006021196,2006,2,3
2006021197,2006,2,3
2006021198,2006,4,2
2006021199,2006,3,1
2006021200,2006,2,3
2006021201,2006,2,1
2006021202,2006,2,3
2006021203,2006,5,2
2006021204,2006,4,1
2006021205,2006,3,0
2006021206,2006,3,2
2006021207,2006,1,3
2006021208,2006,3,2
2006021209,2006,4,3
2006021210,2006,1,4
2006021211,2006,2,7
2006021212,2006,2,1
2006021213,2006,2,4
2006021214,2006,0,2
2006021215,2006,7,2
2006021216,2006,3,2
2006021217,2006,3,4
2006021218,2006,3,6
2006021219,2006,6,5
2006021220,2006,5,4
2006021221,2006,3,2
2006021222,2006,3,4
2006021223,2006,2,1
2006021224,2006,5,1
2006021225,2006,2,4
2006021226,2006,2,3
2006021227,2006,2,3
2006021228,2006,4,3
2006021229,2006,3,2
2006021230,2006,3,1
2007020001,2007,4,1
2007020002,2007,4,1
2007020003,2007,2,3
2007020004,2007,3,2
2007020005,2007,3,4
2007020006,2007,4,3
2007020007,2007,5,2
2007020008,2007,3,2
2007020009,2007,3,1
2007020010,2007,4,0
2007020011,2007,1,0
2007020012,2007,2,3
2007020013,2007,3,2
2007020014,2007,3,2
2007020015,2007,4,1
2007020016,2007,4,0
2007020017,2007,4,6
2007020018,2007,1,3
2007020019,2007,4,1
2007020020,2007,1,3
2007020021,2007,5,3
2007020022,2007,4,3
2007020023,2007,2,0
2007020024,2007,3,2
2007020025,2007,2,0
2007020026,2007,1,4
2007020027,2007,5,4
2007020028,2007,5,2
2007020029,2007,5,1
2007020030,2007,3,2
2007020031,2007,4,3
2007020032,2007,3,4
2007020033,2007,1,3
2007020034,2007,3,5
2007020035,2007,6,2
2007020036,2007,1,2
2007020037,2007,4,2
2007020038,2007,4,2
2007020039,2007,1,7
2007020040,2007,2,1
2007020041,2007,1,3
2007020042,2007,3,0
2007020043,2007,2,3
2007020044,2007,2,1
2007020045,2007,4,2
2007020046,2007,2,0
2007020047,2007,1,2
2007020048,2007,4,1
2007020049,2007,5,1
2007020050,2007,2,8
2007020051,2007,2,1
2007020052,2007,6,0
2007020053,2007,8,1
2007020054,2007,3,5
2007020055,2007,3,0
2007020056,2007,3,6
2007020057,2007,3,1
2007020058,2007,2,3
2007020059,2007,4,1
2007020060,2007,2,3
2007020061,2007,2,5
2007020062,2007,6,8
2007020063,2007,7,3
2007020064,2007,4,6
2007020065,2007,1,3
2007020066,2007,1,3
2007020067,2007,3,1
2007020068,2007,5,6
2007020069,2007,6,4
2007020070,2007,4,7
2007020071,2007,2,1
2007020072,2007,5,1
2007020073,2007,4,1
2007020074,2007,2,3
2007020075,2007,1,2
2007020076,2007,0,2
2007020077,2007,1,4
2007020078,2007,5,4
2007020079,2007,2,4
2007020080,2007,6,3
2007020081,2007,4,0
2007020082,2007,1,2
2007020083,2007,5,4
2007020084,2007,4,3
2007020085,2007,2,3
2007020086,2007,4,5
2007020087,2007,1,3
2007020088,2007,3,1
2007020089,2007,4,1
2007020090,2007,4,0
2007020091,2007,2,5
2007020092,2007,5,3
2007020093,2007,3,2
2007020094,2007,4,3
2007020095,2007,4,3
2007020096,2007,2,4
2007020097,2007,2,4
2007020098,2007,0,3
2007020099,2007,4,3
2007020100,2007,5,3
2007020101,2007,2,4
2007020102,2007,1,0
2007020103,2007,4,6
2007020104,2007,4,2
2007020105,2007,4,1
2007020106,2007,4,3
2007020107,2007,3,2
2007020108,2007,1,2
2007020109,2007,6,2
2007020110,2007,3,1
2007020111,2007,1,3
2007020112,2007,4,1
2007020113,2007,2,5
2007020114,2007,3,0
2007020115,2007,1,4
2007020116,2007,3,2
2007020117,2007,3,1
2007020118,2007,6,1
2007020119,2007,1,4
2007020120,2007,1,0
2007020121,2007,4,5
2007020122,2007,4,7
2007020123,2007,4,2
2007020124,2007,2,4
2007020125,2007,6,0
2007020126,2007,5,3
2007020127,2007,6,2
2007020128,2007,4,3
2007020129,2007,3,2
2007020130,2007,5,3
2007020131,2007,3,1
2007020132,2007,2,0
2007020133,2007,3,0
2007020134,2007,2,5
2007020135,2007,5,2
2007020136,2007,3,0
2007020137,2007,5,4
2007020138,2007,0,1
2007020139,2007,2,1
2007020140,2007,2,3
2007020141,2007,4,7
2007020142,2007,2,4
2007020143,2007,5,1
2007020144,2007,2,3
2007020145,2007,2,1
2007020146,2007,1,2
2007020147,2007,1,4
2007020148,2007,3,8
2007020149,2007,1,4
2007020150,2007,3,4
2007020151,2007,3,4
2007020152,2007,4,3
2007020153,2007,2,3
2007020154,2007,4,3
2007020155,2007,3,5
2007020156,2007,4,1
2007020157,2007,3,1
2007020158,2007,2,3
2007020159,2007,2,3
2007020160,2007,3,1
2007020161,2007,1,7
2007020162,2007,2,4
2007020163,2007,2,4
2007020164,2007,2,3
2007020165,2007,1,2
2007020166,2007,5,1
2007020167,2007,1,2
2007020168,2007,6,1
2007020169,2007,4,2
2007020170,2007,4,5
2007020171,2007,1,4
2007020172,2007,4,3
2007020173,2007,4,0
2007020174,2007,2,0
2007020175,2007,5,2
2007020176,2007,6,4
2007020177,2007,2,3
2007020178,2007,3,2
2007020179,2007,1,4
2007020180,2007,0,3
2007020181,2007,2,1
2007020182,2007,3,2
2007020183,2007,2,3
2007020184,2007,2,4
2007020185,2007,0,5
2007020186,2007,1,4
2007020187,2007,2,5
2007020188,2007,2,3
2007020189,2007,3,2
2007020190,2007,3,2
2007020191,2007,2,1
2007020192,2007,4,2
2007020193,2007,4,6
2007020194,2007,4,1
2007020195,2007,2,3
2007020196,2007,2,5
2007020197,2007,3,4
2007020198,2007,1,3
2007020199,2007,3,0
2007020200,2007,1,2
2007020201,2007,2,5
2007020202,2007,0,5
2007020203,2007,2,0
2007020204,2007,5,0
2007020205,2007,2,0
2007020206,2007,4,3
2007020207,2007,5,2
2007020208,2007,4,1
2007020209,2007,0,5
2007020210,2007,3,2
2007020211,2007,2,1
2007020212,2007,5,1
2007020213,2007,2,1
2007020214,2007,1,3
2007020215,2007,3,1
2007020216,2007,3,2
2007020217,2007,5,2
2007020218,2007,4,3
2007020219,2007,5,6
2007020220,2007,1,3
2007020221,2007,1,2
2007020222,2007,4,1
2007020223,2007,4,2
2007020224,2007,1,5
2007020225,2007,1,4
2007020226,2007,2,3
2007020227,2007,5,2
2007020228,2007,0,3
2007020229,2007,1,4
2007020230,2007,4,1
2007020231,2007,4,2
2007020232,2007,2,1
2007020233,2007,3,2
2007020234,2007,3,1
2007020235,2007,2,1
2007020236,2007,2,3
2007020237,2007,2,1
2007020238,2007,5,2
2007020239,2007,2,5
2007020240,2007,3,5
2007020241,2007,4,3
2007020242,2007,2,4
2007020243,2007,6,5
2007020244,2007,4,1
2007020245,2007,3,2
2007020246,2007,4,2
2007020247,2007,3,2
2007020248,2007,1,4
2007020249,2007,2,3
2007020250,2007,3,4
2007020251,2007,5,0
2007020252,2007,3,2
2007020253,2007,4,3
2007020254,2007,3,4
2007020255,2007,3,2
2007020256,2007,4,3
2007020257,2007,2,4
2007020258,2007,4,2
2007020259,2007,6,1
2007020260,2007,3,4
2007020261,2007,0,1
2007020262,2007,5,2
2007020263,2007,3,4
2007020264,2007,3,2
2007020265,2007,3,2
2007020266,2007,2,1
2007020267,2007,5,4
2007020268,2007,2,4
2007020269,2007,0,6
2007020270,2007,3,6
2007020271,2007,0,1
2007020272,2007,0,3
2007020273,2007,4,1
2007020274,2007,5,2
2007020275,2007,3,2
2007020276,2007,6,1
2007020277,2007,6,2
2007020278,2007,0,1
2007020279,2007,3,0
2007020280,2007,7,4
2007020281,2007,2,6
2007020282,2007,2,1
2007020283,2007,3,5
2007020284,2007,3,4
2007020285,2007,2,3
2007020286,2007,1,3
2007020287,2007,1,2
2007020288,2007,4,5
2007020289,2007,4,1
2007020290,2007,4,1
2007020291,2007,1,2
2007020292,2007,3,4
2007020293,2007,4,3
2007020294,2007,2,4
2007020295,2007,2,1
2007020296,2007,3,0
2007020297,2007,2,4
2007020298,2007,4,1
2007020299,2007,5,4
2007020300,2007,4,2
2007020301,2007,1,4
2007020302,2007,1,5
2007020303,2007,3,6
2007020304,2007,2,5
2007020305,2007,1,2
2007020306,2007,1,2
2007020307,2007,3,0
2007020308,2007,2,4
2007020309,2007,2,1
2007020310,2007,4,1
2007020311,2007,5,6
2007020312,2007,3,2
2007020313,2007,1,2
2007020314,2007,2,3
2007020315,2007,2,1
2007020316,2007,3,4
2007020317,2007,0,4
2007020318,2007,3,4
2007020319,2007,4,3
2007020320,2007,4,2
2007020321,2007,0,3
2007020322,2007,3,2
2007020323,2007,3,1
2007020324,2007,3,1
2007020325,2007,0,3
2007020326,2007,3,4
2007020327,2007,2,1
2007020328,2007,5,2
2007020329,2007,3,2
2007020330,2007,5,1
2007020331,2007,5,0
2007020332,2007,2,3
2007020333,2007,3,4
2007020334,2007,2,5
2007020335,2007,3,2
2007020336,2007,1,2
2007020337,2007,2,3
2007020338,2007,3,0
2007020339,2007,3,2
2007020340,2007,2,0
2007020341,2007,2,3
2007020342,2007,3,6
2007020343,2007,1,3
2007020344,2007,3,1
2007020345,2007,5,3
2007020346,2007,3,4
2007020347,2007,4,0
2007020348,2007,3,4
2007020349,2007,4,2
2007020350,2007,3,2
2007020351,2007,1,2
2007020352,2007,1,3
2007020353,2007,3,1
2007020354,2007,5,1
2007020355,2007,4,2
2007020356,2007,2,3
2007020357,2007,4,2
2007020358,2007,2,4
2007020359,2007,5,6
2007020360,2007,3,4
2007020361,2007,4,2
2007020362,2007,1,4
2007020363,2007,2,0
2007020364,2007,4,0
2007020365,2007,4,3
2007020366,2007,4,1
2007020367,2007,3,2
2007020368,2007,6,1
2007020369,2007,5,1
2007020370,2007,3,2
2007020371,2007,2,5
2007020372,2007,8,1
2007020373,2007,4,2
2007020374,2007,4,5
2007020375,2007,0,4
2007020376,2007,1,4
2007020377,2007,1,2
2007020378,2007,3,2
2007020379,2007,4,1
2007020380,2007,3,1
2007020381,2007,3,4
2007020382,2007,2,5
2007020383,2007,3,2
2007020384,2007,2,1
2007020385,2007,0,4
2007020386,2007,1,3
2007020387,2007,0,4
2007020388,2007,1,2
2007020389,2007,3,1
2007020390,2007,2,3
2007020391,2007,3,4
2007020392,2007,1,4
2007020393,2007,3,1
2007020394,2007,4,3
2007020395,2007,3,1
2007020396,2007,4,3
2007020397,2007,4,3
2007020398,2007,5,4
2007020399,2007,4,5
2007020400,2007,1,3
2007020401,2007,2,3
2007020402,2007,2,3
2007020403,2007,2,4
2007020404,2007,4,1
2007020405,2007,4,1
2007020406,2007,2,4
2007020407,2007,2,6
2007020408,2007,2,1
2007020409,2007,2,5
2007020410,2007,2,3
2007020411,2007,8,2
2007020412,2007,3,2
2007020413,2007,4,2
2007020414,2007,3,0
2007020415,2007,5,0
2007020416,2007,3,5
2007020417,2007,2,4
2007020418,2007,2,1
2007020419,2007,3,4
2007020420,2007,0,1
2007020421,2007,1,2
2007020422,2007,1,5
2007020423,2007,6,3
2007020424,2007,1,2
2007020425,2007,2,3
2007020426,2007,4,2
2007020427,2007,1,2
2007020428,2007,2,4
2007020429,2007,1,7
2007020430,2007,1,0
2007020431,2007,5,2
2007020432,2007,2,3
2007020433,2007,9,5
2007020434,2007,1,4
2007020435,2007,3,2
2007020436,2007,3,4
2007020437,2007,6,1
2007020438,2007,1,2
2007020439,2007,5,4
2007020440,2007,4,2
2007020441,2007,8,2
2007020442,2007,2,3
2007020443,2007,1,2
2007020444,2007,4,5
2007020445,2007,4,1
2007020446,2007,5,3
2007020447,2007,5,4
2007020448,2007,0,6
2007020449,2007,3,5
2007020450,2007,4,1
2007020451,2007,6,3
2007020452,2007,2,3
2007020453,2007,1,3
2007020454,2007,3,2
2007020455,2007,1,4
2007020456,2007,1,4
2007020457,2007,6,9
2007020458,2007,3,4
2007020459,2007,1,2
2007020460,2007,0,1
2007020461,2007,4,1
2007020462,2007,5,2
2007020463,2007,3,5
2007020464,2007,3,4
2007020465,2007,0,4
2007020466,2007,2,5
2007020467,2007,1,4
2007020468,2007,2,0
2007020469,2007,3,1
2007020470,2007,4,1
2007020471,2007,7,3
2007020472,2007,2,3
2007020473,2007,5,6
2007020474,2007,5,2
2007020475,2007,2,3
2007020476,2007,3,1
2007020477,2007,2,1
2007020478,2007,1,2
2007020479,2007,2,4
2007020480,2007,4,2
2007020481,2007,1,5
2007020482,2007,3,5
2007020483,2007,1,3
2007020484,2007,1,2
2007020485,2007,4,3
2007020486,2007,2,4
2007020487,2007,2,3
2007020488,2007,4,0
2007020489,2007,2,3
2007020490,2007,3,2
2007020491,2007,6,2
2007020492,2007,1,3
2007020493,2007,2,3
2007020494,2007,3,2
2007020495,2007,1,2
2007020496,2007,5,0
2007020497,2007,0,2
2007020498,2007,1,2
2007020499,2007,6,2
2007020500,2007,5,2
2007020501,2007,2,1
2007020502,2007,4,5
2007020503,2007,2,5
2007020504,2007,3,2
2007020505,2007,2,1
2007020506,2007,5,4
2007020507,2007,6,3
2007020508,2007,3,2
2007020509,2007,3,2
2007020510,2007,2,3
2007020511,2007,2,1
2007020512,2007,3,2
2007020513,2007,2,4
2007020514,2007,4,3
2007020515,2007,2,3
2007020516,2007,1,3
2007020517,2007,1,4
2007020518,2007,3,4
2007020519,2007,3,2
2007020520,2007,5,6
2007020521,2007,3,2
2007020522,2007,1,2
2007020523,2007,1,4
2007020524,2007,4,3
2007020525,2007,1,4
2007020526,2007,1,2
2007020527,2007,2,5
2007020528,2007,4,2
2007020529,2007,1,3
2007020530,2007,2,3
2007020531,2007,1,3
2007020532,2007,3,2
2007020533,2007,3,1
2007020534,2007,0,1
2007020535,2007,4,1
2007020536,2007,3,5
2007020537,2007,4,3
2007020538,2007,4,2
2007020539,2007,3,2
2007020540,2007,2,0
2007020541,2007,5,2
2007020542,2007,0,5
2007020543,2007,8,3
2007020544,2007,2,3
2007020545,2007,4,1
2007020546,2007,3,5
2007020547,2007,5,2
2007020548,2007,4,3
2007020549,2007,2,5
2007020550,2007,4,3
2007020551,2007,2,4
2007020552,2007,1,2
2007020553,2007,2,3
2007020554,2007,5,3
2007020555,2007,2,1
2007020556,2007,4,3
2007020557,2007,1,5
2007020558,2007,0,1
2007020559,2007,2,4
2007020560,2007,1,3
2007020561,2007,1,6
2007020562,2007,6,8
2007020563,2007,5,2
2007020564,2007,5,0
2007020565,2007,4,1
2007020566,2007,2,0
2007020567,2007,2,5
2007020568,2007,5,4
2007020569,2007,5,4
2007020570,2007,2,4
2007020571,2007,5,3
2007020572,2007,0,1
2007020573,2007,4,3
2007020574,2007,2,3
2007020575,2007,2,1
2007020576,2007,5,2
2007020577,2007,4,2
2007020578,2007,0,2
2007020579,2007,2,3
2007020580,2007,1,4
2007020581,2007,4,3
2007020582,2007,0,1
2007020583,2007,2,1
2007020584,2007,1,2
2007020585,2007,6,3
2007020586,2007,4,3
2007020587,2007,9,2
2007020588,2007,3,2
2007020589,2007,4,5
2007020590,2007,4,1
2007020591,2007,2,3
2007020592,2007,2,5
2007020593,2007,4,3
2007020594,2007,2,1
2007020595,2007,2,0
2007020596,2007,3,4
2007020597,2007,6,3
2007020598,2007,6,2
2007020599,2007,5,2
2007020600,2007,6,3
2007020601,2007,4,2
2007020602,2007,3,0
2007020603,2007,3,4
2007020604,2007,2,3
2007020605,2007,3,0
2007020606,2007,3,5
2007020607,2007,3,4
2007020608,2007,2,1
2007020609,2007,4,5
2007020610,2007,0,3
2007020611,2007,4,3
2007020612,2007,2,3
2007020613,2007,4,3
2007020614,2007,3,0
2007020615,2007,4,1
2007020616,2007,1,0
2007020617,2007,2,1
2007020618,2007,3,2
2007020619,2007,3,2
2007020620,2007,4,6
2007020621,2007,3,2
2007020622,2007,5,2
2007020623,2007,1,3
2007020624,2007,3,1
2007020625,2007,4,0
2007020626,2007,5,2
2007020627,2007,0,1
2007020628,2007,2,1
2007020629,2007,3,5
2007020630,2007,1,4
2007020631,2007,4,3
2007020632,2007,1,3
2007020633,2007,1,0
2007020634,2007,6,1
2007020635,2007,1,3
2007020636,2007,3,2
2007020637,2007,0,7
2007020638,2007,2,1
2007020639,2007,1,3
2007020640,2007,5,0
2007020641,2007,2,5
2007020642,2007,2,6
2007020643,2007,1,4
2007020644,2007,2,3
2007020645,2007,3,2
2007020646,2007,1,4
2007020647,2007,5,6
2007020648,2007,4,2
2007020649,2007,5,2
2007020650,2007,5,2
2007020651,2007,3,1
2007020652,2007,6,4
2007020653,2007,2,5
2007020654,2007,4,5
2007020655,2007,3,4
2007020656,2007,3,4
2007020657,2007,4,3
2007020658,2007,2,3
2007020659,2007,3,2
2007020660,2007,4,1
2007020661,2007,4,5
2007020662,2007,3,2
2007020663,2007,3,5
2007020664,2007,2,1
2007020665,2007,3,2
2007020666,2007,4,6
2007020667,2007,3,4
2007020668,2007,3,4
2007020669,2007,4,1
2007020670,2007,1,3
2007020671,2007,2,3
2007020672,2007,2,1
2007020673,2007,4,3
2007020674,2007,4,1
2007020675,2007,1,3
2007020676,2007,4,2
2007020677,2007,3,2
2007020678,2007,5,4
2007020679,2007,0,3
2007020680,2007,1,5
2007020681,2007,3,0
2007020682,2007,1,3
2007020683,2007,5,3
2007020684,2007,4,2
2007020685,2007,1,3
2007020686,2007,2,1
2007020687,2007,5,3
2007020688,2007,2,3
2007020689,2007,6,1
2007020690,2007,2,3
2007020691,2007,5,4
2007020692,2007,2,3
2007020693,2007,5,1
2007020694,2007,3,2
2007020695,2007,1,2
2007020696,2007,3,4
2007020697,2007,2,4
2007020698,2007,1,2
2007020699,2007,7,2
2007020700,2007,10,1
2007020701,2007,0,3
2007020702,2007,2,4
2007020703,2007,1,2
2007020704,2007,6,1
2007020705,2007,4,3
2007020706,2007,3,1
2007020707,2007,4,2
2007020708,2007,0,2
2007020709,2007,0,2
2007020710,2007,3,5
2007020711,2007,5,3
2007020712,2007,2,5
2007020713,2007,1,2
2007020714,2007,3,4
2007020715,2007,3,6
2007020716,2007,1,3
2007020717,2007,5,2
2007020718,2007,2,4
2007020719,2007,3,2
2007020720,2007,6,1
2007020721,2007,3,1
2007020722,2007,2,3
2007020723,2007,6,2
2007020724,2007,6,3
2007020725,2007,5,6
2007020726,2007,2,4
2007020727,2007,4,0
2007020728,2007,3,7
2007020729,2007,3,6
2007020730,2007,8,2
2007020731,2007,4,3
2007020732,2007,5,3
2007020733,2007,2,4
2007020734,2007,0,4
2007020735,2007,2,1
2007020736,2007,0,3
2007020737,2007,3,2
2007020738,2007,3,2
2007020739,2007,3,2
2007020740,2007,1,2
2007020741,2007,4,1
2007020742,2007,3,4
2007020743,2007,2,1
2007020744,2007,4,3
2007020745,2007,2,1
2007020746,2007,4,8
2007020747,2007,3,4
2007020748,2007,0,1
2007020749,2007,1,2
2007020750,2007,2,3
2007020751,2007,4,3
2007020752,2007,3,1
2007020753,2007,4,1
2007020754,2007,3,1
2007020755,2007,2,4
2007020756,2007,2,5
2007020757,2007,3,2
2007020758,2007,3,1
2007020759,2007,2,4
2007020760,2007,2,3
2007020761,2007,4,0
2007020762,2007,2,4
2007020763,2007,0,3
2007020764,2007,3,4
2007020765,2007,4,1
2007020766,2007,0,1
2007020767,2007,3,2
2007020768,2007,5,1
2007020769,2007,6,3
2007020770,2007,5,4
2007020771,2007,1,3
2007020772,2007,0,4
2007020773,2007,5,4
2007020774,2007,3,2
2007020775,2007,1,4
2007020776,2007,4,3
2007020777,2007,4,2
2007020778,2007,1,3
2007020779,2007,5,4
2007020780,2007,4,3
2007020781,2007,2,0
2007020782,2007,1,0
2007020783,2007,1,4
2007020784,2007,4,1
2007020785,2007,1,3
2007020786,2007,4,2
2007020787,2007,6,3
2007020788,2007,3,0
2007020789,2007,0,2
2007020790,2007,1,4
2007020791,2007,4,1
2007020792,2007,2,3
2007020793,2007,3,2
2007020794,2007,4,6
2007020795,2007,1,2
2007020796,2007,3,2
2007020797,2007,3,5
2007020798,2007,4,3
2007020799,2007,3,4
2007020800,2007,5,0
2007020801,2007,2,4
2007020802,2007,0,3
2007020803,2007,2,4
2007020804,2007,2,3
2007020805,2007,3,4
2007020806,2007,0,8
2007020807,2007,4,3
2007020808,2007,1,0
2007020809,2007,2,3
2007020810,2007,4,5
2007020811,2007,3,2
2007020812,2007,4,3
2007020813,2007,3,2
2007020814,2007,3,4
2007020815,2007,4,1
2007020816,2007,1,3
2007020817,2007,1,4
2007020818,2007,1,2
2007020819,2007,2,4
2007020820,2007,5,4
2007020821,2007,4,3
2007020822,2007,3,5
2007020823,2007,1,2
2007020824,2007,0,1
2007020825,2007,1,3
2007020826,2007,1,2
2007020827,2007,1,2
2007020828,2007,1,2
2007020829,2007,2,3
2007020830,2007,2,1
2007020831,2007,0,2
2007020832,2007,4,2
2007020833,2007,3,2
2007020834,2007,4,3
2007020835,2007,3,6
2007020836,2007,6,1
2007020837,2007,6,1
2007020838,2007,2,1
2007020839,2007,4,1
2007020840,2007,6,2
2007020841,2007,2,6
2007020842,2007,4,3
2007020843,2007,4,3
2007020844,2007,3,2
2007020845,2007,2,3
2007020846,2007,2,3
2007020847,2007,1,2
2007020848,2007,5,3
2007020849,2007,3,6
2007020850,2007,3,2
2007020851,2007,2,1
2007020852,2007,2,3
2007020853,2007,4,3
2007020854,2007,1,5
2007020855,2007,3,2
2007020856,2007,4,2
2007020857,2007,4,2
2007020858,2007,1,2
2007020859,2007,4,2
2007020860,2007,3,4
2007020861,2007,1,0
2007020862,2007,3,2
2007020863,2007,3,2
2007020864,2007,2,7
2007020865,2007,1,2
2007020866,2007,1,2
2007020867,2007,3,5
2007020868,2007,4,2
2007020869,2007,4,5
2007020870,2007,1,6
2007020871,2007,1,4
2007020872,2007,5,2
2007020873,2007,4,5
2007020874,2007,2,3
2007020875,2007,3,4
2007020876,2007,4,2
2007020877,2007,1,5
2007020878,2007,2,4
2007020879,2007,6,3
2007020880,2007,5,1
2007020881,2007,4,3
2007020882,2007,1,0
2007020883,2007,2,3
2007020884,2007,4,1
2007020885,2007,5,4
2007020886,2007,2,3
2007020887,2007,2,1
2007020888,2007,4,3
2007020889,2007,4,2
2007020890,2007,1,4
2007020891,2007,3,1
2007020892,2007,2,1
2007020893,2007,1,0
2007020894,2007,5,1
2007020895,2007,3,5
2007020896,2007,5,4
2007020897,2007,4,2
2007020898,2007,5,1
2007020899,2007,3,2
2007020900,2007,0,4
2007020901,2007,0,4
2007020902,2007,2,3
2007020903,2007,3,1
2007020904,2007,6,5
2007020905,2007,3,2
2007020906,2007,3,2
2007020907,2007,5,4
2007020908,2007,2,3
2007020909,2007,5,1
2007020910,2007,1,4
2007020911,2007,4,3
2007020912,2007,3,2
2007020913,2007,2,3
2007020914,2007,3,0
2007020915,2007,2,3
2007020916,2007,3,2
2007020917,2007,1,0
2007020918,2007,1,3
2007020919,2007,5,3
2007020920,2007,1,5
2007020921,2007,4,5
2007020922,2007,2,3
2007020923,2007,4,5
2007020924,2007,2,3
2007020925,2007,5,1
2007020926,2007,5,2
2007020927,2007,1,0
2007020928,2007,2,3
2007020929,2007,2,1
2007020930,2007,4,2
2007020931,2007,3,4
2007020932,2007,5,6
2007020933,2007,6,3
2007020934,2007,3,4
2007020935,2007,3,1
2007020936,2007,0,3
2007020937,2007,1,2
2007020938,2007,3,5
2007020939,2007,3,6
2007020940,2007,4,1
2007020941,2007,1,2
2007020942,2007,1,2
2007020943,2007,1,2
2007020944,2007,5,0
2007020945,2007,3,2
2007020946,2007,2,0
2007020947,2007,6,3
2007020948,2007,3,4
2007020949,2007,0,5
2007020950,2007,4,0
2007020951,2007,2,4
2007020952,2007,4,1
2007020953,2007,2,1
2007020954,2007,5,1
2007020955,2007,1,3
2007020956,2007,2,3
2007020957,2007,4,3
2007020958,2007,8,4
2007020959,2007,2,4
2007020960,2007,2,3
2007020961,2007,3,4
2007020962,2007,1,0
2007020963,2007,2,3
2007020964,2007,5,1
2007020965,2007,3,1
2007020966,2007,2,4
2007020967,2007,4,5
2007020968,2007,1,2
2007020969,2007,7,4
2007020970,2007,5,4
2007020971,2007,0,4
2007020972,2007,2,6
2007020973,2007,2,3
2007020974,2007,2,3
2007020975,2007,3,2
2007020976,2007,2,3
2007020977,2007,3,1
2007020978,2007,3,2
2007020979,2007,1,4
2007020980,2007,5,4
2007020981,2007,2,1
2007020982,2007,2,3
2007020983,2007,5,1
2007020984,2007,1,3
2007020985,2007,0,2
2007020986,2007,5,2
2007020987,2007,1,3
2007020988,2007,2,4
2007020989,2007,0,1
2007020990,2007,5,4
2007020991,2007,3,2
2007020992,2007,4,1
2007020993,2007,2,1
2007020994,2007,4,3
2007020995,2007,10,2
2007020996,2007,3,1
2007020997,2007,6,4
2007020998,2007,0,1
2007020999,2007,3,4
2007021000,2007,2,5
2007021001,2007,1,4
2007021002,2007,0,2
2007021003,2007,2,4
2007021004,2007,3,2
2007021005,2007,2,1
2007021006,2007,1,0
2007021007,2007,1,5
2007021008,2007,1,3
2007021009,2007,3,6
2007021010,2007,4,1
2007021011,2007,3,0
2007021012,2007,1,2
2007021013,2007,3,2
2007021014,2007,2,8
2007021015,2007,1,4
2007021016,2007,3,2
2007021017,2007,3,2
2007021018,2007,5,2
2007021019,2007,1,0
2007021020,2007,2,4
2007021021,2007,6,2
2007021022,2007,2,0
2007021023,2007,2,1
2007021024,2007,1,2
2007021025,2007,3,2
2007021026,2007,2,3
2007021027,2007,1,2
2007021028,2007,2,1
2007021029,2007,2,5
2007021030,2007,1,2
2007021031,2007,4,1
2007021032,2007,4,3
2007021033,2007,3,2
2007021034,2007,3,1
2007021035,2007,2,4
2007021036,2007,4,2
2007021037,2007,1,0
2007021038,2007,2,4
2007021039,2007,4,3
2007021040,2007,5,3
2007021041,2007,5,6
2007021042,2007,2,3
2007021043,2007,3,0
2007021044,2007,3,1
2007021045,2007,2,3
2007021046,2007,7,3
2007021047,2007,1,2
2007021048,2007,2,5
2007021049,2007,4,3
2007021050,2007,4,0
2007021051,2007,4,1
2007021052,2007,8,4
2007021053,2007,3,1
2007021054,2007,1,2
2007021055,2007,4,3
2007021056,2007,3,2
2007021057,2007,2,3
2007021058,2007,3,2
2007021059,2007,7,3
2007021060,2007,4,2
2007021061,2007,0,3
2007021062,2007,4,1
2007021063,2007,1,3
2007021064,2007,6,4
2007021065,2007,0,3
2007021066,2007,5,3
2007021067,2007,1,4
2007021068,2007,3,4
2007021069,2007,5,1
2007021070,2007,2,0
2007021071,2007,4,1
2007021072,2007,3,6
2007021073,2007,7,1
2007021074,2007,3,2
2007021075,2007,4,1
2007021076,2007,3,2
2007021077,2007,1,3
2007021078,2007,2,4
2007021079,2007,2,6
2007021080,2007,3,0
2007021081,2007,3,0
2007021082,2007,2,0
2007021083,2007,3,4
2007021084,2007,2,5
2007021085,2007,5,2
2007021086,2007,7,1
2007021087,2007,2,1
2007021088,2007,5,1
2007021089,2007,4,3
2007021090,2007,2,4
2007021091,2007,3,1
2007021092,2007,1,2
2007021093,2007,3,1
2007021094,2007,3,1
2007021095,2007,1,3
2007021096,2007,5,2
2007021097,2007,3,2
2007021098,2007,3,0
2007021099,2007,3,4
2007021100,2007,2,4
2007021101,2007,8,4
2007021102,2007,1,2
2007021103,2007,7,4
2007021104,2007,1,2
2007021105,2007,3,5
2007021106,2007,3,1
2007021107,2007,5,0
2007021108,2007,1,2
2007021109,2007,4,3
2007021110,2007,2,4
2007021111,2007,3,2
2007021112,2007,4,2
2007021113,2007,1,2
2007021114,2007,3,6
2007021115,2007,2,1
2007021116,2007,1,4
2007021117,2007,5,6
2007021118,2007,1,3
2007021119,2007,4,3
2007021120,2007,1,4
2007021121,2007,3,5
2007021122,2007,1,2
2007021123,2007,2,1
2007021124,2007,2,1
2007021125,2007,2,4
2007021126,2007,7,5
2007021127,2007,3,2
2007021128,2007,4,5
2007021129,2007,4,2
2007021130,2007,1,4
2007021131,2007,7,1
2007021132,2007,5,4
2007021133,2007,1,2
2007021134,2007,4,3
2007021135,2007,4,1
2007021136,2007,4,1
2007021137,2007,7,5
2007021138,2007,2,0
2007021139,2007,5,3
2007021140,2007,3,6
2007021141,2007,0,2
2007021142,2007,1,2
2007021143,2007,2,3
2007021144,2007,2,6
2007021145,2007,3,1
2007021146,2007,3,0
2007021147,2007,1,2
2007021148,2007,3,2
2007021149,2007,5,4
2007021150,2007,4,0
2007021151,2007,3,1
2007021152,2007,6,3
2007021153,2007,2,1
2007021154,2007,4,2
2007021155,2007,3,2
2007021156,2007,3,4
2007021157,2007,3,1
2007021158,2007,3,4
2007021159,2007,2,3
2007021160,2007,4,0
2007021161,2007,3,2
2007021162,2007,5,4
2007021163,2007,7,1
2007021164,2007,0,2
2007021165,2007,3,4
2007021166,2007,3,4
2007021167,2007,4,0
2007021168,2007,5,4
2007021169,2007,1,3
2007021170,2007,4,0
2007021171,2007,2,7
2007021172,2007,4,2
2007021173,2007,3,4
2007021174,2007,0,3
2007021175,2007,2,1
2007021176,2007,3,4
2007021177,2007,1,2
2007021178,2007,2,1
2007021179,2007,3,1
2007021180,2007,1,0
2007021181,2007,3,2
2007021182,2007,5,4
2007021183,2007,3,2
2007021184,2007,3,1
2007021185,2007,6,2
2007021186,2007,2,1
2007021187,2007,0,2
2007021188,2007,1,2
2007021189,2007,4,1
2007021190,2007,2,3
2007021191,2007,3,4
2007021192,2007,0,3
2007021193,2007,3,4
2007021194,2007,2,3
2007021195,2007,2,4
2007021196,2007,5,2
2007021197,2007,3,2
2007021198,2007,6,2
2007021199,2007,4,2
2007021200,2007,6,2
2007021201,2007,0,3
2007021202,2007,4,1
2007021203,2007,2,8
2007021204,2007,3,1
2007021205,2007,3,2
2007021206,2007,3,2
2007021207,2007,3,1
2007021208,2007,1,2
2007021209,2007,2,4
2007021210,2007,4,2
2007021211,2007,3,4
2007021212,2007,3,0
2007021213,2007,3,4
2007021214,2007,1,2
2007021215,2007,3,1
2007021216,2007,2,4
2007021217,2007,3,0
2007021218,2007,3,4
2007021219,2007,0,3
2007021220,2007,3,1
2007021221,2007,3,1
2007021222,2007,4,1
2007021223,2007,1,7
2007021224,2007,3,2
2007021225,2007,2,0
2007021226,2007,4,1
2007021227,2007,1,4
2007021228,2007,4,3
2007021229,2007,4,2
2007021230,2007,3,2
2008020001,2008,1,2
2008020002,2008,3,4
2008020003,2008,2,1
2008020004,2008,1,3
2008020005,2008,2,3
2008020006,2008,4,5
2008020007,2008,6,0
2008020008,2008,4,1
2008020009,2008,2,1
2008020010,2008,4,2
2008020011,2008,6,4
2008020012,2008,2,1
2008020013,2008,7,4
2008020014,2008,5,2
2008020015,2008,4,5
2008020016,2008,1,6
2008020017,2008,2,3
2008020018,2008,5,2
2008020019,2008,3,4
2008020020,2008,4,2
2008020021,2008,3,2
2008020022,2008,1,2
2008020023,2008,3,4
2008020024,2008,3,1
2008020025,2008,4,3
2008020026,2008,4,5
2008020027,2008,3,1
2008020028,2008,3,1
2008020029,2008,3,2
2008020030,2008,2,4
2008020031,2008,0,1
2008020032,2008,4,5
2008020033,2008,1,7
2008020034,2008,4,1
2008020035,2008,3,5
2008020036,2008,5,1
2008020037,2008,1,3
2008020038,2008,2,3
2008020039,2008,3,2
2008020040,2008,2,4
2008020041,2008,5,4
2008020042,2008,6,3
2008020043,2008,5,2
2008020044,2008,1,3
2008020045,2008,4,3
2008020046,2008,4,1
2008020047,2008,6,4
2008020048,2008,2,3
2008020049,2008,0,1
2008020050,2008,3,4
2008020051,2008,3,4
2008020052,2008,2,6
2008020053,2008,3,4
2008020054,2008,6,1
2008020055,2008,5,2
2008020056,2008,6,3
2008020057,2008,1,0
2008020058,2008,5,3
2008020059,2008,5,2
2008020060,2008,3,4
2008020061,2008,4,0
2008020062,2008,4,3
2008020063,2008,4,5
2008020064,2008,4,1
2008020065,2008,2,4
2008020066,2008,4,1
2008020067,2008,3,4
2008020068,2008,3,2
2008020069,2008,2,0
2008020070,2008,5,4
2008020071,2008,0,1
2008020072,2008,6,3
2008020073,2008,4,3
2008020074,2008,3,2
2008020075,2008,5,4
2008020076,2008,4,2
2008020077,2008,1,3
2008020078,2008,1,2
2008020079,2008,1,2
2008020080,2008,3,1
2008020081,2008,3,4
2008020082,2008,3,2
2008020083,2008,2,3
2008020084,2008,4,2
2008020085,2008,3,2
2008020086,2008,2,1
2008020087,2008,1,3
2008020088,2008,5,0
2008020089,2008,6,7
2008020090,2008,3,4
2008020091,2008,3,0
2008020092,2008,2,4
2008020093,2008,3,5
2008020094,2008,4,1
2008020095,2008,3,5
2008020096,2008,3,4
2008020097,2008,4,1
2008020098,2008,2,1
2008020099,2008,3,4
2008020100,2008,3,6
2008020101,2008,1,3
2008020102,2008,4,3
2008020103,2008,5,3
2008020104,2008,0,4
2008020105,2008,5,4
2008020106,2008,3,2
2008020107,2008,4,6
2008020108,2008,3,4
2008020109,2008,3,2
2008020110,2008,3,2
2008020111,2008,0,3
2008020112,2008,5,4
2008020113,2008,2,1
2008020114,2008,5,6
2008020115,2008,5,6
2008020116,2008,4,0
2008020117,2008,2,1
2008020118,2008,6,3
2008020119,2008,1,4
2008020120,2008,2,5
2008020121,2008,2,4
2008020122,2008,2,3
2008020123,2008,3,2
2008020124,2008,0,1
2008020125,2008,3,4
2008020126,2008,4,3
2008020127,2008,0,7
2008020128,2008,2,3
2008020129,2008,3,2
2008020130,2008,3,0
2008020131,2008,0,1
2008020132,2008,2,1
2008020133,2008,5,6
2008020134,2008,4,2
2008020135,2008,5,4
2008020136,2008,2,5
2008020137,2008,3,2
2008020138,2008,3,2
2008020139,2008,1,2
2008020140,2008,3,1
2008020141,2008,1,2
2008020142,2008,0,1
2008020143,2008,2,4
2008020144,2008,3,2
2008020145,2008,4,1
2008020146,2008,0,4
2008020147,2008,4,2
2008020148,2008,5,2
2008020149,2008,6,7
2008020150,2008,1,3
2008020151,2008,5,1
2008020152,2008,5,0
2008020153,2008,5,2
2008020154,2008,6,1
2008020155,2008,4,5
2008020156,2008,3,4
2008020157,2008,3,2
2008020158,2008,3,2
2008020159,2008,3,6
2008020160,2008,2,3
2008020161,2008,2,3
2008020162,2008,4,5
2008020163,2008,6,4
2008020164,2008,5,3
2008020165,2008,3,5
2008020166,2008,3,2
2008020167,2008,2,3
2008020168,2008,0,2
2008020169,2008,4,3
2008020170,2008,6,2
2008020171,2008,1,2
2008020172,2008,4,5
2008020173,2008,2,1
2008020174,2008,2,4
2008020175,2008,4,0
2008020176,2008,0,1
2008020177,2008,3,1
2008020178,2008,4,3
2008020179,2008,5,4
2008020180,2008,5,2
2008020181,2008,5,2
2008020182,2008,5,2
2008020183,2008,3,2
2008020184,2008,4,3
2008020185,2008,4,1
2008020186,2008,5,4
2008020187,2008,1,3
2008020188,2008,7,6
2008020189,2008,1,0
2008020190,2008,3,2
2008020191,2008,5,4
2008020192,2008,2,1
2008020193,2008,4,3
2008020194,2008,4,5
2008020195,2008,2,5
2008020196,2008,3,1
2008020197,2008,6,3
2008020198,2008,3,4
2008020199,2008,1,2
2008020200,2008,3,1
2008020201,2008,3,1
2008020202,2008,3,1
2008020203,2008,1,0
2008020204,2008,4,1
2008020205,2008,2,0
2008020206,2008,2,1
2008020207,2008,5,3
2008020208,2008,2,5
2008020209,2008,1,2
2008020210,2008,6,1
2008020211,2008,4,2
2008020212,2008,1,3
2008020213,2008,2,3
2008020214,2008,4,2
2008020215,2008,1,3
2008020216,2008,6,7
2008020217,2008,4,0
2008020218,2008,4,3
2008020219,2008,3,2
2008020220,2008,3,4
2008020221,2008,4,3
2008020222,2008,2,5
2008020223,2008,1,5
2008020224,2008,2,5
2008020225,2008,4,0
2008020226,2008,1,2
2008020227,2008,1,2
2008020228,2008,6,1
2008020229,2008,1,3
2008020230,2008,5,4
2008020231,2008,3,4
2008020232,2008,4,0
2008020233,2008,2,3
2008020234,2008,2,5
2008020235,2008,6,1
2008020236,2008,3,1
2008020237,2008,1,6
2008020238,2008,3,2
2008020239,2008,2,3
2008020240,2008,3,4
2008020241,2008,3,4
2008020242,2008,1,2
2008020243,2008,6,5
2008020244,2008,3,2
2008020245,2008,3,2
2008020246,2008,4,2
2008020247,2008,5,2
2008020248,2008,3,2
2008020249,2008,2,3
2008020250,2008,2,3
2008020251,2008,1,3
2008020252,2008,3,2
2008020253,2008,2,3
2008020254,2008,4,3
2008020255,2008,5,6
2008020256,2008,2,0
2008020257,2008,2,1
2008020258,2008,2,1
2008020259,2008,2,3
2008020260,2008,4,0
2008020261,2008,1,4
2008020262,2008,1,2
2008020263,2008,2,1
2008020264,2008,2,7
2008020265,2008,3,4
2008020266,2008,2,3
2008020267,2008,4,1
2008020268,2008,7,4
2008020269,2008,3,6
2008020270,2008,4,6
2008020271,2008,3,1
2008020272,2008,2,3
2008020273,2008,2,3
2008020274,2008,2,3
2008020275,2008,3,6
2008020276,2008,0,1
2008020277,2008,3,4
2008020278,2008,5,2
2008020279,2008,4,2
2008020280,2008,5,2
2008020281,2008,5,2
2008020282,2008,0,3
2008020283,2008,4,1
2008020284,2008,3,2
2008020285,2008,1,3
2008020286,2008,4,1
2008020287,2008,2,4
2008020288,2008,4,5
2008020289,2008,2,3
2008020290,2008,4,3
2008020291,2008,0,2
2008020292,2008,1,2
2008020293,2008,1,2
2008020294,2008,2,5
2008020295,2008,3,4
2008020296,2008,7,2
2008020297,2008,2,5
2008020298,2008,3,7
2008020299,2008,4,1
2008020300,2008,4,3
2008020301,2008,3,4
2008020302,2008,3,2
2008020303,2008,4,3
2008020304,2008,3,2
2008020305,2008,4,1
2008020306,2008,0,1
2008020307,2008,3,6
2008020308,2008,6,2
2008020309,2008,3,2
2008020310,2008,3,5
2008020311,2008,5,3
2008020312,2008,1,3
2008020313,2008,2,3
2008020314,2008,2,3
2008020315,2008,2,3
2008020316,2008,1,3
2008020317,2008,3,4
2008020318,2008,3,1
2008020319,2008,1,2
2008020320,2008,3,2
2008020321,2008,2,1
2008020322,2008,3,4
2008020323,2008,7,2
2008020324,2008,2,3
2008020325,2008,4,2
2008020326,2008,2,1
2008020327,2008,1,0
2008020328,2008,3,0
2008020329,2008,4,3
2008020330,2008,3,4
2008020331,2008,3,4
2008020332,2008,5,3
2008020333,2008,2,6
2008020334,2008,2,4
2008020335,2008,5,2
2008020336,2008,4,1
2008020337,2008,4,2
2008020338,2008,3,2
2008020339,2008,4,2
2008020340,2008,3,0
2008020341,2008,4,1
2008020342,2008,2,6
2008020343,2008,4,3
2008020344,2008,2,3
2008020345,2008,3,1
2008020346,2008,0,4
2008020347,2008,2,4
2008020348,2008,4,3
2008020349,2008,1,4
2008020350,2008,0,2
2008020351,2008,3,2
2008020352,2008,2,1
2008020353,2008,5,6
2008020354,2008,1,3
2008020355,2008,4,3
2008020356,2008,3,5
2008020357,2008,5,4
2008020358,2008,1,3
2008020359,2008,4,2
2008020360,2008,5,2
2008020361,2008,5,1
2008020362,2008,3,2
2008020363,2008,4,0
2008020364,2008,4,2
2008020365,2008,5,2
2008020366,2008,6,2
2008020367,2008,2,3
2008020368,2008,5,2
2008020369,2008,2,5
2008020370,2008,1,3
2008020371,2008,2,1
2008020372,2008,6,5
2008020373,2008,3,2
2008020374,2008,6,3
2008020375,2008,3,2
2008020376,2008,1,2
2008020377,2008,3,4
2008020378,2008,2,1
2008020379,2008,4,5
2008020380,2008,1,2
2008020381,2008,1,2
2008020382,2008,3,2
2008020383,2008,1,5
2008020384,2008,1,2
2008020385,2008,0,4
2008020386,2008,5,4
2008020387,2008,3,4
2008020388,2008,1,0
2008020389,2008,4,3
2008020390,2008,2,3
2008020391,2008,3,0
2008020392,2008,3,1
2008020393,2008,0,3
2008020394,2008,7,1
2008020395,2008,5,4
2008020396,2008,5,3
2008020397,2008,5,3
2008020398,2008,4,2
2008020399,2008,3,4
2008020400,2008,3,4
2008020401,2008,6,3
2008020402,2008,4,3
2008020403,2008,4,1
2008020404,2008,1,3
2008020405,2008,4,2
2008020406,2008,4,1
2008020407,2008,3,1
2008020408,2008,2,3
2008020409,2008,4,3
2008020410,2008,2,0
2008020411,2008,3,5
2008020412,2008,6,1
2008020413,2008,4,2
2008020414,2008,6,5
2008020415,2008,2,1
2008020416,2008,1,3
2008020417,2008,9,2
2008020418,2008,0,2
2008020419,2008,3,1
2008020420,2008,6,2
2008020421,2008,2,0
2008020422,2008,8,5
2008020423,2008,5,1
2008020424,2008,1,2
2008020425,2008,3,7
2008020426,2008,3,1
2008020427,2008,3,4
2008020428,2008,2,3
2008020429,2008,6,3
2008020430,2008,3,1
2008020431,2008,4,2
2008020432,2008,1,2
2008020433,2008,2,0
2008020434,2008,2,4
2008020435,2008,3,2
2008020436,2008,3,1
2008020437,2008,3,0
2008020438,2008,4,5
2008020439,2008,3,0
2008020440,2008,5,4
2008020441,2008,3,1
2008020442,2008,4,2
2008020443,2008,5,3
2008020444,2008,2,3
2008020445,2008,2,3
2008020446,2008,4,5
2008020447,2008,5,2
2008020448,2008,3,2
2008020449,2008,3,2
2008020450,2008,1,4
2008020451,2008,3,6
2008020452,2008,2,1
2008020453,2008,2,9
2008020454,2008,1,3
2008020455,2008,3,5
2008020456,2008,2,1
2008020457,2008,2,3
2008020458,2008,4,2
2008020459,2008,2,3
2008020460,2008,8,5
2008020461,2008,4,2
2008020462,2008,2,1
2008020463,2008,3,6
2008020464,2008,5,2
2008020465,2008,1,2
2008020466,2008,6,0
2008020467,2008,6,5
2008020468,2008,2,1
2008020469,2008,5,1
2008020470,2008,5,0
2008020471,2008,4,1
2008020472,2008,2,3
2008020473,2008,2,3
2008020474,2008,4,2
2008020475,2008,7,1
2008020476,2008,4,3
2008020477,2008,5,4
2008020478,2008,3,7
2008020479,2008,4,3
2008020480,2008,6,4
2008020481,2008,1,0
2008020482,2008,4,2
2008020483,2008,2,0
2008020484,2008,1,3
2008020485,2008,3,2
2008020486,2008,3,0
2008020487,2008,3,6
2008020488,2008,2,3
2008020489,2008,3,2
2008020490,2008,3,4
2008020491,2008,2,6
2008020492,2008,4,2
2008020493,2008,4,3
2008020494,2008,0,2
2008020495,2008,2,4
2008020496,2008,4,5
2008020497,2008,6,4
2008020498,2008,0,3
2008020499,2008,2,8
2008020500,2008,0,2
2008020501,2008,3,0
2008020502,2008,4,1
2008020503,2008,3,2
2008020504,2008,5,4
2008020505,2008,4,3
2008020506,2008,5,0
2008020507,2008,0,1
2008020508,2008,4,1
2008020509,2008,3,2
2008020510,2008,4,5
2008020511,2008,3,4
2008020512,2008,3,2
2008020513,2008,5,1
2008020514,2008,2,3
2008020515,2008,1,2
2008020516,2008,4,3
2008020517,2008,2,3
2008020518,2008,2,4
2008020519,2008,3,0
2008020520,2008,2,4
2008020521,2008,6,4
2008020522,2008,4,3
2008020523,2008,3,2
2008020524,2008,4,3
2008020525,2008,0,4
2008020526,2008,6,3
2008020527,2008,1,2
2008020528,2008,3,4
2008020529,2008,1,4
2008020530,2008,4,1
2008020531,2008,5,2
2008020532,2008,3,0
2008020533,2008,5,4
2008020534,2008,2,5
2008020535,2008,1,3
2008020536,2008,5,1
2008020537,2008,2,1
2008020538,2008,0,2
2008020539,2008,2,4
2008020540,2008,4,3
2008020541,2008,2,5
2008020542,2008,1,2
2008020543,2008,4,0
2008020544,2008,3,4
2008020545,2008,2,3
2008020546,2008,2,3
2008020547,2008,4,2
2008020548,2008,3,2
2008020549,2008,3,1
2008020550,2008,3,1
2008020551,2008,4,2
2008020552,2008,0,2
2008020553,2008,6,4
2008020554,2008,4,6
2008020555,2008,4,2
2008020556,2008,1,4
2008020557,2008,7,4
2008020558,2008,1,2
2008020559,2008,4,1
2008020560,2008,2,1
2008020561,2008,4,3
2008020562,2008,1,6
2008020563,2008,5,4
2008020564,2008,4,5
2008020565,2008,2,4
2008020566,2008,1,6
2008020567,2008,2,3
2008020568,2008,3,1
2008020569,2008,2,1
2008020570,2008,2,3
2008020571,2008,2,3
2008020572,2008,5,2
2008020573,2008,4,1
2008020574,2008,2,1
2008020575,2008,5,3
2008020576,2008,6,5
2008020577,2008,1,4
2008020578,2008,4,3
2008020579,2008,5,2
2008020580,2008,0,2
2008020581,2008,2,0
2008020582,2008,2,3
2008020583,2008,4,0
2008020584,2008,3,2
2008020585,2008,0,1
2008020586,2008,4,2
2008020587,2008,2,1
2008020588,2008,3,2
2008020589,2008,2,4
2008020590,2008,3,1
2008020591,2008,3,0
2008020592,2008,1,2
2008020593,2008,5,2
2008020594,2008,0,6
2008020595,2008,3,1
2008020596,2008,3,6
2008020597,2008,2,4
2008020598,2008,6,4
2008020599,2008,0,4
2008020600,2008,3,1
2008020601,2008,6,2
2008020602,2008,4,2
2008020603,2008,6,1
2008020604,2008,5,3
2008020605,2008,2,1
2008020606,2008,5,2
2008020607,2008,3,2
2008020608,2008,4,3
2008020609,2008,0,3
2008020610,2008,2,1
2008020611,2008,1,4
2008020612,2008,4,6
2008020613,2008,3,4
2008020614,2008,5,1
2008020615,2008,5,3
2008020616,2008,5,4
2008020617,2008,0,2
2008020618,2008,4,1
2008020619,2008,8,4
2008020620,2008,3,1
2008020621,2008,4,2
2008020622,2008,4,1
2008020623,2008,1,0
2008020624,2008,2,4
2008020625,2008,1,5
2008020626,2008,3,1
2008020627,2008,2,1
2008020628,2008,4,3
2008020629,2008,5,4
2008020630,2008,1,3
2008020631,2008,3,1
2008020632,2008,1,2
2008020633,2008,2,4
2008020634,2008,2,5
2008020635,2008,4,3
2008020636,2008,0,2
2008020637,2008,5,1
2008020638,2008,6,3
2008020639,2008,3,1
2008020640,2008,3,5
2008020641,2008,7,1
2008020642,2008,3,6
2008020643,2008,2,3
2008020644,2008,4,1
2008020645,2008,3,4
2008020646,2008,1,2
2008020647,2008,4,6
2008020648,2008,3,2
2008020649,2008,4,1
2008020650,2008,5,1
2008020651,2008,5,2
2008020652,2008,4,5
2008020653,2008,1,4
2008020654,2008,0,4
2008020655,2008,2,3
2008020656,2008,1,2
2008020657,2008,3,1
2008020658,2008,4,3
2008020659,2008,2,3
2008020660,2008,2,3
2008020661,2008,2,3
2008020662,2008,3,2
2008020663,2008,3,1
2008020664,2008,4,5
2008020665,2008,1,3
2008020666,2008,2,1
2008020667,2008,3,4
2008020668,2008,2,7
2008020669,2008,1,2
2008020670,2008,0,3
2008020671,2008,3,4
2008020672,2008,6,5
2008020673,2008,3,0
2008020674,2008,6,2
2008020675,2008,6,3
2008020676,2008,5,6
2008020677,2008,4,5
2008020678,2008,1,2
2008020679,2008,0,2
2008020680,2008,4,2
2008020681,2008,2,3
2008020682,2008,1,4
2008020683,2008,1,3
2008020684,2008,4,2
2008020685,2008,4,2
2008020686,2008,3,2
2008020687,2008,1,2
2008020688,2008,2,5
2008020689,2008,4,3
2008020690,2008,6,3
2008020691,2008,2,1
2008020692,2008,5,2
2008020693,2008,2,1
2008020694,2008,5,3
2008020695,2008,3,4
2008020696,2008,5,3
2008020697,2008,1,4
2008020698,2008,0,2
2008020699,2008,5,6
2008020700,2008,5,4
2008020701,2008,3,2
2008020702,2008,3,2
2008020703,2008,3,2
2008020704,2008,1,4
2008020705,2008,5,3
2008020706,2008,3,2
2008020707,2008,6,1
2008020708,2008,2,0
2008020709,2008,0,3
2008020710,2008,2,10
2008020711,2008,3,7
2008020712,2008,6,2
2008020713,2008,5,2
2008020714,2008,2,3
2008020715,2008,3,5
2008020716,2008,3,4
2008020717,2008,3,2
2008020718,2008,4,5
2008020719,2008,5,1
2008020720,2008,2,4
2008020721,2008,1,3
2008020722,2008,4,7
2008020723,2008,5,2
2008020724,2008,2,0
2008020725,2008,4,3
2008020726,2008,1,0
2008020727,2008,1,6
2008020728,2008,3,1
2008020729,2008,3,1
2008020730,2008,4,2
2008020731,2008,1,0
2008020732,2008,4,3
2008020733,2008,3,4
2008020734,2008,5,4
2008020735,2008,3,1
2008020736,2008,3,7
2008020737,2008,2,0
2008020738,2008,4,0
2008020739,2008,0,2
2008020740,2008,3,4
2008020741,2008,2,4
2008020742,2008,7,4
2008020743,2008,1,3
2008020744,2008,1,2
2008020745,2008,4,3
2008020746,2008,4,3
2008020747,2008,3,2
2008020748,2008,2,5
2008020749,2008,3,1
2008020750,2008,1,2
2008020751,2008,2,4
2008020752,2008,3,4
2008020753,2008,4,2
2008020754,2008,0,1
2008020755,2008,2,1
2008020756,2008,3,1
2008020757,2008,1,3
2008020758,2008,4,3
2008020759,2008,1,3
2008020760,2008,5,0
2008020761,2008,4,3
2008020762,2008,5,4
2008020763,2008,3,0
2008020764,2008,4,5
2008020765,2008,3,4
2008020766,2008,3,2
2008020767,2008,4,2
2008020768,2008,1,2
2008020769,2008,3,2
2008020770,2008,2,5
2008020771,2008,3,4
2008020772,2008,3,2
2008020773,2008,4,1
2008020774,2008,1,5
2008020775,2008,0,2
2008020776,2008,10,2
2008020777,2008,3,4
2008020778,2008,8,3
2008020779,2008,1,2
2008020780,2008,2,5
2008020781,2008,3,2
2008020782,2008,1,3
2008020783,2008,3,1
2008020784,2008,3,2
2008020785,2008,1,0
2008020786,2008,4,1
2008020787,2008,2,7
2008020788,2008,7,3
2008020789,2008,0,3
2008020790,2008,2,3
2008020791,2008,3,2
2008020792,2008,4,1
2008020793,2008,3,0
2008020794,2008,6,2
2008020795,2008,2,5
2008020796,2008,3,4
2008020797,2008,3,0
2008020798,2008,1,3
2008020799,2008,5,4
2008020800,2008,3,5
2008020801,2008,4,6
2008020802,2008,4,2
2008020803,2008,5,4
2008020804,2008,1,3
2008020805,2008,1,3
2008020806,2008,2,1
2008020807,2008,3,2
2008020808,2008,0,1
2008020809,2008,7,2
2008020810,2008,3,2
2008020811,2008,2,5
2008020812,2008,0,5
2008020813,2008,6,4
2008020814,2008,4,2
2008020815,2008,4,3
2008020816,2008,3,4
2008020817,2008,0,2
2008020818,2008,1,0
2008020819,2008,3,2
2008020820,2008,6,5
2008020821,2008,2,1
2008020822,2008,1,0
2008020823,2008,2,1
2008020824,2008,2,4
2008020825,2008,5,1
2008020826,2008,2,3
2008020827,2008,6,2
2008020828,2008,1,5
2008020829,2008,1,5
2008020830,2008,3,2
2008020831,2008,3,5
2008020832,2008,6,2
2008020833,2008,5,7
2008020834,2008,6,5
2008020835,2008,2,5
2008020836,2008,2,4
2008020837,2008,5,6
2008020838,2008,0,3
2008020839,2008,4,8
2008020840,2008,4,2
2008020841,2008,3,2
2008020842,2008,2,3
2008020843,2008,2,1
2008020844,2008,0,2
2008020845,2008,1,3
2008020846,2008,6,7
2008020847,2008,1,5
2008020848,2008,1,4
2008020849,2008,3,5
2008020850,2008,4,0
2008020851,2008,3,2
2008020852,2008,3,4
2008020853,2008,4,2
2008020854,2008,3,1
2008020855,2008,4,3
2008020856,2008,4,3
2008020857,2008,6,2
2008020858,2008,3,4
2008020859,2008,2,6
2008020860,2008,6,3
2008020861,2008,5,4
2008020862,2008,3,4
2008020863,2008,2,5
2008020864,2008,2,3
2008020865,2008,0,4
2008020866,2008,1,2
2008020867,2008,2,3
2008020868,2008,4,2
2008020869,2008,4,3
2008020870,2008,4,2
2008020871,2008,1,4
2008020872,2008,4,1
2008020873,2008,5,2
2008020874,2008,4,5
2008020875,2008,5,3
2008020876,2008,1,3
2008020877,2008,3,6
2008020878,2008,3,1
2008020879,2008,4,2
2008020880,2008,2,3
2008020881,2008,4,0
2008020882,2008,2,0
2008020883,2008,2,5
2008020884,2008,5,2
2008020885,2008,0,1
2008020886,2008,2,3
2008020887,2008,5,2
2008020888,2008,5,2
2008020889,2008,4,3
2008020890,2008,2,3
2008020891,2008,1,2
2008020892,2008,0,1
2008020893,2008,6,1
2008020894,2008,2,3
2008020895,2008,2,4
2008020896,2008,4,3
2008020897,2008,3,0
2008020898,2008,4,2
2008020899,2008,5,3
2008020900,2008,1,2
2008020901,2008,2,1
2008020902,2008,4,1
2008020903,2008,5,3
2008020904,2008,2,0
2008020905,2008,2,1
2008020906,2008,1,0
2008020907,2008,4,1
2008020908,2008,6,0
2008020909,2008,4,0
2008020910,2008,4,5
2008020911,2008,1,2
2008020912,2008,4,3
2008020913,2008,2,1
2008020914,2008,1,2
2008020915,2008,4,1
2008020916,2008,1,3
2008020917,2008,0,1
2008020918,2008,3,4
2008020919,2008,2,1
2008020920,2008,4,5
2008020921,2008,4,1
2008020922,2008,2,1
2008020923,2008,3,4
2008020924,2008,7,2
2008020925,2008,3,4
2008020926,2008,3,2
2008020927,2008,3,4
2008020928,2008,2,0
2008020929,2008,6,1
2008020930,2008,5,3
2008020931,2008,8,0
2008020932,2008,1,3
2008020933,2008,3,2
2008020934,2008,3,0
2008020935,2008,2,6
2008020936,2008,4,2
2008020937,2008,1,4
2008020938,2008,6,8
2008020939,2008,3,1
2008020940,2008,4,2
2008020941,2008,2,4
2008020942,2008,2,5
2008020943,2008,3,4
2008020944,2008,5,4
2008020945,2008,2,3
2008020946,2008,3,6
2008020947,2008,1,3
2008020948,2008,6,5
2008020949,2008,3,2
2008020950,2008,0,5
2008020951,2008,4,2
2008020952,2008,1,4
2008020953,2008,5,1
2008020954,2008,2,3
2008020955,2008,1,2
2008020956,2008,2,4
2008020957,2008,1,5
2008020958,2008,1,2
2008020959,2008,4,2
2008020960,2008,1,4
2008020961,2008,4,2
2008020962,2008,5,4
2008020963,2008,3,4
2008020964,2008,6,1
2008020965,2008,5,1
2008020966,2008,2,0
2008020967,2008,3,4
2008020968,2008,2,3
2008020969,2008,5,3
2008020970,2008,7,3
2008020971,2008,4,3
2008020972,2008,1,4
2008020973,2008,6,3
2008020974,2008,4,1
2008020975,2008,5,3
2008020976,2008,2,8
2008020977,2008,3,9
2008020978,2008,3,1
2008020979,2008,3,2
2008020980,2008,4,3
2008020981,2008,3,4
2008020982,2008,5,2
2008020983,2008,1,5
2008020984,2008,1,3
2008020985,2008,2,3
2008020986,2008,3,0
2008020987,2008,2,1
2008020988,2008,3,2
2008020989,2008,3,2
2008020990,2008,5,2
2008020991,2008,2,0
2008020992,2008,3,2
2008020993,2008,4,3
2008020994,2008,4,3
2008020995,2008,3,2
2008020996,2008,1,2
2008020997,2008,4,5
2008020998,2008,5,2
2008020999,2008,0,3
2008021000,2008,3,2
2008021001,2008,3,2
2008021002,2008,4,3
2008021003,2008,5,3
2008021004,2008,3,1
2008021005,2008,5,2
2008021006,2008,1,2
2008021007,2008,4,3
2008021008,2008,1,4
2008021009,2008,2,3
2008021010,2008,5,6
2008021011,2008,2,4
2008021012,2008,3,1
2008021013,2008,3,2
2008021014,2008,2,1
2008021015,2008,3,4
2008021016,2008,3,5
2008021017,2008,4,2
2008021018,2008,2,1
2008021019,2008,4,2
2008021020,2008,2,5
2008021021,2008,3,4
2008021022,2008,3,4
2008021023,2008,8,6
2008021024,2008,1,3
2008021025,2008,5,4
2008021026,2008,3,4
2008021027,2008,3,2
2008021028,2008,2,3
2008021029,2008,0,2
2008021030,2008,2,1
2008021031,2008,4,1
2008021032,2008,6,4
2008021033,2008,2,4
2008021034,2008,0,4
2008021035,2008,5,3
2008021036,2008,0,1
2008021037,2008,4,2
2008021038,2008,5,1
2008021039,2008,3,4
2008021040,2008,3,2
2008021041,2008,3,4
2008021042,2008,4,2
2008021043,2008,6,2
2008021044,2008,3,4
2008021045,2008,0,3
2008021046,2008,3,2
2008021047,2008,3,2
2008021048,2008,2,1
2008021049,2008,4,2
2008021050,2008,4,3
2008021051,2008,4,2
2008021052,2008,4,3
2008021053,2008,2,1
2008021054,2008,4,3
2008021055,2008,2,3
2008021056,2008,5,4
2008021057,2008,2,5
2008021058,2008,3,1
2008021059,2008,1,8
2008021060,2008,3,0
2008021061,2008,2,3
2008021062,2008,3,2
2008021063,2008,4,0
2008021064,2008,5,4
2008021065,2008,4,6
2008021066,2008,4,1
2008021067,2008,3,6
2008021068,2008,4,5
2008021069,2008,2,3
2008021070,2008,5,2
2008021071,2008,2,5
2008021072,2008,5,2
2008021073,2008,5,3
2008021074,2008,4,1
2008021075,2008,1,3
2008021076,2008,3,4
2008021077,2008,5,1
2008021078,2008,4,1
2008021079,2008,1,3
2008021080,2008,4,1
2008021081,2008,3,0
2008021082,2008,1,2
2008021083,2008,6,2
2008021084,2008,3,1
2008021085,2008,4,2
2008021086,2008,2,3
2008021087,2008,5,3
2008021088,2008,3,2
2008021089,2008,2,1
2008021090,2008,6,3
2008021091,2008,2,1
2008021092,2008,1,2
2008021093,2008,2,0
2008021094,2008,2,5
2008021095,2008,2,3
2008021096,2008,5,3
2008021097,2008,2,6
2008021098,2008,2,1
2008021099,2008,2,0
2008021100,2008,6,5
2008021101,2008,2,7
2008021102,2008,2,4
2008021103,2008,5,4
2008021104,2008,5,0
2008021105,2008,3,2
2008021106,2008,3,2
2008021107,2008,4,2
2008021108,2008,0,1
2008021109,2008,3,2
2008021110,2008,5,3
2008021111,2008,5,3
2008021112,2008,0,2
2008021113,2008,3,2
2008021114,2008,1,4
2008021115,2008,3,5
2008021116,2008,4,3
2008021117,2008,5,7
2008021118,2008,3,4
2008021119,2008,1,2
2008021120,2008,3,4
2008021121,2008,6,3
2008021122,2008,4,3
2008021123,2008,3,6
2008021124,2008,4,3
2008021125,2008,3,2
2008021126,2008,3,2
2008021127,2008,3,4
2008021128,2008,2,5
2008021129,2008,0,3
2008021130,2008,3,4
2008021131,2008,0,4
2008021132,2008,2,3
2008021133,2008,4,1
2008021134,2008,3,0
2008021135,2008,1,2
2008021136,2008,6,5
2008021137,2008,3,1
2008021138,2008,2,1
2008021139,2008,4,1
2008021140,2008,5,2
2008021141,2008,1,2
2008021142,2008,3,5
2008021143,2008,2,3
2008021144,2008,5,3
2008021145,2008,3,2
2008021146,2008,3,2
2008021147,2008,6,1
2008021148,2008,3,1
2008021149,2008,0,3
2008021150,2008,2,1
2008021151,2008,1,5
2008021152,2008,4,2
2008021153,2008,4,5
2008021154,2008,1,2
2008021155,2008,1,2
2008021156,2008,5,6
2008021157,2008,2,1
2008021158,2008,5,4
2008021159,2008,8,5
2008021160,2008,4,5
2008021161,2008,1,3
2008021162,2008,4,0
2008021163,2008,3,1
2008021164,2008,1,0
2008021165,2008,2,3
2008021166,2008,2,6
2008021167,2008,4,3
2008021168,2008,3,1
2008021169,2008,3,2
2008021170,2008,5,4
2008021171,2008,5,4
2008021172,2008,5,3
2008021173,2008,2,5
2008021174,2008,6,1
2008021175,2008,6,4
2008021176,2008,4,2
2008021177,2008,3,2
2008021178,2008,0,1
2008021179,2008,2,3
2008021180,2008,1,4
2008021181,2008,1,4
2008021182,2008,2,3
2008021183,2008,4,1
2008021184,2008,1,4
2008021185,2008,3,1
2008021186,2008,2,1
2008021187,2008,9,0
2008021188,2008,2,4
2008021189,2008,3,2
2008021190,2008,4,6
2008021191,2008,2,4
2008021192,2008,3,1
2008021193,2008,1,2
2008021194,2008,4,1
2008021195,2008,1,5
2008021196,2008,1,0
2008021197,2008,1,3
2008021198,2008,3,4
2008021199,2008,5,4
2008021200,2008,2,1
2008021201,2008,1,5
2008021202,2008,2,3
2008021203,2008,2,3
2008021204,2008,6,1
2008021205,2008,2,4
2008021206,2008,3,4
2008021207,2008,2,3
2008021208,2008,1,0
2008021209,2008,1,4
2008021210,2008,8,4
2008021211,2008,3,1
2008021212,2008,5,1
2008021213,2008,4,3
2008021214,2008,3,2
2008021215,2008,2,3
2008021216,2008,2,4
2008021217,2008,0,1
2008021218,2008,6,1
2008021219,2008,4,3
2008021220,2008,5,2
2008021221,2008,1,3
2008021222,2008,6,2
2008021223,2008,7,4
2008021224,2008,3,6
2008021225,2008,5,4
2008021226,2008,4,1
2008021227,2008,0,1
2008021228,2008,2,6
2008021229,2008,3,4
2008021230,2008,3,0
2009020001,2009,1,4
2009020002,2009,3,4
2009020003,2009,5,2
2009020004,2009,5,3
2009020005,2009,0,2
2009020006,2009,3,2
2009020007,2009,3,4
2009020008,2009,3,4
2009020009,2009,3,0
2009020010,2009,7,2
2009020011,2009,1,2
2009020012,2009,2,5
2009020013,2009,3,4
2009020014,2009,5,2
2009020015,2009,6,4
2009020016,2009,6,3
2009020017,2009,0,4
2009020018,2009,2,1
2009020019,2009,2,3
2009020020,2009,5,3
2009020021,2009,3,4
2009020022,2009,1,4
2009020023,2009,3,6
2009020024,2009,2,3
2009020025,2009,3,5
2009020026,2009,1,2
2009020027,2009,6,5
2009020028,2009,2,1
2009020029,2009,4,3
2009020030,2009,4,3
2009020031,2009,5,4
2009020032,2009,6,4
2009020033,2009,0,3
2009020034,2009,7,1
2009020035,2009,1,6
2009020036,2009,2,1
2009020037,2009,3,2
2009020038,2009,4,5
2009020039,2009,3,4
2009020040,2009,3,4
2009020041,2009,3,2
2009020042,2009,2,4
2009020043,2009,3,2
2009020044,2009,3,4
2009020045,2009,6,3
2009020046,2009,6,3
2009020047,2009,7,2
2009020048,2009,2,5
2009020049,2009,4,3
2009020050,2009,2,5
2009020051,2009,4,2
2009020052,2009,2,3
2009020053,2009,2,3
2009020054,2009,3,2
2009020055,2009,5,2
2009020056,2009,1,2
2009020057,2009,0,1
2009020058,2009,4,3
2009020059,2009,0,2
2009020060,2009,3,2
2009020061,2009,4,2
2009020062,2009,3,0
2009020063,2009,4,3
2009020064,2009,3,4
2009020065,2009,1,2
2009020066,2009,7,2
2009020067,2009,2,3
2009020068,2009,1,4
2009020069,2009,3,2
2009020070,2009,1,6
2009020071,2009,6,5
2009020072,2009,0,1
2009020073,2009,6,2
2009020074,2009,2,1
2009020075,2009,1,4
2009020076,2009,4,2
2009020077,2009,4,3
2009020078,2009,6,0
2009020079,2009,3,2
2009020080,2009,4,1
2009020081,2009,2,3
2009020082,2009,2,3
2009020083,2009,7,1
2009020084,2009,5,2
2009020085,2009,1,3
2009020086,2009,3,2
2009020087,2009,2,4
2009020088,2009,6,3
2009020089,2009,4,2
2009020090,2009,0,3
2009020091,2009,5,3
2009020092,2009,5,2
2009020093,2009,2,4
2009020094,2009,1,4
2009020095,2009,1,3
2009020096,2009,2,0
2009020097,2009,1,4
2009020098,2009,3,2
2009020099,2009,3,4
2009020100,2009,4,1
2009020101,2009,4,1
2009020102,2009,3,4
2009020103,2009,4,1
2009020104,2009,2,1
2009020105,2009,0,5
2009020106,2009,3,7
2009020107,2009,1,4
2009020108,2009,2,1
2009020109,2009,5,1
2009020110,2009,2,1
2009020111,2009,6,3
2009020112,2009,3,2
2009020113,2009,4,3
2009020114,2009,2,5
2009020115,2009,3,2
2009020116,2009,2,3
2009020117,2009,2,4
2009020118,2009,5,1
2009020119,2009,2,4
2009020120,2009,4,3
2009020121,2009,4,5
2009020122,2009,5,6
2009020123,2009,5,2
2009020124,2009,6,4
2009020125,2009,3,2
2009020126,2009,5,4
2009020127,2009,3,2
2009020128,2009,3,1
2009020129,2009,5,4
2009020130,2009,5,4
2009020131,2009,3,4
2009020132,2009,2,3
2009020133,2009,5,1
2009020134,2009,3,4
2009020135,2009,3,1
2009020136,2009,1,4
2009020137,2009,2,3
2009020138,2009,1,4
2009020139,2009,3,2
2009020140,2009,2,0
2009020141,2009,3,1
2009020142,2009,3,5
2009020143,2009,5,2
2009020144,2009,4,6
2009020145,2009,1,4
2009020146,2009,6,2
2009020147,2009,2,0
2009020148,2009,5,2
2009020149,2009,3,2
2009020150,2009,3,1
2009020151,2009,3,6
2009020152,2009,4,2
2009020153,2009,0,3
2009020154,2009,4,5
2009020155,2009,1,4
2009020156,2009,3,1
2009020157,2009,2,5
2009020158,2009,1,4
2009020159,2009,6,1
2009020160,2009,3,4
2009020161,2009,3,4
2009020162,2009,4,3
2009020163,2009,2,3
2009020164,2009,2,1
2009020165,2009,1,2
2009020166,2009,3,4
2009020167,2009,5,2
2009020168,2009,0,2
2009020169,2009,2,0
2009020170,2009,6,5
2009020171,2009,1,2
2009020172,2009,3,4
2009020173,2009,3,4
2009020174,2009,3,2
2009020175,2009,3,2
2009020176,2009,3,2
2009020177,2009,5,6
2009020178,2009,7,2
2009020179,2009,3,1
2009020180,2009,2,0
2009020181,2009,6,1
2009020182,2009,1,3
2009020183,2009,1,2
2009020184,2009,5,4
2009020185,2009,5,0
2009020186,2009,1,2
2009020187,2009,0,4
2009020188,2009,4,2
2009020189,2009,3,2
2009020190,2009,1,3
2009020191,2009,1,0
2009020192,2009,1,5
2009020193,2009,4,5
2009020194,2009,3,0
2009020195,2009,3,1
2009020196,2009,6,2
2009020197,2009,3,5
2009020198,2009,2,0
2009020199,2009,1,2
2009020200,2009,4,5
2009020201,2009,4,1
2009020202,2009,3,4
2009020203,2009,3,0
2009020204,2009,3,2
2009020205,2009,2,3
2009020206,2009,3,0
2009020207,2009,2,3
2009020208,2009,4,1
2009020209,2009,1,2
2009020210,2009,3,4
2009020211,2009,3,2
2009020212,2009,2,1
2009020213,2009,1,2
2009020214,2009,2,5
2009020215,2009,3,1
2009020216,2009,2,4
2009020217,2009,4,0
2009020218,2009,5,2
2009020219,2009,2,1
2009020220,2009,2,3
2009020221,2009,2,5
2009020222,2009,1,4
2009020223,2009,2,1
2009020224,2009,4,3
2009020225,2009,1,3
2009020226,2009,4,2
2009020227,2009,5,1
2009020228,2009,1,3
2009020229,2009,2,3
2009020230,2009,6,3
2009020231,2009,2,1
2009020232,2009,7,4
2009020233,2009,3,2
2009020234,2009,3,2
2009020235,2009,3,1
2009020236,2009,4,3
2009020237,2009,5,0
2009020238,2009,3,2
2009020239,2009,3,5
2009020240,2009,4,1
2009020241,2009,3,0
2009020242,2009,2,5
2009020243,2009,0,1
2009020244,2009,4,3
2009020245,2009,6,1
2009020246,2009,4,3
2009020247,2009,3,1
2009020248,2009,3,1
2009020249,2009,5,4
2009020250,2009,2,5
2009020251,2009,1,9
2009020252,2009,3,2
2009020253,2009,0,1
2009020254,2009,3,5
2009020255,2009,5,1
2009020256,2009,1,4
2009020257,2009,4,3
2009020258,2009,3,1
2009020259,2009,1,3
2009020260,2009,2,4
2009020261,2009,2,3
2009020262,2009,3,1
2009020263,2009,3,4
2009020264,2009,3,2
2009020265,2009,2,1
2009020266,2009,7,0
2009020267,2009,3,2
2009020268,2009,2,5
2009020269,2009,1,2
2009020270,2009,5,2
2009020271,2009,2,3
2009020272,2009,5,4
2009020273,2009,7,4
2009020274,2009,6,5
2009020275,2009,1,2
2009020276,2009,1,3
2009020277,2009,2,0
2009020278,2009,3,2
2009020279,2009,2,8
2009020280,2009,5,4
2009020281,2009,3,2
2009020282,2009,4,3
2009020283,2009,1,4
2009020284,2009,3,2
2009020285,2009,3,2
2009020286,2009,5,2
2009020287,2009,3,4
2009020288,2009,1,4
2009020289,2009,2,4
2009020290,2009,3,2
2009020291,2009,3,2
2009020292,2009,4,3
2009020293,2009,2,3
2009020294,2009,2,6
2009020295,2009,1,3
2009020296,2009,2,3
2009020297,2009,6,4
2009020298,2009,2,3
2009020299,2009,6,5
2009020300,2009,3,4
2009020301,2009,6,2
2009020302,2009,3,2
2009020303,2009,3,2
2009020304,2009,1,4
2009020305,2009,1,7
2009020306,2009,4,3
2009020307,2009,2,3
2009020308,2009,1,2
2009020309,2009,1,2
2009020310,2009,3,2
2009020311,2009,5,2
2009020312,2009,6,3
2009020313,2009,2,5
2009020314,2009,2,1
2009020315,2009,2,3
2009020316,2009,5,3
2009020317,2009,2,3
2009020318,2009,3,1
2009020319,2009,2,3
2009020320,2009,4,1
2009020321,2009,4,3
2009020322,2009,5,3
2009020323,2009,3,1
2009020324,2009,2,5
2009020325,2009,2,3
2009020326,2009,3,4
2009020327,2009,0,1
2009020328,2009,3,1
2009020329,2009,3,4
2009020330,2009,7,4
2009020331,2009,4,3
2009020332,2009,2,3
2009020333,2009,2,4
2009020334,2009,2,0
2009020335,2009,5,4
2009020336,2009,4,0
2009020337,2009,3,2
2009020338,2009,5,3
2009020339,2009,3,1
2009020340,2009,1,2
2009020341,2009,2,0
2009020342,2009,3,4
2009020343,2009,3,1
2009020344,2009,1,2
2009020345,2009,0,2
2009020346,2009,1,2
2009020347,2009,3,4
2009020348,2009,3,4
2009020349,2009,2,1
2009020350,2009,1,3
2009020351,2009,3,2
2009020352,2009,2,7
2009020353,2009,2,1
2009020354,2009,4,1
2009020355,2009,1,2
2009020356,2009,2,4
2009020357,2009,3,2
2009020358,2009,5,3
2009020359,2009,3,0
2009020360,2009,4,6
2009020361,2009,5,1
2009020362,2009,4,6
2009020363,2009,0,3
2009020364,2009,1,3
2009020365,2009,4,5
2009020366,2009,5,2
2009020367,2009,6,1
2009020368,2009,4,3
2009020369,2009,5,1
2009020370,2009,3,4
2009020371,2009,1,0
2009020372,2009,3,4
2009020373,2009,8,3
2009020374,2009,3,4
2009020375,2009,4,1
2009020376,2009,4,3
2009020377,2009,2,3
2009020378,2009,7,3
2009020379,2009,2,1
2009020380,2009,2,3
2009020381,2009,2,4
2009020382,2009,0,3
2009020383,2009,2,5
2009020384,2009,2,3
2009020385,2009,4,3
2009020386,2009,5,2
2009020387,2009,0,3
2009020388,2009,4,1
2009020389,2009,0,5
2009020390,2009,0,3
2009020391,2009,4,3
2009020392,2009,3,4
2009020393,2009,5,2
2009020394,2009,4,1
2009020395,2009,2,5
2009020396,2009,6,5
2009020397,2009,5,4
2009020398,2009,6,2
2009020399,2009,0,3
2009020400,2009,6,2
2009020401,2009,1,4
2009020402,2009,3,6
2009020403,2009,4,1
2009020404,2009,1,4
2009020405,2009,3,1
2009020406,2009,2,1
2009020407,2009,6,3
2009020408,2009,2,3
2009020409,2009,3,2
2009020410,2009,5,1
2009020411,2009,5,4
2009020412,2009,1,4
2009020413,2009,5,3
2009020414,2009,2,3
2009020415,2009,4,5
2009020416,2009,7,2
2009020417,2009,1,2
2009020418,2009,4,3
2009020419,2009,2,8
2009020420,2009,1,2
2009020421,2009,2,3
2009020422,2009,1,2
2009020423,2009,4,0
2009020424,2009,3,5
2009020425,2009,3,2
2009020426,2009,1,2
2009020427,2009,1,3
2009020428,2009,3,4
2009020429,2009,0,3
2009020430,2009,5,2
2009020431,2009,3,1
2009020432,2009,2,3
2009020433,2009,0,3
2009020434,2009,2,3
2009020435,2009,0,4
2009020436,2009,2,0
2009020437,2009,2,1
2009020438,2009,6,2
2009020439,2009,1,4
2009020440,2009,4,2
2009020441,2009,4,3
2009020442,2009,3,0
2009020443,2009,3,2
2009020444,2009,4,2
2009020445,2009,3,0
2009020446,2009,2,3
2009020447,2009,0,1
2009020448,2009,2,1
2009020449,2009,0,1
2009020450,2009,3,1
2009020451,2009,4,5
2009020452,2009,5,2
2009020453,2009,0,2
2009020454,2009,2,3
2009020455,2009,4,3
2009020456,2009,4,2
2009020457,2009,3,2
2009020458,2009,2,4
2009020459,2009,4,3
2009020460,2009,2,1
2009020461,2009,3,2
2009020462,2009,3,5
2009020463,2009,2,1
2009020464,2009,1,2
2009020465,2009,2,3
2009020466,2009,6,3
2009020467,2009,4,2
2009020468,2009,4,1
2009020469,2009,3,2
2009020470,2009,2,3
2009020471,2009,4,3
2009020472,2009,1,3
2009020473,2009,3,2
2009020474,2009,2,3
2009020475,2009,2,1
2009020476,2009,4,3
2009020477,2009,3,2
2009020478,2009,4,0
2009020479,2009,3,2
2009020480,2009,1,3
2009020481,2009,3,2
2009020482,2009,1,7
2009020483,2009,2,3
2009020484,2009,3,5
2009020485,2009,3,4
2009020486,2009,3,2
2009020487,2009,3,1
2009020488,2009,6,1
2009020489,2009,4,3
2009020490,2009,7,4
2009020491,2009,2,1
2009020492,2009,1,6
2009020493,2009,2,3
2009020494,2009,2,1
2009020495,2009,1,2
2009020496,2009,5,3
2009020497,2009,3,6
2009020498,2009,2,0
2009020499,2009,4,3
2009020500,2009,3,0
2009020501,2009,2,3
2009020502,2009,1,3
2009020503,2009,2,5
2009020504,2009,2,3
2009020505,2009,6,5
2009020506,2009,1,2
2009020507,2009,3,0
2009020508,2009,2,1
2009020509,2009,3,6
2009020510,2009,4,1
2009020511,2009,4,2
2009020512,2009,5,2
2009020513,2009,6,3
2009020514,2009,3,6
2009020515,2009,5,4
2009020516,2009,3,2
2009020517,2009,1,2
2009020518,2009,4,3
2009020519,2009,4,2
2009020520,2009,1,2
2009020521,2009,2,0
2009020522,2009,4,1
2009020523,2009,0,3
2009020524,2009,3,2
2009020525,2009,4,5
2009020526,2009,3,5
2009020527,2009,5,2
2009020528,2009,2,4
2009020529,2009,3,0
2009020530,2009,1,3
2009020531,2009,2,3
2009020532,2009,2,4
2009020533,2009,1,4
2009020534,2009,1,3
2009020535,2009,3,4
2009020536,2009,0,2
2009020537,2009,0,4
2009020538,2009,3,4
2009020539,2009,2,4
2009020540,2009,2,7
2009020541,2009,5,2
2009020542,2009,2,3
2009020543,2009,2,4
2009020544,2009,4,1
2009020545,2009,6,4
2009020546,2009,3,1
2009020547,2009,4,1
2009020548,2009,8,2
2009020549,2009,5,2
2009020550,2009,1,5
2009020551,2009,3,1
2009020552,2009,2,5
2009020553,2009,0,3
2009020554,2009,3,1
2009020555,2009,4,0
2009020556,2009,1,2
2009020557,2009,2,3
2009020558,2009,2,3
2009020559,2009,2,3
2009020560,2009,4,1
2009020561,2009,3,4
2009020562,2009,2,1
2009020563,2009,4,3
2009020564,2009,1,4
2009020565,2009,4,3
2009020566,2009,3,2
2009020567,2009,4,1
2009020568,2009,4,1
2009020569,2009,5,2
2009020570,2009,1,2
2009020571,2009,1,2
2009020572,2009,3,5
2009020573,2009,3,4
2009020574,2009,5,4
2009020575,2009,1,5
2009020576,2009,3,2
2009020577,2009,3,6
2009020578,2009,1,0
2009020579,2009,4,2
2009020580,2009,2,1
2009020581,2009,1,4
2009020582,2009,3,4
2009020583,2009,3,2
2009020584,2009,4,3
2009020585,2009,2,1
2009020586,2009,3,4
2009020587,2009,5,4
2009020588,2009,3,2
2009020589,2009,4,2
2009020590,2009,4,0
2009020591,2009,2,0
2009020592,2009,0,6
2009020593,2009,1,2
2009020594,2009,3,4
2009020595,2009,2,1
2009020596,2009,3,1
2009020597,2009,5,2
2009020598,2009,4,5
2009020599,2009,3,2
2009020600,2009,4,2
2009020601,2009,1,2
2009020602,2009,2,3
2009020603,2009,1,2
2009020604,2009,3,4
2009020605,2009,2,5
2009020606,2009,5,3
2009020607,2009,5,1
2009020608,2009,2,1
2009020609,2009,2,1
2009020610,2009,4,3
2009020611,2009,1,2
2009020612,2009,1,3
2009020613,2009,3,1
2009020614,2009,2,1
2009020615,2009,6,5
2009020616,2009,2,3
2009020617,2009,3,1
2009020618,2009,3,6
2009020619,2009,3,1
2009020620,2009,3,5
2009020621,2009,1,4
2009020622,2009,4,1
2009020623,2009,0,1
2009020624,2009,7,4
2009020625,2009,6,2
2009020626,2009,5,2
2009020627,2009,3,2
2009020628,2009,2,6
2009020629,2009,3,2
2009020630,2009,4,0
2009020631,2009,4,2
2009020632,2009,1,4
2009020633,2009,5,2
2009020634,2009,1,3
2009020635,2009,4,1
2009020636,2009,4,5
2009020637,2009,7,3
2009020638,2009,4,1
2009020639,2009,5,3
2009020640,2009,5,2
2009020641,2009,6,2
2009020642,2009,4,1
2009020643,2009,2,3
2009020644,2009,2,1
2009020645,2009,2,5
2009020646,2009,5,2
2009020647,2009,2,1
2009020648,2009,2,0
2009020649,2009,4,7
2009020650,2009,4,2
2009020651,2009,2,4
2009020652,2009,4,0
2009020653,2009,4,2
2009020654,2009,1,2
2009020655,2009,2,4
2009020656,2009,2,1
2009020657,2009,3,2
2009020658,2009,4,3
2009020659,2009,2,3
2009020660,2009,1,3
2009020661,2009,3,4
2009020662,2009,1,4
2009020663,2009,1,2
2009020664,2009,0,3
2009020665,2009,4,1
2009020666,2009,1,8
2009020667,2009,2,3
2009020668,2009,6,5
2009020669,2009,4,5
2009020670,2009,2,3
2009020671,2009,3,4
2009020672,2009,1,4
2009020673,2009,4,1
2009020674,2009,2,0
2009020675,2009,1,3
2009020676,2009,4,3
2009020677,2009,2,3
2009020678,2009,2,3
2009020679,2009,1,2
2009020680,2009,2,4
2009020681,2009,6,0
2009020682,2009,0,1
2009020683,2009,6,3
2009020684,2009,6,1
2009020685,2009,7,4
2009020686,2009,4,1
2009020687,2009,3,5
2009020688,2009,1,3
2009020689,2009,5,2
2009020690,2009,4,5
2009020691,2009,1,3
2009020692,2009,4,3
2009020693,2009,4,0
2009020694,2009,0,2
2009020695,2009,1,2
2009020696,2009,5,3
2009020697,2009,2,3
2009020698,2009,3,1
2009020699,2009,1,0
2009020700,2009,3,0
2009020701,2009,4,3
2009020702,2009,2,3
2009020703,2009,4,0
2009020704,2009,1,2
2009020705,2009,6,1
2009020706,2009,0,1
2009020707,2009,5,6
2009020708,2009,3,2
2009020709,2009,3,1
2009020710,2009,4,3
2009020711,2009,4,2
2009020712,2009,2,4
2009020713,2009,3,2
2009020714,2009,5,2
2009020715,2009,3,5
2009020716,2009,4,1
2009020717,2009,6,4
2009020718,2009,6,2
2009020719,2009,5,3
2009020720,2009,3,4
2009020721,2009,6,2
2009020722,2009,5,4
2009020723,2009,1,5
2009020724,2009,4,0
2009020725,2009,2,3
2009020726,2009,4,2
2009020727,2009,2,7
2009020728,2009,1,0
2009020729,2009,3,4
2009020730,2009,4,3
2009020731,2009,6,0
2009020732,2009,9,1
2009020733,2009,8,2
2009020734,2009,5,3
2009020735,2009,3,2
2009020736,2009,4,3
2009020737,2009,4,1
2009020738,2009,6,4
2009020739,2009,5,4
2009020740,2009,1,5
2009020741,2009,2,0
2009020742,2009,3,4
2009020743,2009,2,3
2009020744,2009,2,3
2009020745,2009,3,2
2009020746,2009,2,1
2009020747,2009,2,0
2009020748,2009,2,5
2009020749,2009,3,2
2009020750,2009,3,6
2009020751,2009,3,4
2009020752,2009,4,2
2009020753,2009,1,3
2009020754,2009,4,3
2009020755,2009,4,3
2009020756,2009,3,1
2009020757,2009,1,3
2009020758,2009,2,1
2009020759,2009,3,4
2009020760,2009,1,2
2009020761,2009,4,2
2009020762,2009,6,0
2009020763,2009,2,4
2009020764,2009,4,2
2009020765,2009,2,0
2009020766,2009,2,3
2009020767,2009,2,1
2009020768,2009,3,4
2009020769,2009,4,2
2009020770,2009,5,1
2009020771,2009,5,2
2009020772,2009,1,2
2009020773,2009,5,1
2009020774,2009,4,0
2009020775,2009,2,4
2009020776,2009,0,2
2009020777,2009,3,2
2009020778,2009,3,5
2009020779,2009,2,7
2009020780,2009,2,1
2009020781,2009,3,2
2009020782,2009,3,0
2009020783,2009,2,1
2009020784,2009,4,5
2009020785,2009,2,4
2009020786,2009,2,1
2009020787,2009,1,5
2009020788,2009,5,1
2009020789,2009,3,0
2009020790,2009,5,2
2009020791,2009,4,3
2009020792,2009,3,2
2009020793,2009,3,4
2009020794,2009,1,4
2009020795,2009,4,1
2009020796,2009,1,4
2009020797,2009,0,1
2009020798,2009,3,2
2009020799,2009,1,2
2009020800,2009,3,4
2009020801,2009,5,4
2009020802,2009,4,1
2009020803,2009,2,1
2009020804,2009,1,2
2009020805,2009,4,2
2009020806,2009,3,2
2009020807,2009,3,2
2009020808,2009,2,3
2009020809,2009,3,5
2009020810,2009,2,1
2009020811,2009,4,2
2009020812,2009,2,3
2009020813,2009,4,3
2009020814,2009,3,2
2009020815,2009,6,1
2009020816,2009,5,2
2009020817,2009,2,1
2009020818,2009,3,2
2009020819,2009,2,3
2009020820,2009,2,0
2009020821,2009,2,4
2009020822,2009,1,3
2009020823,2009,5,4
2009020824,2009,0,3
2009020825,2009,0,3
2009020826,2009,4,2
2009020827,2009,1,4
2009020828,2009,3,0
2009020829,2009,1,2
2009020830,2009,3,2
2009020831,2009,0,1
2009020832,2009,4,2
2009020833,2009,5,1
2009020834,2009,2,1
2009020835,2009,2,4
2009020836,2009,2,4
2009020837,2009,2,3
2009020838,2009,4,1
2009020839,2009,1,0
2009020840,2009,3,1
2009020841,2009,2,3
2009020842,2009,5,6
2009020843,2009,2,1
2009020844,2009,3,1
2009020845,2009,5,2
2009020846,2009,2,4
2009020847,2009,5,3
2009020848,2009,4,2
2009020849,2009,6,4
2009020850,2009,4,3
2009020851,2009,5,2
2009020852,2009,3,4
2009020853,2009,1,2
2009020854,2009,1,2
2009020855,2009,2,3
2009020856,2009,5,3
2009020857,2009,4,3
2009020858,2009,4,0
2009020859,2009,5,0
2009020860,2009,1,3
2009020861,2009,3,1
2009020862,2009,4,2
2009020863,2009,2,1
2009020864,2009,4,0
2009020865,2009,1,2
2009020866,2009,3,4
2009020867,2009,2,1
2009020868,2009,3,0
2009020869,2009,0,3
2009020870,2009,5,4
2009020871,2009,2,3
2009020872,2009,3,2
2009020873,2009,5,2
2009020874,2009,6,1
2009020875,2009,4,2
2009020876,2009,2,3
2009020877,2009,4,3
2009020878,2009,4,1
2009020879,2009,3,2
2009020880,2009,3,1
2009020881,2009,4,3
2009020882,2009,4,3
2009020883,2009,2,3
2009020884,2009,1,2
2009020885,2009,3,0
2009020886,2009,6,5
2009020887,2009,3,1
2009020888,2009,2,3
2009020889,2009,4,3
2009020890,2009,3,2
2009020891,2009,6,5
2009020892,2009,4,3
2009020893,2009,4,5
2009020894,2009,0,3
2009020895,2009,2,3
2009020896,2009,1,3
2009020897,2009,2,3
2009020898,2009,5,2
2009020899,2009,3,2
2009020900,2009,3,4
2009020901,2009,2,3
2009020902,2009,4,0
2009020903,2009,2,3
2009020904,2009,2,1
2009020905,2009,5,4
2009020906,2009,3,1
2009020907,2009,2,6
2009020908,2009,5,2
2009020909,2009,2,3
2009020910,2009,4,1
2009020911,2009,4,3
2009020912,2009,0,3
2009020913,2009,5,4
2009020914,2009,3,1
2009020915,2009,3,0
2009020916,2009,5,2
2009020917,2009,3,4
2009020918,2009,6,2
2009020919,2009,3,4
2009020920,2009,4,5
2009020921,2009,3,7
2009020922,2009,2,3
2009020923,2009,1,4
2009020924,2009,1,5
2009020925,2009,5,3
2009020926,2009,4,2
2009020927,2009,3,4
2009020928,2009,1,4
2009020929,2009,3,2
2009020930,2009,2,7
2009020931,2009,4,3
2009020932,2009,1,5
2009020933,2009,2,5
2009020934,2009,3,4
2009020935,2009,1,3
2009020936,2009,7,4
2009020937,2009,3,6
2009020938,2009,5,2
2009020939,2009,0,4
2009020940,2009,3,4
2009020941,2009,3,2
2009020942,2009,4,5
2009020943,2009,5,4
2009020944,2009,4,1
2009020945,2009,6,3
2009020946,2009,4,2
2009020947,2009,1,6
2009020948,2009,3,1
2009020949,2009,3,2
2009020950,2009,3,2
2009020951,2009,5,2
2009020952,2009,6,3
2009020953,2009,5,3
2009020954,2009,2,1
2009020955,2009,6,3
2009020956,2009,2,3
2009020957,2009,1,2
2009020958,2009,2,0
2009020959,2009,4,1
2009020960,2009,6,2
2009020961,2009,4,0
2009020962,2009,7,3
2009020963,2009,2,4
2009020964,2009,2,1
2009020965,2009,2,1
2009020966,2009,2,4
2009020967,2009,2,5
2009020968,2009,0,4
2009020969,2009,1,2
2009020970,2009,3,1
2009020971,2009,4,5
2009020972,2009,2,0
2009020973,2009,3,4
2009020974,2009,3,4
2009020975,2009,6,0
2009020976,2009,4,3
2009020977,2009,3,2
2009020978,2009,1,2
2009020979,2009,5,3
2009020980,2009,2,4
2009020981,2009,2,3
2009020982,2009,4,6
2009020983,2009,1,4
2009020984,2009,2,5
2009020985,2009,5,3
2009020986,2009,6,3
2009020987,2009,4,3
2009020988,2009,3,2
2009020989,2009,4,3
2009020990,2009,4,3
2009020991,2009,1,2
2009020992,2009,1,5
2009020993,2009,4,3
2009020994,2009,2,1
2009020995,2009,5,4
2009020996,2009,5,1
2009020997,2009,3,0
2009020998,2009,2,0
2009020999,2009,8,5
2009021000,2009,3,1
2009021001,2009,2,3
2009021002,2009,2,3
2009021003,2009,2,5
2009021004,2009,1,2
2009021005,2009,0,1
2009021006,2009,3,2
2009021007,2009,6,4
2009021008,2009,3,2
2009021009,2009,4,2
2009021010,2009,0,4
2009021011,2009,3,2
2009021012,2009,1,5
2009021013,2009,5,1
2009021014,2009,2,3
2009021015,2009,3,1
2009021016,2009,3,5
2009021017,2009,2,3
2009021018,2009,4,1
2009021019,2009,2,3
2009021020,2009,1,2
2009021021,2009,4,2
2009021022,2009,3,4
2009021023,2009,4,2
2009021024,2009,3,1
2009021025,2009,3,2
2009021026,2009,5,3
2009021027,2009,1,2
2009021028,2009,1,3
2009021029,2009,2,5
2009021030,2009,4,3
2009021031,2009,1,4
2009021032,2009,1,2
2009021033,2009,3,7
2009021034,2009,3,5
2009021035,2009,4,3
2009021036,2009,4,2
2009021037,2009,8,2
2009021038,2009,2,5
2009021039,2009,5,2
2009021040,2009,2,3
2009021041,2009,4,2
2009021042,2009,0,3
2009021043,2009,3,4
2009021044,2009,4,3
2009021045,2009,6,3
2009021046,2009,2,1
2009021047,2009,2,6
2009021048,2009,3,4
2009021049,2009,5,0
2009021050,2009,2,3
2009021051,2009,3,2
2009021052,2009,0,3
2009021053,2009,4,2
2009021054,2009,4,3
2009021055,2009,3,2
2009021056,2009,5,4
2009021057,2009,2,3
2009021058,2009,5,4
2009021059,2009,3,2
2009021060,2009,0,1
2009021061,2009,5,2
2009021062,2009,1,3
2009021063,2009,1,3
2009021064,2009,1,0
2009021065,2009,5,4
2009021066,2009,3,4
2009021067,2009,1,0
2009021068,2009,2,1
2009021069,2009,4,3
2009021070,2009,3,5
2009021071,2009,5,2
2009021072,2009,2,3
2009021073,2009,1,3
2009021074,2009,2,3
2009021075,2009,5,1
2009021076,2009,5,2
2009021077,2009,3,1
2009021078,2009,0,2
2009021079,2009,4,3
2009021080,2009,1,4
2009021081,2009,6,3
2009021082,2009,0,4
2009021083,2009,2,0
2009021084,2009,3,2
2009021085,2009,1,3
2009021086,2009,1,4
2009021087,2009,2,0
2009021088,2009,3,1
2009021089,2009,3,2
2009021090,2009,5,0
2009021091,2009,4,3
2009021092,2009,3,2
2009021093,2009,4,2
2009021094,2009,4,3
2009021095,2009,4,1
2009021096,2009,3,5
2009021097,2009,3,4
2009021098,2009,3,2
2009021099,2009,3,4
2009021100,2009,3,2
2009021101,2009,1,2
2009021102,2009,8,3
2009021103,2009,4,1
2009021104,2009,3,1
2009021105,2009,4,3
2009021106,2009,3,0
2009021107,2009,2,4
2009021108,2009,6,2
2009021109,2009,2,3
2009021110,2009,5,0
2009021111,2009,4,1
2009021112,2009,7,1
2009021113,2009,3,2
2009021114,2009,2,4
2009021115,2009,3,2
2009021116,2009,0,4
2009021117,2009,3,4
2009021118,2009,0,1
2009021119,2009,6,2
2009021120,2009,4,2
2009021121,2009,1,4
2009021122,2009,3,5
2009021123,2009,5,4
2009021124,2009,2,1
2009021125,2009,5,1
2009021126,2009,2,4
2009021127,2009,4,3
2009021128,2009,2,3
2009021129,2009,1,4
2009021130,2009,2,3
2009021131,2009,3,2
2009021132,2009,3,1
2009021133,2009,2,3
2009021134,2009,0,1
2009021135,2009,3,4
2009021136,2009,4,5
2009021137,2009,3,2
2009021138,2009,5,4
2009021139,2009,4,2
2009021140,2009,0,2
2009021141,2009,4,1
2009021142,2009,6,2
2009021143,2009,1,2
2009021144,2009,0,2
2009021145,2009,0,4
2009021146,2009,5,1
2009021147,2009,2,5
2009021148,2009,2,1
2009021149,2009,0,1
2009021150,2009,4,2
2009021151,2009,6,4
2009021152,2009,2,1
2009021153,2009,4,3
2009021154,2009,3,2
2009021155,2009,3,2
2009021156,2009,8,3
2009021157,2009,1,2
2009021158,2009,0,1
2009021159,2009,0,5
2009021160,2009,2,3
2009021161,2009,6,3
2009021162,2009,1,2
2009021163,2009,4,5
2009021164,2009,4,3
2009021165,2009,4,1
2009021166,2009,3,4
2009021167,2009,1,2
2009021168,2009,3,0
2009021169,2009,0,4
2009021170,2009,1,4
2009021171,2009,2,3
2009021172,2009,2,1
2009021173,2009,3,2
2009021174,2009,1,2
2009021175,2009,4,3
2009021176,2009,4,1
2009021177,2009,5,4
2009021178,2009,4,3
2009021179,2009,3,2
2009021180,2009,2,1
2009021181,2009,4,1
2009021182,2009,5,2
2009021183,2009,0,2
2009021184,2009,4,3
2009021185,2009,0,3
2009021186,2009,3,6
2009021187,2009,5,8
2009021188,2009,2,5
2009021189,2009,2,5
2009021190,2009,1,2
2009021191,2009,3,4
2009021192,2009,4,5
2009021193,2009,5,1
2009021194,2009,4,3
2009021195,2009,6,5
2009021196,2009,5,4
2009021197,2009,5,2
2009021198,2009,3,1
2009021199,2009,5,2
2009021200,2009,7,3
2009021201,2009,4,3
2009021202,2009,3,2
2009021203,2009,3,2
2009021204,2009,1,2
2009021205,2009,2,3
2009021206,2009,4,2
2009021207,2009,4,3
2009021208,2009,5,2
2009021209,2009,0,1
2009021210,2009,6,3
2009021211,2009,2,5
2009021212,2009,4,2
2009021213,2009,3,4
2009021214,2009,3,4
2009021215,2009,2,5
2009021216,2009,7,1
2009021217,2009,1,0
2009021218,2009,4,3
2009021219,2009,2,1
2009021220,2009,3,4
2009021221,2009,7,3
2009021222,2009,3,2
2009021223,2009,2,1
2009021224,2009,3,4
2009021225,2009,2,3
2009021226,2009,1,2
2009021227,2009,2,1
2009021228,2009,5,6
2009021229,2009,1,3
2009021230,2009,7,2
2010020001,2010,3,2
2010020002,2010,2,3
2010020003,2010,3,4
2010020004,2010,4,3
2010020005,2010,4,0
2010020006,2010,2,3
2010020007,2010,3,4
2010020008,2010,2,1
2010020009,2010,4,0
2010020010,2010,1,2
2010020011,2010,4,2
2010020012,2010,2,5
2010020013,2010,3,6
2010020014,2010,5,1
2010020015,2010,4,5
2010020016,2010,2,3
2010020017,2010,7,2
2010020018,2010,5,3
2010020019,2010,2,1
2010020020,2010,4,1
2010020021,2010,2,3
2010020022,2010,2,3
2010020023,2010,1,2
2010020024,2010,0,3
2010020025,2010,3,1
2010020026,2010,3,2
2010020027,2010,1,3
2010020028,2010,6,4
2010020029,2010,5,1
2010020030,2010,3,4
2010020031,2010,4,2
2010020032,2010,3,2
2010020033,2010,2,1
2010020034,2010,4,5
2010020035,2010,3,1
2010020036,2010,0,1
2010020037,2010,2,1
2010020038,2010,3,4
2010020039,2010,3,4
2010020040,2010,2,3
2010020041,2010,4,3
2010020042,2010,2,3
2010020043,2010,3,2
2010020044,2010,4,3
2010020045,2010,4,2
2010020046,2010,4,1
2010020047,2010,0,3
2010020048,2010,2,3
2010020049,2010,3,4
2010020050,2010,3,2
2010020051,2010,2,5
2010020052,2010,1,2
2010020053,2010,4,5
2010020054,2010,4,1
2010020055,2010,4,3
2010020056,2010,1,4
2010020057,2010,5,2
2010020058,2010,1,5
2010020059,2010,6,0
2010020060,2010,2,3
2010020061,2010,2,3
2010020062,2010,3,2
2010020063,2010,4,3
2010020064,2010,1,2
2010020065,2010,5,3
2010020066,2010,2,4
2010020067,2010,3,2
2010020068,2010,5,1
2010020069,2010,1,2
2010020070,2010,1,3
2010020071,2010,5,2
2010020072,2010,5,4
2010020073,2010,3,2
2010020074,2010,1,3
2010020075,2010,0,1
2010020076,2010,6,2
2010020077,2010,2,5
2010020078,2010,1,4
2010020079,2010,3,1
2010020080,2010,2,1
2010020081,2010,4,3
2010020082,2010,4,1
2010020083,2010,1,2
2010020084,2010,2,3
2010020085,2010,4,2
2010020086,2010,0,3
2010020087,2010,2,3
2010020088,2010,1,4
2010020089,2010,3,4
2010020090,2010,2,4
2010020091,2010,2,4
2010020092,2010,4,2
2010020093,2010,2,6
2010020094,2010,2,4
2010020095,2010,2,5
2010020096,2010,4,2
2010020097,2010,5,1
2010020098,2010,2,3
2010020099,2010,0,3
2010020100,2010,1,6
2010020101,2010,5,2
2010020102,2010,4,3
2010020103,2010,4,3
2010020104,2010,5,4
2010020105,2010,1,0
2010020106,2010,0,1
2010020107,2010,2,3
2010020108,2010,4,6
2010020109,2010,3,4
2010020110,2010,1,6
2010020111,2010,3,4
2010020112,2010,3,1
2010020113,2010,4,0
2010020114,2010,2,1
2010020115,2010,3,2
2010020116,2010,2,3
2010020117,2010,3,1
2010020118,2010,6,3
2010020119,2010,5,2
2010020120,2010,5,4
2010020121,2010,2,5
2010020122,2010,4,3
2010020123,2010,4,6
2010020124,2010,0,3
2010020125,2010,5,3
2010020126,2010,5,3
2010020127,2010,3,1
2010020128,2010,5,2
2010020129,2010,2,0
2010020130,2010,2,4
2010020131,2010,3,2
2010020132,2010,5,3
2010020133,2010,0,3
2010020134,2010,2,1
2010020135,2010,2,5
2010020136,2010,5,6
2010020137,2010,1,3
2010020138,2010,3,4
2010020139,2010,2,3
2010020140,2010,4,3
2010020141,2010,4,7
2010020142,2010,1,2
2010020143,2010,0,2
2010020144,2010,1,3
2010020145,2010,0,4
2010020146,2010,6,1
2010020147,2010,0,3
2010020148,2010,5,2
2010020149,2010,4,3
2010020150,2010,1,3
2010020151,2010,4,0
2010020152,2010,5,1
2010020153,2010,0,3
2010020154,2010,2,7
2010020155,2010,3,1
2010020156,2010,5,2
2010020157,2010,3,2
2010020158,2010,3,2
2010020159,2010,3,0
2010020160,2010,2,3
2010020161,2010,3,0
2010020162,2010,1,0
2010020163,2010,3,4
2010020164,2010,2,5
2010020165,2010,5,4
2010020166,2010,7,2
2010020167,2010,3,4
2010020168,2010,3,5
2010020169,2010,5,2
2010020170,2010,1,2
2010020171,2010,4,3
2010020172,2010,3,2
2010020173,2010,4,1
2010020174,2010,0,3
2010020175,2010,4,1
2010020176,2010,2,0
2010020177,2010,1,3
2010020178,2010,1,0
2010020179,2010,0,3
2010020180,2010,5,3
2010020181,2010,2,3
2010020182,2010,7,4
2010020183,2010,2,1
2010020184,2010,6,3
2010020185,2010,1,3
2010020186,2010,3,2
2010020187,2010,4,1
2010020188,2010,1,2
2010020189,2010,2,3
2010020190,2010,2,3
2010020191,2010,1,2
2010020192,2010,3,2
2010020193,2010,4,5
2010020194,2010,2,3
2010020195,2010,5,0
2010020196,2010,3,4
2010020197,2010,6,4
2010020198,2010,5,2
2010020199,2010,3,2
2010020200,2010,0,2
2010020201,2010,1,2
2010020202,2010,5,4
2010020203,2010,3,2
2010020204,2010,3,5
2010020205,2010,7,1
2010020206,2010,2,0
2010020207,2010,5,2
2010020208,2010,4,0
2010020209,2010,2,4
2010020210,2010,2,3
2010020211,2010,4,5
2010020212,2010,4,7
2010020213,2010,8,1
2010020214,2010,4,1
2010020215,2010,1,2
2010020216,2010,1,0
2010020217,2010,1,3
2010020218,2010,3,2
2010020219,2010,6,3
2010020220,2010,1,8
2010020221,2010,5,1
2010020222,2010,6,2
2010020223,2010,2,6
2010020224,2010,2,3
2010020225,2010,3,1
2010020226,2010,2,1
2010020227,2010,4,3
2010020228,2010,5,1
2010020229,2010,1,5
2010020230,2010,2,1
2010020231,2010,5,4
2010020232,2010,4,2
2010020233,2010,0,2
2010020234,2010,3,2
2010020235,2010,3,5
2010020236,2010,7,2
2010020237,2010,5,2
2010020238,2010,2,4
2010020239,2010,3,1
2010020240,2010,4,3
2010020241,2010,5,3
2010020242,2010,4,3
2010020243,2010,5,1
2010020244,2010,8,2
2010020245,2010,6,4
2010020246,2010,1,4
2010020247,2010,3,2
2010020248,2010,3,0
2010020249,2010,4,3
2010020250,2010,5,1
2010020251,2010,2,3
2010020252,2010,6,3
2010020253,2010,6,3
2010020254,2010,5,4
2010020255,2010,3,0
2010020256,2010,2,1
2010020257,2010,2,4
2010020258,2010,2,3
2010020259,2010,3,1
2010020260,2010,4,2
2010020261,2010,7,1
2010020262,2010,1,2
2010020263,2010,7,3
2010020264,2010,2,1
2010020265,2010,4,3
2010020266,2010,1,3
2010020267,2010,0,5
2010020268,2010,3,5
2010020269,2010,4,0
2010020270,2010,3,1
2010020271,2010,7,8
2010020272,2010,0,3
2010020273,2010,5,4
2010020274,2010,5,4
2010020275,2010,3,4
2010020276,2010,4,2
2010020277,2010,5,0
2010020278,2010,5,2
2010020279,2010,5,1
2010020280,2010,7,2
2010020281,2010,3,4
2010020282,2010,3,4
2010020283,2010,3,4
2010020284,2010,1,2
2010020285,2010,2,0
2010020286,2010,1,4
2010020287,2010,4,5
2010020288,2010,1,2
2010020289,2010,3,2
2010020290,2010,2,5
2010020291,2010,3,4
2010020292,2010,1,7
2010020293,2010,0,3
2010020294,2010,2,1
2010020295,2010,5,4
2010020296,2010,2,4
2010020297,2010,2,3
2010020298,2010,4,1
2010020299,2010,5,0
2010020300,2010,2,1
2010020301,2010,3,2
2010020302,2010,2,0
2010020303,2010,3,2
2010020304,2010,3,1
2010020305,2010,2,3
2010020306,2010,5,0
2010020307,2010,0,1
2010020308,2010,3,4
2010020309,2010,2,3
2010020310,2010,5,1
2010020311,2010,4,1
2010020312,2010,1,2
2010020313,2010,2,1
2010020314,2010,5,3
2010020315,2010,1,3
2010020316,2010,1,2
2010020317,2010,1,6
2010020318,2010,4,2
2010020319,2010,5,2
2010020320,2010,3,2
2010020321,2010,0,3
2010020322,2010,2,0
2010020323,2010,2,3
2010020324,2010,2,1
2010020325,2010,5,2
2010020326,2010,1,4
2010020327,2010,6,0
2010020328,2010,1,2
2010020329,2010,3,1
2010020330,2010,3,0
2010020331,2010,0,3
2010020332,2010,3,2
2010020333,2010,6,1
2010020334,2010,2,1
2010020335,2010,4,1
2010020336,2010,3,1
2010020337,2010,3,0
2010020338,2010,3,4
2010020339,2010,1,2
2010020340,2010,1,2
2010020341,2010,4,6
2010020342,2010,7,4
2010020343,2010,3,4
2010020344,2010,1,2
2010020345,2010,3,2
2010020346,2010,4,1
2010020347,2010,4,2
2010020348,2010,1,3
2010020349,2010,1,4
2010020350,2010,1,4
2010020351,2010,3,0
2010020352,2010,2,0
2010020353,2010,3,4
2010020354,2010,3,0
2010020355,2010,7,5
2010020356,2010,2,3
2010020357,2010,3,5
2010020358,2010,3,4
2010020359,2010,0,3
2010020360,2010,3,4
2010020361,2010,1,4
2010020362,2010,2,4
2010020363,2010,2,7
2010020364,2010,5,3
2010020365,2010,8,1
2010020366,2010,0,5
2010020367,2010,1,5
2010020368,2010,5,6
2010020369,2010,3,2
2010020370,2010,0,4
2010020371,2010,2,1
2010020372,2010,3,2
2010020373,2010,2,0
2010020374,2010,2,1
2010020375,2010,5,0
2010020376,2010,2,3
2010020377,2010,0,3
2010020378,2010,0,4
2010020379,2010,5,3
2010020380,2010,3,1
2010020381,2010,3,2
2010020382,2010,0,1
2010020383,2010,1,3
2010020384,2010,2,7
2010020385,2010,6,5
2010020386,2010,5,2
2010020387,2010,4,3
2010020388,2010,1,2
2010020389,2010,2,1
2010020390,2010,3,2
2010020391,2010,2,3
2010020392,2010,1,3
2010020393,2010,4,2
2010020394,2010,0,3
2010020395,2010,2,3
2010020396,2010,2,1
2010020397,2010,4,5
2010020398,2010,3,2
2010020399,2010,2,5
2010020400,2010,3,2
2010020401,2010,3,2
2010020402,2010,4,1
2010020403,2010,4,3
2010020404,2010,4,2
2010020405,2010,2,3
2010020406,2010,4,5
2010020407,2010,5,2
2010020408,2010,2,3
2010020409,2010,5,3
2010020410,2010,5,4
2010020411,2010,5,2
2010020412,2010,6,3
2010020413,2010,1,4
2010020414,2010,0,3
2010020415,2010,3,5
2010020416,2010,4,1
2010020417,2010,2,3
2010020418,2010,2,1
2010020419,2010,4,2
2010020420,2010,3,2
2010020421,2010,2,4
2010020422,2010,2,1
2010020423,2010,4,3
2010020424,2010,3,2
2010020425,2010,1,2
2010020426,2010,2,5
2010020427,2010,3,1
2010020428,2010,1,4
2010020429,2010,4,5
2010020430,2010,2,3
2010020431,2010,3,1
2010020432,2010,1,2
2010020433,2010,3,0
2010020434,2010,5,2
2010020435,2010,4,5
2010020436,2010,2,3
2010020437,2010,2,1
2010020438,2010,7,0
2010020439,2010,1,2
2010020440,2010,6,2
2010020441,2010,0,5
2010020442,2010,3,4
2010020443,2010,5,0
2010020444,2010,7,5
2010020445,2010,3,2
2010020446,2010,2,3
2010020447,2010,3,2
2010020448,2010,1,4
2010020449,2010,3,2
2010020450,2010,3,0
2010020451,2010,1,4
2010020452,2010,1,2
2010020453,2010,5,2
2010020454,2010,3,5
2010020455,2010,2,1
2010020456,2010,3,4
2010020457,2010,3,2
2010020458,2010,3,4
2010020459,2010,3,2
2010020460,2010,3,2
2010020461,2010,4,3
2010020462,2010,2,3
2010020463,2010,4,3
2010020464,2010,6,4
2010020465,2010,1,3
2010020466,2010,3,4
2010020467,2010,5,2
2010020468,2010,6,3
2010020469,2010,1,3
2010020470,2010,6,2
2010020471,2010,4,1
2010020472,2010,6,5
2010020473,2010,4,1
2010020474,2010,3,2
2010020475,2010,3,4
2010020476,2010,4,2
2010020477,2010,7,1
2010020478,2010,1,2
2010020479,2010,3,1
2010020480,2010,1,4
2010020481,2010,1,6
2010020482,2010,1,3
2010020483,2010,4,1
2010020484,2010,2,3
2010020485,2010,3,4
2010020486,2010,3,2
2010020487,2010,3,2
2010020488,2010,0,3
2010020489,2010,3,6
2010020490,2010,0,5
2010020491,2010,6,1
2010020492,2010,5,1
2010020493,2010,1,3
2010020494,2010,4,1
2010020495,2010,5,2
2010020496,2010,5,1
2010020497,2010,2,4
2010020498,2010,3,1
2010020499,2010,5,2
2010020500,2010,0,5
2010020501,2010,2,1
2010020502,2010,2,1
2010020503,2010,5,2
2010020504,2010,5,4
2010020505,2010,4,1
2010020506,2010,4,1
2010020507,2010,3,4
2010020508,2010,1,5
2010020509,2010,3,4
2010020510,2010,2,3
2010020511,2010,2,3
2010020512,2010,3,7
2010020513,2010,4,3
2010020514,2010,1,2
2010020515,2010,2,3
2010020516,2010,1,3
2010020517,2010,3,2
2010020518,2010,4,1
2010020519,2010,3,1
2010020520,2010,1,4
2010020521,2010,4,1
2010020522,2010,2,3
2010020523,2010,2,3
2010020524,2010,4,1
2010020525,2010,2,0
2010020526,2010,1,4
2010020527,2010,0,1
2010020528,2010,3,2
2010020529,2010,4,1
2010020530,2010,7,2
2010020531,2010,4,3
2010020532,2010,2,3
2010020533,2010,3,4
2010020534,2010,5,2
2010020535,2010,0,4
2010020536,2010,3,4
2010020537,2010,6,3
2010020538,2010,3,0
2010020539,2010,3,4
2010020540,2010,3,1
2010020541,2010,2,4
2010020542,2010,2,4
2010020543,2010,1,3
2010020544,2010,6,2
2010020545,2010,1,3
2010020546,2010,2,1
2010020547,2010,0,4
2010020548,2010,5,3
2010020549,2010,3,7
2010020550,2010,6,3
2010020551,2010,2,3
2010020552,2010,3,2
2010020553,2010,4,1
2010020554,2010,3,5
2010020555,2010,3,4
2010020556,2010,4,7
2010020557,2010,3,1
2010020558,2010,2,3
2010020559,2010,1,4
2010020560,2010,3,4
2010020561,2010,4,3
2010020562,2010,4,3
2010020563,2010,5,2
2010020564,2010,1,4
2010020565,2010,3,2
2010020566,2010,1,3
2010020567,2010,7,6
2010020568,2010,1,5
2010020569,2010,6,3
2010020570,2010,2,1
2010020571,2010,0,1
2010020572,2010,1,2
2010020573,2010,3,4
2010020574,2010,3,0
2010020575,2010,2,3
2010020576,2010,2,4
2010020577,2010,4,1
2010020578,2010,6,5
2010020579,2010,1,2
2010020580,2010,2,1
2010020581,2010,1,2
2010020582,2010,3,4
2010020583,2010,2,5
2010020584,2010,3,4
2010020585,2010,3,4
2010020586,2010,1,2
2010020587,2010,0,1
2010020588,2010,4,3
2010020589,2010,3,5
2010020590,2010,4,2
2010020591,2010,2,1
2010020592,2010,8,1
2010020593,2010,2,3
2010020594,2010,2,4
2010020595,2010,3,1
2010020596,2010,1,4
2010020597,2010,1,3
2010020598,2010,6,5
2010020599,2010,2,4
2010020600,2010,2,1
2010020601,2010,0,2
2010020602,2010,2,1
2010020603,2010,2,5
2010020604,2010,0,3
2010020605,2010,3,9
2010020606,2010,3,5
2010020607,2010,3,2
2010020608,2010,2,3
2010020609,2010,4,5
2010020610,2010,6,1
2010020611,2010,6,0
2010020612,2010,2,1
2010020613,2010,3,4
2010020614,2010,3,2
2010020615,2010,1,2
2010020616,2010,0,4
2010020617,2010,3,2
2010020618,2010,1,2
2010020619,2010,1,2
2010020620,2010,1,2
2010020621,2010,1,2
2010020622,2010,6,4
2010020623,2010,4,3
2010020624,2010,6,3
2010020625,2010,0,4
2010020626,2010,5,0
2010020627,2010,1,0
2010020628,2010,2,4
2010020629,2010,3,4
2010020630,2010,5,4
2010020631,2010,2,3
2010020632,2010,6,0
2010020633,2010,2,5
2010020634,2010,3,4
2010020635,2010,1,2
2010020636,2010,6,5
2010020637,2010,3,4
2010020638,2010,4,3
2010020639,2010,5,1
2010020640,2010,3,2
2010020641,2010,2,4
2010020642,2010,2,5
2010020643,2010,3,0
2010020644,2010,4,0
2010020645,2010,7,4
2010020646,2010,7,5
2010020647,2010,3,2
2010020648,2010,4,6
2010020649,2010,1,0
2010020650,2010,3,2
2010020651,2010,5,1
2010020652,2010,1,3
2010020653,2010,2,5
2010020654,2010,2,4
2010020655,2010,3,2
2010020656,2010,2,3
2010020657,2010,2,5
2010020658,2010,2,5
2010020659,2010,1,4
2010020660,2010,2,3
2010020661,2010,1,2
2010020662,2010,3,2
2010020663,2010,5,3
2010020664,2010,6,4
2010020665,2010,3,2
2010020666,2010,6,5
2010020667,2010,3,2
2010020668,2010,6,1
2010020669,2010,6,2
2010020670,2010,5,2
2010020671,2010,4,2
2010020672,2010,3,1
2010020673,2010,4,0
2010020674,2010,2,3
2010020675,2010,6,3
2010020676,2010,3,2
2010020677,2010,7,0
2010020678,2010,2,5
2010020679,2010,2,4
2010020680,2010,5,4
2010020681,2010,2,3
2010020682,2010,2,1
2010020683,2010,2,1
2010020684,2010,3,2
2010020685,2010,4,1
2010020686,2010,2,3
2010020687,2010,1,2
2010020688,2010,3,2
2010020689,2010,2,1
2010020690,2010,4,3
2010020691,2010,1,4
2010020692,2010,2,5
2010020693,2010,7,0
2010020694,2010,2,3
2010020695,2010,0,6
2010020696,2010,2,4
2010020697,2010,5,2
2010020698,2010,2,0
2010020699,2010,1,2
2010020700,2010,6,2
2010020701,2010,4,1
2010020702,2010,2,3
2010020703,2010,3,4
2010020704,2010,1,5
2010020705,2010,2,4
2010020706,2010,1,2
2010020707,2010,0,2
2010020708,2010,2,5
2010020709,2010,1,7
2010020710,2010,1,2
2010020711,2010,7,4
2010020712,2010,1,3
2010020713,2010,1,4
2010020714,2010,2,6
2010020715,2010,1,4
2010020716,2010,3,4
2010020717,2010,3,2
2010020718,2010,2,3
2010020719,2010,2,5
2010020720,2010,3,4
2010020721,2010,3,4
2010020722,2010,4,3
2010020723,2010,5,2
2010020724,2010,3,5
2010020725,2010,1,4
2010020726,2010,7,1
2010020727,2010,2,3
2010020728,2010,1,2
2010020729,2010,6,4
2010020730,2010,3,1
2010020731,2010,4,3
2010020732,2010,7,1
2010020733,2010,2,0
2010020734,2010,3,4
2010020735,2010,5,2
2010020736,2010,1,0
2010020737,2010,2,3
2010020738,2010,2,3
2010020739,2010,2,0
2010020740,2010,2,4
2010020741,2010,3,4
2010020742,2010,2,1
2010020743,2010,2,4
2010020744,2010,1,0
2010020745,2010,3,1
2010020746,2010,3,1
2010020747,2010,2,5
2010020748,2010,4,1
2010020749,2010,2,1
2010020750,2010,3,2
2010020751,2010,4,3
2010020752,2010,2,1
2010020753,2010,3,4
2010020754,2010,2,3
2010020755,2010,2,3
2010020756,2010,1,4
2010020757,2010,4,7
2010020758,2010,4,0
2010020759,2010,3,4
2010020760,2010,2,3
2010020761,2010,1,0
2010020762,2010,1,4
2010020763,2010,5,3
2010020764,2010,5,7
2010020765,2010,3,0
2010020766,2010,3,2
2010020767,2010,0,6
2010020768,2010,1,3
2010020769,2010,3,4
2010020770,2010,6,3
2010020771,2010,3,0
2010020772,2010,2,3
2010020773,2010,3,2
2010020774,2010,2,4
2010020775,2010,3,4
2010020776,2010,3,4
2010020777,2010,3,2
2010020778,2010,0,3
2010020779,2010,2,5
2010020780,2010,5,3
2010020781,2010,4,3
2010020782,2010,0,2
2010020783,2010,2,0
2010020784,2010,0,3
2010020785,2010,6,2
2010020786,2010,5,3
2010020787,2010,3,1
2010020788,2010,4,3
2010020789,2010,4,3
2010020790,2010,3,0
2010020791,2010,1,0
2010020792,2010,3,4
2010020793,2010,3,0
2010020794,2010,1,4
2010020795,2010,4,3
2010020796,2010,5,4
2010020797,2010,3,2
2010020798,2010,0,4
2010020799,2010,3,1
2010020800,2010,3,0
2010020801,2010,4,2
2010020802,2010,3,2
2010020803,2010,3,5
2010020804,2010,1,4
2010020805,2010,0,2
2010020806,2010,4,7
2010020807,2010,1,2
2010020808,2010,8,6
2010020809,2010,1,4
2010020810,2010,2,3
2010020811,2010,3,2
2010020812,2010,2,3
2010020813,2010,5,2
2010020814,2010,1,4
2010020815,2010,3,4
2010020816,2010,1,2
2010020817,2010,2,1
2010020818,2010,2,1
2010020819,2010,3,4
2010020820,2010,2,3
2010020821,2010,1,6
2010020822,2010,2,1
2010020823,2010,9,3
2010020824,2010,3,1
2010020825,2010,3,2
2010020826,2010,4,5
2010020827,2010,4,3
2010020828,2010,4,5
2010020829,2010,1,4
2010020830,2010,3,5
2010020831,2010,3,0
2010020832,2010,4,3
2010020833,2010,5,3
2010020834,2010,3,2
2010020835,2010,3,1
2010020836,2010,4,2
2010020837,2010,6,7
2010020838,2010,5,3
2010020839,2010,1,2
2010020840,2010,2,3
2010020841,2010,3,2
2010020842,2010,4,2
2010020843,2010,0,1
2010020844,2010,0,4
2010020845,2010,3,2
2010020846,2010,1,9
2010020847,2010,3,2
2010020848,2010,3,4
2010020849,2010,2,3
2010020850,2010,3,4
2010020851,2010,3,4
2010020852,2010,1,2
2010020853,2010,1,4
2010020854,2010,4,1
2010020855,2010,1,2
2010020856,2010,3,2
2010020857,2010,3,4
2010020858,2010,2,4
2010020859,2010,3,1
2010020860,2010,2,3
2010020861,2010,4,2
2010020862,2010,6,7
2010020863,2010,3,6
2010020864,2010,4,3
2010020865,2010,2,6
2010020866,2010,3,1
2010020867,2010,4,1
2010020868,2010,4,3
2010020869,2010,3,2
2010020870,2010,1,0
2010020871,2010,3,2
2010020872,2010,0,3
2010020873,2010,2,4
2010020874,2010,3,4
2010020875,2010,5,1
2010020876,2010,3,4
2010020877,2010,5,3
2010020878,2010,0,1
2010020879,2010,3,0
2010020880,2010,1,4
2010020881,2010,2,3
2010020882,2010,9,3
2010020883,2010,2,3
2010020884,2010,5,2
2010020885,2010,4,0
2010020886,2010,1,2
2010020887,2010,2,4
2010020888,2010,3,2
2010020889,2010,1,2
2010020890,2010,4,0
2010020891,2010,5,1
2010020892,2010,3,5
2010020893,2010,0,1
2010020894,2010,2,1
2010020895,2010,2,3
2010020896,2010,3,4
2010020897,2010,3,4
2010020898,2010,4,0
2010020899,2010,4,1
2010020900,2010,0,1
2010020901,2010,2,3
2010020902,2010,4,1
2010020903,2010,5,1
2010020904,2010,2,3
2010020905,2010,8,3
2010020906,2010,1,3
2010020907,2010,1,5
2010020908,2010,2,3
2010020909,2010,4,3
2010020910,2010,1,4
2010020911,2010,4,5
2010020912,2010,0,3
2010020913,2010,3,2
2010020914,2010,4,2
2010020915,2010,0,6
2010020916,2010,4,1
2010020917,2010,5,3
2010020918,2010,4,2
2010020919,2010,1,2
2010020920,2010,2,1
2010020921,2010,3,4
2010020922,2010,0,5
2010020923,2010,2,3
2010020924,2010,3,2
2010020925,2010,4,3
2010020926,2010,2,3
2010020927,2010,5,6
2010020928,2010,4,3
2010020929,2010,4,1
2010020930,2010,2,3
2010020931,2010,1,3
2010020932,2010,1,2
2010020933,2010,3,2
2010020934,2010,3,2
2010020935,2010,1,2
2010020936,2010,4,3
2010020937,2010,1,0
2010020938,2010,2,3
2010020939,2010,3,2
2010020940,2010,2,4
2010020941,2010,4,7
2010020942,2010,2,3
2010020943,2010,2,1
2010020944,2010,2,1
2010020945,2010,1,3
2010020946,2010,0,1
2010020947,2010,0,6
2010020948,2010,2,1
2010020949,2010,2,3
2010020950,2010,2,1
2010020951,2010,2,1
2010020952,2010,3,2
2010020953,2010,2,1
2010020954,2010,4,1
2010020955,2010,6,4
2010020956,2010,2,1
2010020957,2010,2,1
2010020958,2010,1,3
2010020959,2010,2,3
2010020960,2010,3,2
2010020961,2010,3,2
2010020962,2010,1,3
2010020963,2010,0,4
2010020964,2010,4,2
2010020965,2010,0,3
2010020966,2010,1,0
2010020967,2010,3,1
2010020968,2010,2,1
2010020969,2010,1,4
2010020970,2010,5,2
2010020971,2010,4,3
2010020972,2010,4,3
2010020973,2010,5,2
2010020974,2010,3,5
2010020975,2010,1,3
2010020976,2010,2,3
2010020977,2010,3,5
2010020978,2010,4,3
2010020979,2010,2,4
2010020980,2010,5,4
2010020981,2010,1,5
2010020982,2010,2,3
2010020983,2010,2,3
2010020984,2010,7,0
2010020985,2010,2,3
2010020986,2010,2,3
2010020987,2010,3,2
2010020988,2010,0,3
2010020989,2010,1,2
2010020990,2010,5,4
2010020991,2010,3,4
2010020992,2010,1,2
2010020993,2010,4,3
2010020994,2010,4,1
2010020995,2010,3,1
2010020996,2010,4,1
2010020997,2010,3,2
2010020998,2010,5,2
2010020999,2010,3,4
2010021000,2010,3,2
2010021001,2010,5,0
2010021002,2010,2,3
2010021003,2010,1,2
2010021004,2010,3,4
2010021005,2010,4,3
2010021006,2010,3,4
2010021007,2010,5,2
2010021008,2010,3,4
2010021009,2010,2,3
2010021010,2010,1,2
2010021011,2010,4,1
2010021012,2010,4,0
2010021013,2010,3,0
2010021014,2010,4,5
2010021015,2010,4,2
2010021016,2010,2,1
2010021017,2010,2,1
2010021018,2010,2,4
2010021019,2010,2,3
2010021020,2010,1,2
2010021021,2010,4,0
2010021022,2010,2,6
2010021023,2010,0,3
2010021024,2010,4,3
2010021025,2010,3,2
2010021026,2010,4,5
2010021027,2010,2,3
2010021028,2010,4,3
2010021029,2010,3,5
2010021030,2010,4,2
2010021031,2010,3,4
2010021032,2010,2,3
2010021033,2010,5,1
2010021034,2010,4,3
2010021035,2010,2,3
2010021036,2010,6,4
2010021037,2010,2,5
2010021038,2010,2,6
2010021039,2010,6,3
2010021040,2010,4,2
2010021041,2010,0,1
2010021042,2010,4,2
2010021043,2010,6,3
2010021044,2010,2,3
2010021045,2010,2,4
2010021046,2010,1,5
2010021047,2010,2,3
2010021048,2010,2,4
2010021049,2010,3,6
2010021050,2010,3,4
2010021051,2010,1,3
2010021052,2010,3,2
2010021053,2010,4,2
2010021054,2010,2,1
2010021055,2010,4,3
2010021056,2010,0,2
2010021057,2010,3,2
2010021058,2010,3,1
2010021059,2010,4,0
2010021060,2010,4,3
2010021061,2010,5,0
2010021062,2010,5,2
2010021063,2010,1,3
2010021064,2010,0,4
2010021065,2010,3,2
2010021066,2010,0,3
2010021067,2010,6,3
2010021068,2010,3,2
2010021069,2010,1,3
2010021070,2010,4,5
2010021071,2010,8,2
2010021072,2010,5,2
2010021073,2010,3,2
2010021074,2010,3,4
2010021075,2010,3,1
2010021076,2010,2,3
2010021077,2010,2,3
2010021078,2010,1,2
2010021079,2010,5,3
2010021080,2010,2,5
2010021081,2010,3,4
2010021082,2010,0,3
2010021083,2010,1,8
2010021084,2010,1,2
2010021085,2010,5,4
2010021086,2010,4,5
2010021087,2010,2,1
2010021088,2010,4,1
2010021089,2010,1,0
2010021090,2010,4,5
2010021091,2010,4,3
2010021092,2010,0,2
2010021093,2010,2,5
2010021094,2010,3,1
2010021095,2010,0,3
2010021096,2010,5,4
2010021097,2010,2,1
2010021098,2010,1,2
2010021099,2010,4,0
2010021100,2010,3,4
2010021101,2010,6,3
2010021102,2010,7,0
2010021103,2010,1,2
2010021104,2010,1,2
2010021105,2010,1,2
2010021106,2010,4,0
2010021107,2010,5,4
2010021108,2010,3,4
2010021109,2010,3,0
2010021110,2010,4,3
2010021111,2010,1,0
2010021112,2010,4,2
2010021113,2010,2,0
2010021114,2010,1,3
2010021115,2010,3,4
2010021116,2010,0,1
2010021117,2010,4,1
2010021118,2010,2,0
2010021119,2010,0,2
2010021120,2010,1,4
2010021121,2010,2,4
2010021122,2010,4,2
2010021123,2010,4,2
2010021124,2010,3,6
2010021125,2010,1,2
2010021126,2010,1,4
2010021127,2010,4,5
2010021128,2010,2,1
2010021129,2010,5,4
2010021130,2010,1,4
2010021131,2010,1,2
2010021132,2010,2,3
2010021133,2010,5,4
2010021134,2010,3,0
2010021135,2010,4,3
2010021136,2010,2,5
2010021137,2010,2,3
2010021138,2010,3,2
2010021139,2010,3,1
2010021140,2010,5,2
2010021141,2010,2,3
2010021142,2010,1,3
2010021143,2010,0,2
2010021144,2010,2,1
2010021145,2010,1,0
2010021146,2010,3,2
2010021147,2010,6,2
2010021148,2010,3,10
2010021149,2010,2,4
2010021150,2010,3,4
2010021151,2010,6,2
2010021152,2010,0,1
2010021153,2010,4,3
2010021154,2010,2,1
2010021155,2010,1,4
2010021156,2010,4,2
2010021157,2010,2,3
2010021158,2010,3,1
2010021159,2010,6,0
2010021160,2010,4,2
2010021161,2010,3,4
2010021162,2010,2,3
2010021163,2010,3,4
2010021164,2010,3,2
2010021165,2010,1,3
2010021166,2010,3,4
2010021167,2010,3,1
2010021168,2010,2,4
2010021169,2010,1,3
2010021170,2010,2,4
2010021171,2010,5,4
2010021172,2010,2,4
2010021173,2010,1,4
2010021174,2010,4,2
2010021175,2010,2,3
2010021176,2010,1,2
2010021177,2010,4,2
2010021178,2010,1,6
2010021179,2010,0,2
2010021180,2010,1,2
2010021181,2010,3,4
2010021182,2010,5,3
2010021183,2010,6,1
2010021184,2010,4,2
2010021185,2010,2,3
2010021186,2010,4,2
2010021187,2010,2,1
2010021188,2010,5,2
2010021189,2010,3,1
2010021190,2010,6,3
2010021191,2010,3,0
2010021192,2010,2,0
2010021193,2010,3,2
2010021194,2010,4,2
2010021195,2010,5,2
2010021196,2010,3,0
2010021197,2010,4,3
2010021198,2010,6,1
2010021199,2010,6,2
2010021200,2010,3,2
2010021201,2010,0,3
2010021202,2010,3,2
2010021203,2010,4,2
2010021204,2010,5,0
2010021205,2010,3,4
2010021206,2010,2,4
2010021207,2010,4,3
2010021208,2010,1,6
2010021209,2010,4,2
2010021210,2010,4,1
2010021211,2010,2,3
2010021212,2010,1,3
2010021213,2010,4,3
2010021214,2010,2,1
2010021215,2010,5,2
2010021216,2010,3,1
2010021217,2010,1,4
2010021218,2010,7,4
2010021219,2010,2,6
2010021220,2010,1,0
2010021221,2010,4,5
2010021222,2010,2,0
2010021223,2010,2,3
2010021224,2010,1,3
2010021225,2010,3,1
2010021226,2010,3,2
2010021227,2010,2,5
2010021228,2010,4,3
2010021229,2010,3,4
2010021230,2010,5,3
2010030111,2010,2,1
2010030112,2010,2,0
2010030113,2010,3,2
2010030114,2010,3,4
2010030115,2010,3,1
2010030121,2010,0,1
2010030122,2010,5,4
2010030123,2010,2,4
2010030124,2010,1,0
2010030125,2010,3,4
2010030126,2010,4,5
2010030127,2010,5,2
2010030131,2010,0,2
2010030132,2010,1,3
2010030133,2010,2,4
2010030134,2010,4,5
2010030135,2010,2,1
2010030136,2010,2,1
2010030137,2010,4,3
2010030141,2010,3,0
2010030142,2010,1,5
2010030143,2010,2,3
2010030144,2010,2,3
2010030145,2010,2,8
2010030146,2010,4,2
2010030147,2010,0,1
2010030151,2010,2,0
2010030152,2010,4,3
2010030153,2010,2,3
2010030154,2010,7,2
2010030155,2010,0,5
2010030156,2010,4,3
2010030157,2010,2,1
2010030161,2010,3,2
2010030162,2010,0,4
2010030163,2010,5,6
2010030164,2010,3,6
2010030165,2010,1,3
2010030166,2010,3,4
2010030171,2010,4,2
2010030172,2010,4,3
2010030173,2010,2,4
2010030174,2010,3,6
2010030181,2010,1,4
2010030182,2010,5,3
2010030183,2010,4,3
2010030184,2010,3,6
2010030185,2010,3,4
2010030186,2010,4,2
2010030211,2010,2,4
2010030212,2010,2,3
2010030213,2010,4,3
2010030214,2010,5,3
2010030221,2010,3,7
2010030222,2010,2,3
2010030223,2010,5,1
2010030224,2010,5,1
2010030231,2010,1,0
2010030232,2010,1,2
2010030233,2010,2,3
2010030234,2010,2,4
2010030235,2010,3,4
2010030236,2010,1,2
2010030241,2010,2,1
2010030242,2010,2,1
2010030243,2010,3,4
2010030244,2010,4,3
2010030245,2010,3,4
2010030246,2010,3,1
2010030247,2010,3,2
2010030311,2010,2,5
2010030312,2010,6,5
2010030313,2010,0,2
2010030314,2010,5,3
2010030315,2010,3,1
2010030316,2010,5,4
2010030317,2010,1,0
2010030321,2010,3,2
2010030322,2010,7,3
2010030323,2010,4,3
2010030324,2010,2,4
2010030325,2010,3,2
2010030411,2010,1,0
2010030412,2010,3,2
2010030413,2010,8,1
2010030414,2010,4,0
2010030415,2010,1,0
2010030416,2010,5,2
2010030417,2010,0,4
2011020001,2011,1,2
2011020002,2011,2,0
2011020003,2011,3,4
2011020004,2011,1,5
2011020005,2011,5,3
2011020006,2011,2,3
2011020007,2011,4,1
2011020008,2011,2,1
2011020009,2011,3,2
2011020010,2011,4,1
2011020011,2011,6,5
2011020012,2011,0,3
2011020013,2011,4,3
2011020014,2011,0,2
2011020015,2011,2,4
2011020016,2011,4,2
2011020017,2011,5,2
2011020018,2011,0,3
2011020019,2011,3,5
2011020020,2011,2,1
2011020021,2011,6,3
2011020022,2011,2,4
2011020023,2011,1,5
2011020024,2011,2,1
2011020025,2011,0,1
2011020026,2011,4,2
2011020027,2011,2,1
2011020028,2011,5,2
2011020029,2011,6,5
2011020030,2011,2,3
2011020031,2011,2,1
2011020032,2011,4,2
2011020033,2011,4,3
2011020034,2011,2,3
2011020035,2011,5,4
2011020036,2011,3,2
2011020037,2011,2,1
2011020038,2011,5,1
2011020039,2011,2,3
2011020040,2011,1,4
2011020041,2011,1,7
2011020042,2011,2,0
2011020043,2011,2,5
2011020044,2011,2,1
2011020045,2011,4,3
2011020046,2011,3,2
2011020047,2011,3,4
2011020048,2011,1,0
2011020049,2011,3,2
2011020050,2011,5,6
2011020051,2011,4,2
2011020052,2011,2,3
2011020053,2011,2,3
2011020054,2011,2,1
2011020055,2011,4,1
2011020056,2011,3,2
2011020057,2011,2,3
2011020058,2011,2,3
2011020059,2011,4,2
2011020060,2011,2,3
2011020061,2011,3,4
2011020062,2011,2,4
2011020063,2011,4,2
2011020064,2011,2,3
2011020065,2011,4,7
2011020066,2011,2,1
2011020067,2011,3,1
2011020068,2011,2,3
2011020069,2011,1,4
2011020070,2011,3,0
2011020071,2011,2,3
2011020072,2011,1,3
2011020073,2011,2,7
2011020074,2011,2,4
2011020075,2011,2,1
2011020076,2011,0,4
2011020077,2011,2,5
2011020078,2011,5,0
2011020079,2011,4,3
2011020080,2011,6,2
2011020081,2011,2,5
2011020082,2011,3,1
2011020083,2011,4,1
2011020084,2011,4,1
2011020085,2011,0,3
2011020086,2011,1,3
2011020087,2011,2,3
2011020088,2011,1,2
2011020089,2011,5,1
2011020090,2011,0,2
2011020091,2011,3,4
2011020092,2011,5,2
2011020093,2011,3,2
2011020094,2011,1,3
2011020095,2011,0,2
2011020096,2011,3,2
2011020097,2011,2,4
2011020098,2011,4,5
2011020099,2011,4,3
2011020100,2011,2,4
2011020101,2011,4,1
2011020102,2011,7,1
2011020103,2011,5,3
2011020104,2011,3,0
2011020105,2011,4,2
2011020106,2011,4,5
2011020107,2011,2,0
2011020108,2011,1,0
2011020109,2011,4,5
2011020110,2011,4,2
2011020111,2011,1,2
2011020112,2011,1,2
2011020113,2011,3,4
2011020114,2011,0,3
2011020115,2011,2,3
2011020116,2011,4,1
2011020117,2011,1,3
2011020118,2011,3,2
2011020119,2011,3,2
2011020120,2011,2,3
2011020121,2011,0,3
2011020122,2011,5,1
2011020123,2011,4,2
2011020124,2011,0,3
2011020125,2011,1,2
2011020126,2011,4,2
2011020127,2011,2,4
2011020128,2011,8,9
2011020129,2011,3,2
2011020130,2011,4,3
2011020131,2011,5,3
2011020132,2011,2,3
2011020133,2011,3,5
2011020134,2011,2,1
2011020135,2011,5,3
2011020136,2011,3,0
2011020137,2011,2,4
2011020138,2011,1,3
2011020139,2011,3,1
2011020140,2011,4,5
2011020141,2011,2,3
2011020142,2011,4,3
2011020143,2011,4,2
2011020144,2011,2,3
2011020145,2011,5,1
2011020146,2011,1,0
2011020147,2011,3,0
2011020148,2011,1,0
2011020149,2011,3,1
2011020150,2011,5,2
2011020151,2011,3,2
2011020152,2011,7,4
2011020153,2011,3,1
2011020154,2011,3,2
2011020155,2011,3,2
2011020156,2011,4,2
2011020157,2011,5,2
2011020158,2011,3,4
2011020159,2011,5,4
2011020160,2011,5,3
2011020161,2011,5,4
2011020162,2011,4,2
2011020163,2011,1,2
2011020164,2011,1,5
2011020165,2011,2,3
2011020166,2011,3,5
2011020167,2011,1,4
2011020168,2011,0,3
2011020169,2011,2,1
2011020170,2011,3,4
2011020171,2011,1,4
2011020172,2011,2,3
2011020173,2011,1,4
2011020174,2011,5,1
2011020175,2011,0,3
2011020176,2011,0,3
2011020177,2011,4,3
2011020178,2011,1,5
2011020179,2011,2,1
2011020180,2011,1,2
2011020181,2011,5,4
2011020182,2011,3,2
2011020183,2011,7,6
2011020184,2011,0,7
2011020185,2011,2,3
2011020186,2011,3,2
2011020187,2011,5,3
2011020188,2011,5,3
2011020189,2011,9,2
2011020190,2011,5,0
2011020191,2011,2,1
2011020192,2011,4,2
2011020193,2011,2,3
2011020194,2011,3,4
2011020195,2011,2,5
2011020196,2011,3,4
2011020197,2011,3,0
2011020198,2011,2,6
2011020199,2011,1,2
2011020200,2011,6,2
2011020201,2011,4,2
2011020202,2011,6,5
2011020203,2011,1,5
2011020204,2011,3,2
2011020205,2011,2,5
2011020206,2011,1,3
2011020207,2011,5,2
2011020208,2011,3,0
2011020209,2011,0,3
2011020210,2011,4,3
2011020211,2011,2,3
2011020212,2011,2,1
2011020213,2011,2,4
2011020214,2011,6,3
2011020215,2011,3,6
2011020216,2011,2,3
2011020217,2011,2,5
2011020218,2011,4,3
2011020219,2011,2,3
2011020220,2011,2,3
2011020221,2011,3,1
2011020222,2011,1,3
2011020223,2011,5,1
2011020224,2011,3,1
2011020225,2011,5,1
2011020226,2011,3,0
2011020227,2011,4,1
2011020228,2011,4,3
2011020229,2011,6,2
2011020230,2011,2,5
2011020231,2011,2,3
2011020232,2011,5,3
2011020233,2011,5,2
2011020234,2011,2,1
2011020235,2011,1,2
2011020236,2011,3,0
2011020237,2011,3,4
2011020238,2011,5,2
2011020239,2011,0,3
2011020240,2011,2,3
2011020241,2011,6,3
2011020242,2011,2,3
2011020243,2011,4,1
2011020244,2011,3,5
2011020245,2011,2,3
2011020246,2011,5,2
2011020247,2011,4,3
2011020248,2011,2,3
2011020249,2011,2,4
2011020250,2011,6,3
2011020251,2011,2,4
2011020252,2011,2,1
2011020253,2011,3,1
2011020254,2011,0,6
2011020255,2011,1,3
2011020256,2011,4,0
2011020257,2011,3,5
2011020258,2011,1,5
2011020259,2011,2,1
2011020260,2011,2,1
2011020261,2011,4,3
2011020262,2011,2,1
2011020263,2011,4,1
2011020264,2011,4,1
2011020265,2011,4,1
2011020266,2011,1,0
2011020267,2011,4,1
2011020268,2011,2,5
2011020269,2011,3,5
2011020270,2011,5,2
2011020271,2011,0,1
2011020272,2011,3,0
2011020273,2011,5,2
2011020274,2011,6,4
2011020275,2011,1,4
2011020276,2011,2,4
2011020277,2011,7,1
2011020278,2011,4,0
2011020279,2011,0,6
2011020280,2011,2,4
2011020281,2011,3,2
2011020282,2011,3,4
2011020283,2011,3,2
2011020284,2011,1,4
2011020285,2011,9,2
2011020286,2011,3,2
2011020287,2011,1,4
2011020288,2011,2,4
2011020289,2011,2,1
2011020290,2011,2,4
2011020291,2011,5,0
2011020292,2011,4,3
2011020293,2011,4,1
2011020294,2011,0,1
2011020295,2011,4,3
2011020296,2011,4,1
2011020297,2011,1,7
2011020298,2011,2,3
2011020299,2011,2,6
2011020300,2011,3,4
2011020301,2011,2,1
2011020302,2011,3,4
2011020303,2011,2,3
2011020304,2011,4,3
2011020305,2011,3,4
2011020306,2011,5,3
2011020307,2011,2,1
2011020308,2011,3,2
2011020309,2011,3,2
2011020310,2011,0,3
2011020311,2011,4,2
2011020312,2011,1,0
2011020313,2011,2,3
2011020314,2011,0,1
2011020315,2011,3,1
2011020316,2011,2,5
2011020317,2011,3,6
2011020318,2011,5,6
2011020319,2011,6,3
2011020320,2011,1,3
2011020321,2011,5,1
2011020322,2011,1,2
2011020323,2011,2,0
2011020324,2011,3,4
2011020325,2011,0,5
2011020326,2011,2,3
2011020327,2011,2,0
2011020328,2011,5,2
2011020329,2011,4,2
2011020330,2011,5,1
2011020331,2011,3,4
2011020332,2011,5,1
2011020333,2011,4,1
2011020334,2011,3,0
2011020335,2011,2,3
2011020336,2011,1,2
2011020337,2011,4,3
2011020338,2011,1,2
2011020339,2011,2,5
2011020340,2011,2,5
2011020341,2011,3,1
2011020342,2011,1,3
2011020343,2011,1,2
2011020344,2011,2,0
2011020345,2011,1,2
2011020346,2011,4,3
2011020347,2011,1,2
2011020348,2011,1,3
2011020349,2011,4,6
2011020350,2011,1,4
2011020351,2011,1,0
2011020352,2011,4,1
2011020353,2011,3,6
2011020354,2011,4,2
2011020355,2011,6,1
2011020356,2011,2,3
2011020357,2011,4,1
2011020358,2011,1,2
2011020359,2011,3,5
2011020360,2011,1,0
2011020361,2011,3,2
2011020362,2011,3,4
2011020363,2011,5,6
2011020364,2011,2,1
2011020365,2011,4,3
2011020366,2011,1,4
2011020367,2011,4,2
2011020368,2011,5,4
2011020369,2011,3,2
2011020370,2011,6,3
2011020371,2011,3,4
2011020372,2011,1,2
2011020373,2011,4,1
2011020374,2011,3,2
2011020375,2011,2,3
2011020376,2011,4,2
2011020377,2011,2,4
2011020378,2011,2,5
2011020379,2011,2,3
2011020380,2011,2,4
2011020381,2011,4,5
2011020382,2011,3,5
2011020383,2011,3,5
2011020384,2011,4,2
2011020385,2011,3,5
2011020386,2011,5,1
2011020387,2011,2,4
2011020388,2011,1,3
2011020389,2011,4,2
2011020390,2011,5,4
2011020391,2011,3,4
2011020392,2011,2,3
2011020393,2011,5,1
2011020394,2011,2,3
2011020395,2011,3,2
2011020396,2011,2,3
2011020397,2011,2,1
2011020398,2011,7,6
2011020399,2011,6,0
2011020400,2011,3,2
2011020401,2011,1,2
2011020402,2011,3,5
2011020403,2011,4,5
2011020404,2011,3,5
2011020405,2011,0,2
2011020406,2011,5,4
2011020407,2011,2,3
2011020408,2011,2,3
2011020409,2011,3,2
2011020410,2011,3,4
2011020411,2011,3,4
2011020412,2011,5,2
2011020413,2011,4,2
2011020414,2011,3,2
2011020415,2011,2,4
2011020416,2011,5,2
2011020417,2011,4,2
2011020418,2011,2,1
2011020419,2011,4,2
2011020420,2011,4,1
2011020421,2011,1,2
2011020422,2011,1,4
2011020423,2011,1,4
2011020424,2011,3,6
2011020425,2011,5,2
2011020426,2011,7,1
2011020427,2011,3,5
2011020428,2011,1,0
2011020429,2011,3,2
2011020430,2011,1,4
2011020431,2011,3,0
2011020432,2011,1,2
2011020433,2011,6,1
2011020434,2011,3,2
2011020435,2011,4,5
2011020436,2011,3,0
2011020437,2011,2,3
2011020438,2011,2,1
2011020439,2011,0,1
2011020440,2011,1,4
2011020441,2011,1,5
2011020442,2011,2,1
2011020443,2011,5,3
2011020444,2011,2,3
2011020445,2011,2,1
2011020446,2011,2,1
2011020447,2011,4,3
2011020448,2011,2,5
2011020449,2011,3,4
2011020450,2011,4,1
2011020451,2011,2,3
2011020452,2011,4,3
2011020453,2011,1,2
2011020454,2011,3,4
2011020455,2011,5,4
2011020456,2011,4,1
2011020457,2011,4,3
2011020458,2011,0,1
2011020459,2011,4,2
2011020460,2011,5,4
2011020461,2011,6,3
2011020462,2011,5,4
2011020463,2011,6,4
2011020464,2011,3,2
2011020465,2011,4,1
2011020466,2011,0,6
2011020467,2011,3,5
2011020468,2011,3,5
2011020469,2011,8,3
2011020470,2011,5,3
2011020471,2011,8,2
2011020472,2011,2,3
2011020473,2011,2,1
2011020474,2011,1,2
2011020475,2011,2,3
2011020476,2011,2,1
2011020477,2011,3,2
2011020478,2011,3,2
2011020479,2011,4,2
2011020480,2011,6,4
2011020481,2011,3,2
2011020482,2011,2,3
2011020483,2011,5,3
2011020484,2011,3,2
2011020485,2011,2,3
2011020486,2011,4,0
2011020487,2011,1,4
2011020488,2011,3,2
2011020489,2011,4,1
2011020490,2011,4,1
2011020491,2011,1,2
2011020492,2011,2,3
2011020493,2011,2,1
2011020494,2011,3,4
2011020495,2011,5,1
2011020496,2011,1,4
2011020497,2011,3,2
2011020498,2011,4,2
2011020499,2011,7,2
2011020500,2011,3,2
2011020501,2011,4,2
2011020502,2011,4,3
2011020503,2011,6,5
2011020504,2011,4,0
2011020505,2011,3,2
2011020506,2011,4,1
2011020507,2011,3,2
2011020508,2011,8,0
2011020509,2011,4,3
2011020510,2011,3,5
2011020511,2011,4,2
2011020512,2011,2,1
2011020513,2011,1,4
2011020514,2011,6,3
2011020515,2011,2,1
2011020516,2011,2,3
2011020517,2011,1,3
2011020518,2011,2,1
2011020519,2011,2,4
2011020520,2011,4,2
2011020521,2011,3,0
2011020522,2011,4,2
2011020523,2011,5,3
2011020524,2011,1,4
2011020525,2011,4,1
2011020526,2011,5,3
2011020527,2011,4,3
2011020528,2011,2,3
2011020529,2011,4,2
2011020530,2011,1,2
2011020531,2011,2,6
2011020532,2011,5,1
2011020533,2011,5,3
2011020534,2011,3,2
2011020535,2011,1,4
2011020536,2011,3,1
2011020537,2011,4,1
2011020538,2011,2,1
2011020539,2011,0,2
2011020540,2011,1,2
2011020541,2011,2,3
2011020542,2011,3,1
2011020543,2011,2,4
2011020544,2011,4,3
2011020545,2011,4,3
2011020546,2011,4,3
2011020547,2011,1,0
2011020548,2011,1,4
2011020549,2011,3,2
2011020550,2011,2,5
2011020551,2011,3,1
2011020552,2011,4,3
2011020553,2011,1,4
2011020554,2011,1,2
2011020555,2011,3,2
2011020556,2011,3,1
2011020557,2011,4,1
2011020558,2011,5,2
2011020559,2011,3,2
2011020560,2011,2,4
2011020561,2011,2,3
2011020562,2011,3,2
2011020563,2011,3,0
2011020564,2011,2,4
2011020565,2011,4,2
2011020566,2011,2,4
2011020567,2011,4,1
2011020568,2011,5,3
2011020569,2011,2,3
2011020570,2011,3,2
2011020571,2011,3,4
2011020572,2011,2,3
2011020573,2011,1,2
2011020574,2011,4,3
2011020575,2011,7,3
2011020576,2011,3,1
2011020577,2011,3,4
2011020578,2011,4,1
2011020579,2011,4,5
2011020580,2011,7,3
2011020581,2011,1,6
2011020582,2011,3,0
2011020583,2011,1,3
2011020584,2011,9,0
2011020585,2011,4,0
2011020586,2011,3,2
2011020587,2011,5,4
2011020588,2011,4,1
2011020589,2011,4,3
2011020590,2011,1,4
2011020591,2011,1,0
2011020592,2011,2,1
2011020593,2011,5,2
2011020594,2011,1,3
2011020595,2011,4,2
2011020596,2011,0,4
2011020597,2011,4,2
2011020598,2011,3,4
2011020599,2011,3,2
2011020600,2011,4,1
2011020601,2011,0,1
2011020602,2011,1,2
2011020603,2011,4,3
2011020604,2011,3,1
2011020605,2011,1,3
2011020606,2011,4,0
2011020607,2011,5,2
2011020608,2011,5,1
2011020609,2011,3,1
2011020610,2011,5,2
2011020611,2011,6,4
2011020612,2011,2,3
2011020613,2011,7,4
2011020614,2011,2,1
2011020615,2011,5,2
2011020616,2011,5,3
2011020617,2011,2,0
2011020618,2011,5,1
2011020619,2011,2,1
2011020620,2011,1,5
2011020621,2011,1,2
2011020622,2011,0,3
2011020623,2011,4,5
2011020624,2011,5,4
2011020625,2011,5,2
2011020626,2011,1,4
2011020627,2011,6,3
2011020628,2011,5,2
2011020629,2011,1,0
2011020630,2011,1,2
2011020631,2011,2,1
2011020632,2011,2,3
2011020633,2011,0,3
2011020634,2011,2,5
2011020635,2011,3,2
2011020636,2011,2,3
2011020637,2011,3,2
2011020638,2011,0,2
2011020639,2011,5,2
2011020640,2011,1,0
2011020641,2011,4,5
2011020642,2011,4,3
2011020643,2011,4,3
2011020644,2011,3,2
2011020645,2011,1,4
2011020646,2011,0,5
2011020647,2011,3,2
2011020648,2011,1,2
2011020649,2011,0,3
2011020650,2011,2,3
2011020651,2011,4,2
2011020652,2011,4,2
2011020653,2011,1,2
2011020654,2011,1,2
2011020655,2011,3,2
2011020656,2011,4,2
2011020657,2011,1,4
2011020658,2011,3,6
2011020659,2011,2,1
2011020660,2011,4,1
2011020661,2011,4,3
2011020662,2011,2,1
2011020663,2011,2,4
2011020664,2011,1,3
2011020665,2011,6,1
2011020666,2011,0,2
2011020667,2011,2,3
2011020668,2011,5,0
2011020669,2011,1,0
2011020670,2011,2,3
2011020671,2011,5,1
2011020672,2011,3,0
2011020673,2011,5,1
2011020674,2011,2,1
2011020675,2011,0,3
2011020676,2011,4,2
2011020677,2011,5,3
2011020678,2011,2,3
2011020679,2011,2,3
2011020680,2011,2,1
2011020681,2011,0,3
2011020682,2011,6,2
2011020683,2011,4,3
2011020684,2011,6,2
2011020685,2011,4,1
2011020686,2011,1,4
2011020687,2011,1,4
2011020688,2011,1,4
2011020689,2011,0,3
2011020690,2011,1,0
2011020691,2011,4,1
2011020692,2011,2,3
2011020693,2011,1,2
2011020694,2011,1,4
2011020695,2011,5,4
2011020696,2011,3,0
2011020697,2011,3,1
2011020698,2011,1,2
2011020699,2011,2,3
2011020700,2011,1,4
2011020701,2011,4,3
2011020702,2011,1,3
2011020703,2011,2,1
2011020704,2011,3,2
2011020705,2011,2,1
2011020706,2011,3,4
2011020707,2011,4,2
2011020708,2011,5,2
2011020709,2011,3,4
2011020710,2011,5,2
2011020711,2011,2,6
2011020712,2011,1,3
2011020713,2011,5,6
2011020714,2011,4,3
2011020715,2011,3,2
2011020716,2011,3,0
2011020717,2011,2,1
2011020718,2011,3,1
2011020719,2011,4,1
2011020720,2011,2,1
2011020721,2011,4,1
2011020722,2011,1,2
2011020723,2011,3,4
2011020724,2011,3,0
2011020725,2011,5,3
2011020726,2011,4,2
2011020727,2011,2,3
2011020728,2011,2,3
2011020729,2011,1,3
2011020730,2011,1,0
2011020731,2011,2,3
2011020732,2011,0,1
2011020733,2011,3,2
2011020734,2011,3,2
2011020735,2011,7,2
2011020736,2011,4,3
2011020737,2011,4,3
2011020738,2011,1,2
2011020739,2011,5,4
2011020740,2011,2,5
2011020741,2011,1,3
2011020742,2011,4,3
2011020743,2011,4,5
2011020744,2011,1,3
2011020745,2011,1,4
2011020746,2011,3,2
2011020747,2011,3,2
2011020748,2011,6,0
2011020749,2011,0,1
2011020750,2011,1,0
2011020751,2011,4,2
2011020752,2011,2,6
2011020753,2011,3,2
2011020754,2011,0,3
2011020755,2011,5,3
2011020756,2011,4,1
2011020757,2011,1,2
2011020758,2011,0,1
2011020759,2011,8,4
2011020760,2011,3,4
2011020761,2011,5,2
2011020762,2011,1,2
2011020763,2011,2,1
2011020764,2011,1,0
2011020765,2011,3,1
2011020766,2011,2,3
2011020767,2011,1,2
2011020768,2011,4,6
2011020769,2011,0,3
2011020770,2011,2,3
2011020771,2011,0,5
2011020772,2011,3,4
2011020773,2011,2,1
2011020774,2011,6,3
2011020775,2011,3,1
2011020776,2011,2,1
2011020777,2011,5,3
2011020778,2011,5,4
2011020779,2011,1,4
2011020780,2011,5,2
2011020781,2011,5,2
2011020782,2011,3,0
2011020783,2011,6,3
2011020784,2011,3,1
2011020785,2011,3,2
2011020786,2011,0,1
2011020787,2011,0,1
2011020788,2011,4,0
2011020789,2011,3,1
2011020790,2011,3,2
2011020791,2011,1,3
2011020792,2011,1,3
2011020793,2011,3,4
2011020794,2011,2,1
2011020795,2011,1,4
2011020796,2011,5,2
2011020797,2011,6,0
2011020798,2011,4,2
2011020799,2011,3,2
2011020800,2011,3,4
2011020801,2011,3,4
2011020802,2011,2,4
2011020803,2011,4,3
2011020804,2011,4,3
2011020805,2011,2,3
2011020806,2011,2,4
2011020807,2011,4,3
2011020808,2011,3,1
2011020809,2011,2,5
2011020810,2011,2,1
2011020811,2011,8,5
2011020812,2011,3,2
2011020813,2011,2,1
2011020814,2011,4,3
2011020815,2011,5,3
2011020816,2011,4,3
2011020817,2011,1,3
2011020818,2011,2,1
2011020819,2011,2,5
2011020820,2011,3,4
2011020821,2011,1,2
2011020822,2011,0,5
2011020823,2011,3,2
2011020824,2011,1,3
2011020825,2011,3,0
2011020826,2011,3,2
2011020827,2011,1,4
2011020828,2011,3,2
2011020829,2011,4,3
2011020830,2011,3,5
2011020831,2011,2,4
2011020832,2011,4,2
2011020833,2011,3,0
2011020834,2011,3,5
2011020835,2011,3,5
2011020836,2011,2,1
2011020837,2011,0,3
2011020838,2011,1,4
2011020839,2011,2,1
2011020840,2011,0,4
2011020841,2011,3,1
2011020842,2011,3,2
2011020843,2011,1,2
2011020844,2011,1,3
2011020845,2011,5,1
2011020846,2011,1,2
2011020847,2011,3,4
2011020848,2011,2,6
2011020849,2011,3,4
2011020850,2011,3,1
2011020851,2011,2,4
2011020852,2011,7,2
2011020853,2011,6,5
2011020854,2011,5,1
2011020855,2011,3,4
2011020856,2011,3,2
2011020857,2011,0,1
2011020858,2011,3,2
2011020859,2011,3,2
2011020860,2011,3,4
2011020861,2011,1,2
2011020862,2011,2,1
2011020863,2011,4,2
2011020864,2011,1,3
2011020865,2011,4,6
2011020866,2011,1,6
2011020867,2011,4,0
2011020868,2011,4,3
2011020869,2011,2,1
2011020870,2011,6,2
2011020871,2011,2,1
2011020872,2011,0,1
2011020873,2011,6,2
2011020874,2011,3,2
2011020875,2011,3,1
2011020876,2011,2,0
2011020877,2011,1,3
2011020878,2011,0,2
2011020879,2011,3,2
2011020880,2011,2,3
2011020881,2011,2,5
2011020882,2011,5,1
2011020883,2011,0,6
2011020884,2011,5,0
2011020885,2011,2,1
2011020886,2011,3,4
2011020887,2011,2,0
2011020888,2011,6,3
2011020889,2011,0,3
2011020890,2011,3,2
2011020891,2011,3,1
2011020892,2011,4,5
2011020893,2011,2,1
2011020894,2011,1,6
2011020895,2011,5,4
2011020896,2011,5,2
2011020897,2011,2,4
2011020898,2011,4,1
2011020899,2011,1,2
2011020900,2011,2,3
2011020901,2011,2,3
2011020902,2011,3,4
2011020903,2011,2,3
2011020904,2011,4,3
2011020905,2011,1,3
2011020906,2011,3,4
2011020907,2011,2,0
2011020908,2011,1,2
2011020909,2011,4,3
2011020910,2011,4,1
2011020911,2011,0,5
2011020912,2011,2,1
2011020913,2011,4,1
2011020914,2011,8,1
2011020915,2011,2,3
2011020916,2011,1,3
2011020917,2011,4,0
2011020918,2011,2,4
2011020919,2011,3,5
2011020920,2011,3,2
2011020921,2011,2,3
2011020922,2011,3,4
2011020923,2011,6,2
2011020924,2011,4,5
2011020925,2011,3,4
2011020926,2011,4,2
2011020927,2011,3,2
2011020928,2011,5,2
2011020929,2011,4,2
2011020930,2011,4,3
2011020931,2011,3,1
2011020932,2011,2,0
2011020933,2011,2,1
2011020934,2011,3,5
2011020935,2011,4,1
2011020936,2011,1,3
2011020937,2011,0,1
2011020938,2011,3,5
2011020939,2011,3,2
2011020940,2011,4,3
2011020941,2011,2,5
2011020942,2011,2,1
2011020943,2011,0,4
2011020944,2011,2,1
2011020945,2011,1,0
2011020946,2011,3,4
2011020947,2011,5,4
2011020948,2011,2,5
2011020949,2011,0,2
2011020950,2011,4,3
2011020951,2011,5,4
2011020952,2011,6,3
2011020953,2011,2,3
2011020954,2011,7,0
2011020955,2011,0,2
2011020956,2011,2,4
2011020957,2011,2,0
2011020958,2011,0,1
2011020959,2011,0,5
2011020960,2011,1,2
2011020961,2011,4,3
2011020962,2011,6,0
2011020963,2011,1,3
2011020964,2011,3,2
2011020965,2011,2,3
2011020966,2011,1,3
2011020967,2011,3,4
2011020968,2011,1,3
2011020969,2011,2,5
2011020970,2011,1,5
2011020971,2011,3,5
2011020972,2011,4,2
2011020973,2011,1,3
2011020974,2011,1,0
2011020975,2011,4,3
2011020976,2011,1,2
2011020977,2011,4,2
2011020978,2011,2,3
2011020979,2011,0,1
2011020980,2011,0,2
2011020981,2011,2,1
2011020982,2011,3,1
2011020983,2011,4,2
2011020984,2011,4,5
2011020985,2011,4,1
2011020986,2011,3,2
2011020987,2011,3,4
2011020988,2011,3,2
2011020989,2011,3,7
2011020990,2011,5,1
2011020991,2011,4,5
2011020992,2011,7,1
2011020993,2011,5,4
2011020994,2011,2,5
2011020995,2011,2,3
2011020996,2011,3,2
2011020997,2011,3,2
2011020998,2011,3,1
2011020999,2011,5,1
2011021000,2011,5,0
2011021001,2011,3,2
2011021002,2011,3,1
2011021003,2011,4,1
2011021004,2011,3,1
2011021005,2011,4,2
2011021006,2011,4,3
2011021007,2011,2,3
2011021008,2011,3,5
2011021009,2011,3,2
2011021010,2011,2,1
2011021011,2011,4,3
2011021012,2011,4,3
2011021013,2011,5,3
2011021014,2011,3,4
2011021015,2011,3,2
2011021016,2011,0,1
2011021017,2011,3,4
2011021018,2011,1,2
2011021019,2011,2,4
2011021020,2011,4,1
2011021021,2011,3,2
2011021022,2011,2,0
2011021023,2011,3,0
2011021024,2011,1,4
2011021025,2011,2,0
2011021026,2011,2,0
2011021027,2011,1,2
2011021028,2011,3,4
2011021029,2011,4,1
2011021030,2011,4,3
2011021031,2011,2,3
2011021032,2011,5,2
2011021033,2011,3,2
2011021034,2011,3,2
2011021035,2011,2,3
2011021036,2011,4,5
2011021037,2011,4,5
2011021038,2011,4,2
2011021039,2011,3,0
2011021040,2011,6,1
2011021041,2011,5,2
2011021042,2011,0,1
2011021043,2011,4,3
2011021044,2011,3,2
2011021045,2011,5,2
2011021046,2011,4,5
2011021047,2011,3,2
2011021048,2011,5,2
2011021049,2011,3,0
2011021050,2011,4,5
2011021051,2011,4,0
2011021052,2011,1,0
2011021053,2011,2,3
2011021054,2011,2,5
2011021055,2011,2,0
2011021056,2011,1,3
2011021057,2011,6,2
2011021058,2011,4,1
2011021059,2011,2,1
2011021060,2011,2,1
2011021061,2011,3,2
2011021062,2011,1,4
2011021063,2011,3,1
2011021064,2011,2,4
2011021065,2011,3,2
2011021066,2011,2,5
2011021067,2011,3,5
2011021068,2011,2,3
2011021069,2011,1,3
2011021070,2011,1,3
2011021071,2011,1,3
2011021072,2011,3,2
2011021073,2011,4,3
2011021074,2011,4,2
2011021075,2011,3,2
2011021076,2011,3,2
2011021077,2011,5,2
2011021078,2011,1,2
2011021079,2011,2,3
2011021080,2011,1,3
2011021081,2011,3,4
2011021082,2011,8,0
2011021083,2011,4,2
2011021084,2011,3,7
2011021085,2011,3,5
2011021086,2011,2,0
2011021087,2011,3,5
2011021088,2011,2,5
2011021089,2011,1,2
2011021090,2011,8,4
2011021091,2011,1,5
2011021092,2011,0,1
2011021093,2011,3,6
2011021094,2011,4,3
2011021095,2011,2,1
2011021096,2011,5,2
2011021097,2011,3,0
2011021098,2011,3,1
2011021099,2011,2,1
2011021100,2011,2,1
2011021101,2011,4,3
2011021102,2011,2,1
2011021103,2011,5,1
2011021104,2011,3,2
2011021105,2011,3,2
2011021106,2011,1,2
2011021107,2011,3,2
2011021108,2011,1,0
2011021109,2011,2,1
2011021110,2011,3,4
2011021111,2011,1,4
2011021112,2011,3,4
2011021113,2011,5,1
2011021114,2011,5,1
2011021115,2011,1,2
2011021116,2011,4,1
2011021117,2011,2,4
2011021118,2011,3,1
2011021119,2011,3,4
2011021120,2011,8,4
2011021121,2011,4,1
2011021122,2011,4,3
2011021123,2011,5,4
2011021124,2011,3,1
2011021125,2011,2,3
2011021126,2011,4,3
2011021127,2011,3,6
2011021128,2011,3,0
2011021129,2011,2,3
2011021130,2011,5,2
2011021131,2011,1,6
2011021132,2011,2,3
2011021133,2011,0,4
2011021134,2011,3,5
2011021135,2011,7,2
2011021136,2011,4,6
2011021137,2011,5,4
2011021138,2011,1,0
2011021139,2011,5,1
2011021140,2011,5,2
2011021141,2011,0,3
2011021142,2011,2,1
2011021143,2011,3,5
2011021144,2011,1,5
2011021145,2011,2,3
2011021146,2011,3,0
2011021147,2011,2,3
2011021148,2011,2,4
2011021149,2011,4,2
2011021150,2011,0,3
2011021151,2011,1,3
2011021152,2011,1,0
2011021153,2011,3,1
2011021154,2011,2,3
2011021155,2011,1,7
2011021156,2011,6,4
2011021157,2011,5,3
2011021158,2011,3,2
2011021159,2011,4,3
2011021160,2011,2,0
2011021161,2011,4,1
2011021162,2011,3,4
2011021163,2011,4,1
2011021164,2011,3,5
2011021165,2011,1,4
2011021166,2011,1,4
2011021167,2011,1,4
2011021168,2011,5,2
2011021169,2011,3,6
2011021170,2011,3,4
2011021171,2011,4,3
2011021172,2011,3,2
2011021173,2011,0,5
2011021174,2011,3,2
2011021175,2011,2,5
2011021176,2011,4,5
2011021177,2011,4,3
2011021178,2011,4,0
2011021179,2011,3,2
2011021180,2011,3,0
2011021181,2011,1,5
2011021182,2011,1,2
2011021183,2011,2,1
2011021184,2011,4,5
2011021185,2011,4,6
2011021186,2011,1,2
2011021187,2011,4,2
2011021188,2011,2,0
2011021189,2011,3,5
2011021190,2011,6,5
2011021191,2011,3,1
2011021192,2011,3,5
2011021193,2011,1,2
2011021194,2011,4,5
2011021195,2011,2,1
2011021196,2011,2,5
2011021197,2011,5,4
2011021198,2011,2,0
2011021199,2011,5,2
2011021200,2011,2,3
2011021201,2011,3,2
2011021202,2011,5,4
2011021203,2011,2,1
2011021204,2011,5,2
2011021205,2011,4,2
2011021206,2011,2,1
2011021207,2011,1,3
2011021208,2011,1,2
2011021209,2011,2,0
2011021210,2011,2,1
2011021211,2011,2,5
2011021212,2011,3,2
2011021213,2011,2,3
2011021214,2011,5,6
2011021215,2011,1,4
2011021216,2011,4,3
2011021217,2011,4,2
2011021218,2011,1,4
2011021219,2011,4,2
2011021220,2011,2,3
2011021221,2011,5,2
2011021222,2011,4,1
2011021223,2011,3,4
2011021224,2011,7,3
2011021225,2011,4,1
2011021226,2011,1,4
2011021227,2011,2,3
2011021228,2011,1,6
2011021229,2011,3,0
2011021230,2011,3,2
2011030111,2011,4,2
2011030112,2011,2,3
2011030113,2011,0,1
2011030114,2011,3,2
2011030115,2011,0,2
2011030116,2011,2,3
2011030117,2011,2,1
2011030121,2011,1,0
2011030122,2011,1,2
2011030123,2011,3,4
2011030124,2011,2,1
2011030125,2011,3,4
2011030126,2011,3,4
2011030127,2011,1,2
2011030131,2011,2,3
2011030132,2011,4,2
2011030133,2011,3,4
2011030134,2011,4,0
2011030135,2011,3,0
2011030136,2011,3,2
2011030137,2011,2,3
2011030141,2011,3,4
2011030142,2011,5,8
2011030143,2011,8,4
2011030144,2011,3,10
2011030145,2011,3,2
2011030146,2011,5,1
2011030151,2011,2,4
2011030152,2011,2,4
2011030153,2011,1,0
2011030154,2011,1,3
2011030155,2011,1,2
2011030161,2011,2,3
2011030162,2011,3,0
2011030163,2011,3,4
2011030164,2011,1,2
2011030165,2011,3,1
2011030171,2011,3,2
2011030172,2011,3,4
2011030173,2011,2,3
2011030174,2011,2,3
2011030175,2011,1,2
2011030176,2011,0,4
2011030181,2011,3,2
2011030182,2011,2,3
2011030183,2011,2,3
2011030184,2011,1,3
2011030185,2011,2,1
2011030211,2011,3,1
2011030212,2011,2,3
2011030213,2011,1,2
2011030214,2011,3,2
2011030215,2011,3,2
2011030216,2011,2,1
2011030217,2011,2,1
2011030221,2011,4,3
2011030222,2011,1,4
2011030223,2011,4,3
2011030224,2011,4,2
2011030225,2011,1,3
2011030231,2011,1,3
2011030232,2011,2,5
2011030233,2011,4,2
2011030234,2011,3,1
2011030241,2011,4,3
2011030242,2011,5,3
2011030243,2011,2,0
2011030244,2011,0,1
2011030245,2011,2,1
2011030311,2011,3,0
2011030312,2011,2,3
2011030313,2011,0,3
2011030314,2011,4,1
2011030315,2011,3,5
2011030316,2011,3,2
2011030321,2011,2,4
2011030322,2011,0,4
2011030323,2011,2,1
2011030324,2011,0,2
2011030325,2011,3,4
2011030411,2011,1,2
2011030412,2011,1,2
2011030413,2011,4,0
2011030414,2011,1,3
2011030415,2011,2,1
2011030416,2011,6,1
2012020001,2012,1,3
2012020002,2012,1,4
2012020003,2012,2,5
2012020004,2012,3,1
2012020005,2012,1,2
2012020006,2012,1,2
2012020007,2012,6,3
2012020008,2012,5,1
2012020009,2012,6,0
2012020010,2012,2,3
2012020011,2012,4,3
2012020012,2012,4,2
2012020013,2012,3,7
2012020014,2012,5,2
2012020015,2012,3,6
2012020016,2012,1,4
2012020017,2012,1,0
2012020018,2012,2,3
2012020019,2012,4,6
2012020020,2012,2,1
2012020021,2012,4,3
2012020022,2012,3,4
2012020023,2012,1,2
2012020024,2012,4,0
2012020025,2012,3,4
2012020026,2012,4,5
2012020027,2012,2,4
2012020028,2012,1,4
2012020029,2012,4,1
2012020030,2012,3,0
2012020031,2012,1,2
2012020032,2012,1,3
2012020033,2012,3,2
2012020034,2012,3,1
2012020035,2012,3,6
2012020036,2012,2,5
2012020037,2012,4,3
2012020038,2012,3,2
2012020039,2012,5,1
2012020040,2012,4,7
2012020041,2012,2,1
2012020042,2012,1,4
2012020043,2012,6,3
2012020044,2012,1,3
2012020045,2012,3,0
2012020046,2012,2,3
2012020047,2012,4,0
2012020048,2012,2,1
2012020049,2012,5,3
2012020050,2012,4,2
2012020051,2012,1,3
2012020052,2012,3,2
2012020053,2012,6,4
2012020054,2012,5,3
2012020055,2012,4,2
2012020056,2012,0,5
2012020057,2012,4,0
2012020058,2012,5,2
2012020059,2012,2,3
2012020060,2012,1,7
2012020061,2012,3,4
2012020062,2012,2,4
2012020063,2012,4,3
2012020064,2012,3,2
2012020065,2012,3,2
2012020066,2012,1,2
2012020067,2012,4,3
2012020068,2012,5,1
2012020069,2012,2,1
2012020070,2012,5,4
2012020071,2012,5,4
2012020072,2012,4,1
2012020073,2012,3,5
2012020074,2012,2,1
2012020075,2012,4,0
2012020076,2012,4,1
2012020077,2012,3,2
2012020078,2012,2,1
2012020079,2012,3,4
2012020080,2012,2,1
2012020081,2012,4,3
2012020082,2012,3,2
2012020083,2012,1,4
2012020084,2012,5,2
2012020085,2012,4,1
2012020086,2012,3,2
2012020087,2012,3,2
2012020088,2012,5,1
2012020089,2012,3,2
2012020090,2012,1,2
2012020091,2012,3,0
2012020092,2012,4,7
2012020093,2012,3,2
2012020094,2012,4,5
2012020095,2012,0,3
2012020096,2012,1,4
2012020097,2012,6,3
2012020098,2012,3,6
2012020099,2012,1,2
2012020100,2012,3,2
2012020101,2012,3,2
2012020102,2012,1,0
2012020103,2012,8,3
2012020104,2012,5,3
2012020105,2012,4,3
2012020106,2012,2,1
2012020107,2012,3,1
2012020108,2012,5,1
2012020109,2012,6,1
2012020110,2012,3,1
2012020111,2012,0,1
2012020112,2012,5,3
2012020113,2012,2,3
2012020114,2012,4,2
2012020115,2012,2,0
2012020116,2012,2,3
2012020117,2012,7,4
2012020118,2012,1,2
2012020119,2012,3,6
2012020120,2012,2,1
2012020121,2012,3,4
2012020122,2012,0,3
2012020123,2012,1,4
2012020124,2012,2,3
2012020125,2012,2,1
2012020126,2012,2,3
2012020127,2012,2,1
2012020128,2012,3,1
2012020129,2012,2,4
2012020130,2012,2,3
2012020131,2012,2,4
2012020132,2012,4,3
2012020133,2012,2,1
2012020134,2012,1,4
2012020135,2012,3,2
2012020136,2012,1,6
2012020137,2012,3,5
2012020138,2012,1,2
2012020139,2012,0,3
2012020140,2012,2,3
2012020141,2012,5,4
2012020142,2012,4,2
2012020143,2012,4,1
2012020144,2012,2,3
2012020145,2012,5,2
2012020146,2012,3,4
2012020147,2012,2,3
2012020148,2012,2,3
2012020149,2012,1,5
2012020150,2012,3,0
2012020151,2012,1,4
2012020152,2012,2,6
2012020153,2012,3,1
2012020154,2012,2,0
2012020155,2012,3,1
2012020156,2012,4,3
2012020157,2012,0,1
2012020158,2012,2,1
2012020159,2012,0,1
2012020160,2012,0,6
2012020161,2012,2,3
2012020162,2012,5,0
2012020163,2012,5,6
2012020164,2012,2,1
2012020165,2012,5,1
2012020166,2012,3,2
2012020167,2012,1,3
2012020168,2012,1,3
2012020169,2012,5,1
2012020170,2012,1,3
2012020171,2012,0,3
2012020172,2012,5,2
2012020173,2012,4,6
2012020174,2012,6,2
2012020175,2012,1,4
2012020176,2012,2,3
2012020177,2012,1,2
2012020178,2012,2,4
2012020179,2012,3,4
2012020180,2012,2,0
2012020181,2012,3,4
2012020182,2012,5,6
2012020183,2012,2,3
2012020184,2012,1,0
2012020185,2012,2,3
2012020186,2012,1,4
2012020187,2012,2,1
2012020188,2012,4,2
2012020189,2012,3,4
2012020190,2012,7,4
2012020191,2012,3,4
2012020192,2012,3,1
2012020193,2012,3,4
2012020194,2012,0,1
2012020195,2012,3,0
2012020196,2012,3,4
2012020197,2012,4,2
2012020198,2012,5,3
2012020199,2012,1,3
2012020200,2012,2,5
2012020201,2012,4,1
2012020202,2012,2,5
2012020203,2012,3,4
2012020204,2012,2,1
2012020205,2012,3,0
2012020206,2012,4,1
2012020207,2012,5,1
2012020208,2012,5,6
2012020209,2012,2,3
2012020210,2012,5,3
2012020211,2012,6,4
2012020212,2012,3,4
2012020213,2012,3,2
2012020214,2012,2,3
2012020215,2012,3,4
2012020216,2012,3,2
2012020217,2012,2,1
2012020218,2012,3,4
2012020219,2012,1,2
2012020220,2012,0,7
2012020221,2012,6,5
2012020222,2012,3,0
2012020223,2012,0,3
2012020224,2012,4,0
2012020225,2012,3,2
2012020226,2012,1,2
2012020227,2012,1,3
2012020228,2012,3,1
2012020229,2012,4,2
2012020230,2012,1,2
2012020231,2012,4,3
2012020232,2012,4,3
2012020233,2012,1,3
2012020234,2012,5,6
2012020235,2012,1,0
2012020236,2012,1,3
2012020237,2012,3,1
2012020238,2012,2,5
2012020239,2012,2,3
2012020240,2012,3,4
2012020241,2012,3,4
2012020242,2012,3,2
2012020243,2012,2,4
2012020244,2012,2,3
2012020245,2012,3,4
2012020246,2012,1,3
2012020247,2012,3,1
2012020248,2012,0,1
2012020249,2012,2,1
2012020250,2012,5,1
2012020251,2012,5,3
2012020252,2012,3,2
2012020253,2012,4,1
2012020254,2012,0,4
2012020255,2012,3,0
2012020256,2012,3,2
2012020257,2012,2,5
2012020258,2012,4,0
2012020259,2012,2,1
2012020260,2012,3,1
2012020261,2012,3,1
2012020262,2012,1,4
2012020263,2012,2,4
2012020264,2012,8,3
2012020265,2012,2,4
2012020266,2012,1,0
2012020267,2012,5,3
2012020268,2012,5,4
2012020269,2012,4,3
2012020270,2012,2,4
2012020271,2012,2,1
2012020272,2012,5,4
2012020273,2012,3,2
2012020274,2012,5,2
2012020275,2012,3,4
2012020276,2012,3,0
2012020277,2012,4,5
2012020278,2012,1,4
2012020279,2012,1,2
2012020280,2012,6,4
2012020281,2012,2,1
2012020282,2012,2,4
2012020283,2012,3,2
2012020284,2012,2,5
2012020285,2012,4,1
2012020286,2012,5,1
2012020287,2012,2,1
2012020288,2012,2,1
2012020289,2012,4,5
2012020290,2012,4,1
2012020291,2012,4,1
2012020292,2012,3,4
2012020293,2012,3,1
2012020294,2012,0,3
2012020295,2012,1,5
2012020296,2012,5,4
2012020297,2012,3,4
2012020298,2012,1,2
2012020299,2012,4,2
2012020300,2012,4,3
2012020301,2012,3,2
2012020302,2012,2,1
2012020303,2012,3,2
2012020304,2012,4,3
2012020305,2012,0,3
2012020306,2012,6,7
2012020307,2012,6,2
2012020308,2012,5,4
2012020309,2012,5,2
2012020310,2012,2,1
2012020311,2012,1,2
2012020312,2012,3,2
2012020313,2012,2,1
2012020314,2012,4,1
2012020315,2012,2,3
2012020316,2012,3,4
2012020317,2012,3,2
2012020318,2012,4,2
2012020319,2012,4,2
2012020320,2012,4,2
2012020321,2012,4,3
2012020322,2012,5,4
2012020323,2012,5,1
2012020324,2012,2,5
2012020325,2012,6,3
2012020326,2012,4,3
2012020327,2012,4,3
2012020328,2012,4,3
2012020329,2012,4,2
2012020330,2012,4,1
2012020331,2012,2,1
2012020332,2012,5,3
2012020333,2012,2,3
2012020334,2012,6,4
2012020335,2012,5,4
2012020336,2012,3,2
2012020337,2012,4,1
2012020338,2012,2,0
2012020339,2012,4,2
2012020340,2012,3,2
2012020341,2012,1,2
2012020342,2012,4,5
2012020343,2012,7,1
2012020344,2012,2,4
2012020345,2012,2,1
2012020346,2012,1,2
2012020347,2012,3,0
2012020348,2012,3,6
2012020349,2012,2,5
2012020350,2012,2,3
2012020351,2012,2,3
2012020352,2012,6,0
2012020353,2012,6,2
2012020354,2012,4,0
2012020355,2012,3,0
2012020356,2012,5,2
2012020357,2012,3,0
2012020358,2012,3,4
2012020359,2012,4,5
2012020360,2012,6,3
2012020361,2012,3,4
2012020362,2012,1,2
2012020363,2012,2,1
2012020364,2012,6,2
2012020365,2012,1,4
2012020366,2012,2,3
2012020367,2012,2,5
2012020368,2012,3,2
2012020369,2012,6,1
2012020370,2012,5,6
2012020371,2012,3,2
2012020372,2012,4,2
2012020373,2012,3,2
2012020374,2012,4,2
2012020375,2012,2,3
2012020376,2012,3,1
2012020377,2012,3,1
2012020378,2012,0,4
2012020379,2012,1,2
2012020380,2012,3,2
2012020381,2012,2,3
2012020382,2012,5,2
2012020383,2012,4,2
2012020384,2012,1,2
2012020385,2012,0,4
2012020386,2012,0,4
2012020387,2012,5,2
2012020388,2012,4,3
2012020389,2012,5,2
2012020390,2012,5,2
2012020391,2012,4,1
2012020392,2012,1,3
2012020393,2012,2,3
2012020394,2012,1,2
2012020395,2012,0,2
2012020396,2012,3,1
2012020397,2012,3,0
2012020398,2012,5,3
2012020399,2012,1,2
2012020400,2012,7,4
2012020401,2012,4,3
2012020402,2012,2,1
2012020403,2012,6,3
2012020404,2012,2,3
2012020405,2012,4,1
2012020406,2012,3,0
2012020407,2012,3,4
2012020408,2012,4,6
2012020409,2012,4,5
2012020410,2012,1,2
2012020411,2012,4,1
2012020412,2012,1,0
2012020413,2012,3,4
2012020414,2012,2,1
2012020415,2012,1,8
2012020416,2012,2,5
2012020417,2012,5,2
2012020418,2012,2,1
2012020419,2012,4,1
2012020420,2012,5,3
2012020421,2012,3,2
2012020422,2012,2,1
2012020423,2012,4,2
2012020424,2012,4,3
2012020425,2012,2,5
2012020426,2012,1,3
2012020427,2012,5,3
2012020428,2012,4,0
2012020429,2012,2,3
2012020430,2012,3,5
2012020431,2012,1,4
2012020432,2012,4,3
2012020433,2012,2,3
2012020434,2012,2,1
2012020435,2012,3,1
2012020436,2012,3,2
2012020437,2012,3,2
2012020438,2012,4,2
2012020439,2012,2,4
2012020440,2012,4,3
2012020441,2012,3,4
2012020442,2012,4,2
2012020443,2012,5,4
2012020444,2012,2,5
2012020445,2012,1,3
2012020446,2012,1,4
2012020447,2012,1,2
2012020448,2012,0,4
2012020449,2012,5,3
2012020450,2012,1,2
2012020451,2012,0,2
2012020452,2012,2,4
2012020453,2012,5,1
2012020454,2012,1,6
2012020455,2012,1,5
2012020456,2012,5,3
2012020457,2012,2,0
2012020458,2012,0,1
2012020459,2012,3,2
2012020460,2012,1,2
2012020461,2012,2,1
2012020462,2012,5,2
2012020463,2012,5,2
2012020464,2012,0,3
2012020465,2012,3,0
2012020466,2012,2,1
2012020467,2012,2,3
2012020468,2012,3,2
2012020469,2012,2,3
2012020470,2012,3,2
2012020471,2012,1,2
2012020472,2012,3,2
2012020473,2012,3,2
2012020474,2012,4,5
2012020475,2012,3,2
2012020476,2012,4,7
2012020477,2012,2,3
2012020478,2012,3,5
2012020479,2012,3,2
2012020480,2012,1,0
2012020481,2012,2,3
2012020482,2012,1,4
2012020483,2012,2,5
2012020484,2012,2,1
2012020485,2012,0,3
2012020486,2012,2,0
2012020487,2012,1,0
2012020488,2012,5,6
2012020489,2012,4,3
2012020490,2012,4,3
2012020491,2012,4,0
2012020492,2012,6,3
2012020493,2012,3,4
2012020494,2012,4,0
2012020495,2012,3,0
2012020496,2012,5,4
2012020497,2012,2,4
2012020498,2012,4,7
2012020499,2012,6,4
2012020500,2012,4,1
2012020501,2012,2,0
2012020502,2012,5,4
2012020503,2012,1,2
2012020504,2012,5,3
2012020505,2012,4,6
2012020506,2012,3,1
2012020507,2012,2,0
2012020508,2012,1,3
2012020509,2012,1,0
2012020510,2012,4,3
2012020511,2012,3,4
2012020512,2012,3,0
2012020513,2012,0,4
2012020514,2012,3,2
2012020515,2012,4,0
2012020516,2012,3,2
2012020517,2012,1,7
2012020518,2012,2,1
2012020519,2012,0,2
2012020520,2012,2,3
2012020521,2012,5,4
2012020522,2012,1,3
2012020523,2012,4,2
2012020524,2012,4,1
2012020525,2012,3,2
2012020526,2012,1,4
2012020527,2012,3,2
2012020528,2012,0,4
2012020529,2012,4,1
2012020530,2012,3,2
2012020531,2012,3,2
2012020532,2012,5,2
2012020533,2012,3,5
2012020534,2012,1,4
2012020535,2012,2,3
2012020536,2012,3,1
2012020537,2012,3,1
2012020538,2012,6,1
2012020539,2012,5,3
2012020540,2012,2,8
2012020541,2012,5,2
2012020542,2012,4,2
2012020543,2012,1,0
2012020544,2012,3,5
2012020545,2012,2,1
2012020546,2012,0,5
2012020547,2012,4,1
2012020548,2012,1,3
2012020549,2012,3,4
2012020550,2012,4,0
2012020551,2012,4,2
2012020552,2012,3,0
2012020553,2012,4,2
2012020554,2012,2,1
2012020555,2012,3,1
2012020556,2012,2,3
2012020557,2012,1,3
2012020558,2012,2,1
2012020559,2012,4,1
2012020560,2012,0,1
2012020561,2012,4,1
2012020562,2012,2,1
2012020563,2012,1,2
2012020564,2012,4,2
2012020565,2012,1,4
2012020566,2012,3,4
2012020567,2012,4,0
2012020568,2012,5,2
2012020569,2012,0,1
2012020570,2012,4,5
2012020571,2012,2,1
2012020572,2012,0,3
2012020573,2012,4,2
2012020574,2012,5,3
2012020575,2012,3,2
2012020576,2012,4,3
2012020577,2012,6,2
2012020578,2012,4,3
2012020579,2012,1,3
2012020580,2012,2,0
2012020581,2012,2,1
2012020582,2012,4,1
2012020583,2012,3,5
2012020584,2012,4,0
2012020585,2012,2,3
2012020586,2012,3,2
2012020587,2012,4,1
2012020588,2012,0,1
2012020589,2012,0,1
2012020590,2012,5,1
2012020591,2012,4,5
2012020592,2012,3,2
2012020593,2012,1,4
2012020594,2012,1,3
2012020595,2012,1,4
2012020596,2012,1,2
2012020597,2012,1,5
2012020598,2012,1,3
2012020599,2012,3,1
2012020600,2012,3,6
2012020601,2012,2,3
2012020602,2012,7,2
2012020603,2012,0,2
2012020604,2012,3,2
2012020605,2012,0,2
2012020606,2012,4,1
2012020607,2012,2,5
2012020608,2012,3,2
2012020609,2012,3,2
2012020610,2012,1,0
2012020611,2012,4,3
2012020612,2012,5,1
2012020613,2012,0,1
2012020614,2012,6,5
2012020615,2012,4,2
2012020616,2012,1,3
2012020617,2012,2,3
2012020618,2012,2,1
2012020619,2012,1,4
2012020620,2012,2,1
2012020621,2012,0,2
2012020622,2012,3,1
2012020623,2012,0,3
2012020624,2012,2,4
2012020625,2012,2,0
2012020626,2012,3,7
2012020627,2012,5,2
2012020628,2012,2,5
2012020629,2012,3,4
2012020630,2012,3,4
2012020631,2012,0,4
2012020632,2012,5,2
2012020633,2012,5,1
2012020634,2012,3,2
2012020635,2012,4,2
2012020636,2012,4,3
2012020637,2012,2,1
2012020638,2012,3,5
2012020639,2012,3,2
2012020640,2012,6,4
2012020641,2012,2,3
2012020642,2012,3,2
2012020643,2012,2,3
2012020644,2012,3,5
2012020645,2012,6,1
2012020646,2012,3,2
2012020647,2012,3,1
2012020648,2012,0,3
2012020649,2012,4,3
2012020650,2012,2,1
2012020651,2012,5,1
2012020652,2012,2,1
2012020653,2012,6,1
2012020654,2012,2,3
2012020655,2012,4,8
2012020656,2012,2,1
2012020657,2012,5,4
2012020658,2012,1,4
2012020659,2012,3,1
2012020660,2012,6,2
2012020661,2012,4,5
2012020662,2012,1,5
2012020663,2012,1,4
2012020664,2012,2,4
2012020665,2012,3,5
2012020666,2012,2,3
2012020667,2012,2,1
2012020668,2012,3,0
2012020669,2012,2,3
2012020670,2012,1,4
2012020671,2012,4,1
2012020672,2012,5,3
2012020673,2012,1,3
2012020674,2012,3,4
2012020675,2012,4,3
2012020676,2012,1,2
2012020677,2012,1,3
2012020678,2012,4,0
2012020679,2012,0,3
2012020680,2012,3,1
2012020681,2012,3,2
2012020682,2012,5,3
2012020683,2012,4,3
2012020684,2012,5,2
2012020685,2012,3,2
2012020686,2012,3,1
2012020687,2012,4,3
2012020688,2012,2,1
2012020689,2012,3,2
2012020690,2012,5,2
2012020691,2012,3,1
2012020692,2012,1,4
2012020693,2012,2,1
2012020694,2012,2,1
2012020695,2012,1,2
2012020696,2012,3,4
2012020697,2012,3,2
2012020698,2012,0,4
2012020699,2012,5,2
2012020700,2012,2,4
2012020701,2012,4,1
2012020702,2012,1,3
2012020703,2012,1,3
2012020704,2012,2,1
2012020705,2012,1,6
2012020706,2012,3,1
2012020707,2012,4,5
2012020708,2012,1,4
2012020709,2012,1,2
2012020710,2012,8,3
2012020711,2012,3,2
2012020712,2012,3,5
2012020713,2012,3,1
2012020714,2012,4,0
2012020715,2012,1,3
2012020716,2012,3,1
2012020717,2012,0,3
2012020718,2012,7,2
2012020719,2012,3,5
2012020720,2012,3,2
2012030111,2012,5,0
2012030112,2012,3,4
2012030113,2012,4,5
2012030114,2012,6,4
2012030115,2012,4,0
2012030116,2012,3,4
2012030121,2012,2,4
2012030122,2012,3,1
2012030123,2012,6,1
2012030124,2012,3,2
2012030125,2012,1,6
2012030131,2012,3,1
2012030132,2012,1,0
2012030133,2012,4,3
2012030134,2012,4,3
2012030135,2012,2,1
2012030136,2012,1,0
2012030137,2012,0,5
2012030141,2012,4,1
2012030142,2012,2,4
2012030143,2012,2,5
2012030144,2012,3,4
2012030145,2012,1,2
2012030146,2012,2,1
2012030147,2012,5,4
2012030151,2012,2,1
2012030152,2012,5,2
2012030153,2012,3,2
2012030154,2012,0,3
2012030155,2012,5,1
2012030161,2012,3,1
2012030162,2012,4,5
2012030163,2012,0,4
2012030164,2012,3,2
2012030165,2012,3,2
2012030166,2012,4,3
2012030167,2012,2,3
2012030171,2012,1,3
2012030172,2012,2,3
2012030173,2012,5,2
2012030174,2012,4,3
2012030181,2012,2,1
2012030182,2012,2,1
2012030183,2012,1,0
2012030184,2012,4,3
2012030185,2012,2,3
2012030186,2012,2,1
2012030211,2012,4,1
2012030212,2012,4,3
2012030213,2012,2,1
2012030214,2012,3,7
2012030215,2012,6,2
2012030221,2012,3,2
2012030222,2012,5,2
2012030223,2012,1,2
2012030224,2012,4,3
2012030225,2012,3,1
2012030231,2012,4,1
2012030232,2012,1,4
2012030233,2012,3,1
2012030234,2012,2,0
2012030235,2012,4,1
2012030236,2012,3,4
2012030237,2012,2,1
2012030241,2012,2,0
2012030242,2012,4,3
2012030243,2012,2,1
2012030244,2012,2,1
2012030245,2012,3,0
2012030246,2012,2,1
2012030247,2012,2,1
2012030311,2012,0,3
2012030312,2012,1,6
2012030313,2012,2,1
2012030314,2012,1,0
2012030321,2012,2,1
2012030322,2012,4,2
2012030323,2012,3,1
2012030324,2012,2,3
2012030325,2012,4,3
2012030411,2012,4,3
2012030412,2012,1,2
2012030413,2012,2,0
2012030414,2012,5,6
2012030415,2012,3,1
2012030416,2012,2,3
2013020001,2013,3,4
2013020002,2013,6,4
2013020003,2013,4,5
2013020004,2013,1,3
2013020005,2013,2,1
2013020006,2013,6,1
2013020007,2013,3,1
2013020008,2013,3,0
2013020009,2013,5,4
2013020010,2013,4,2
2013020011,2013,2,3
2013020012,2013,2,4
2013020013,2013,4,1
2013020014,2013,4,1
2013020015,2013,0,1
2013020016,2013,3,4
2013020017,2013,2,3
2013020018,2013,3,4
2013020019,2013,5,3
2013020020,2013,3,1
2013020021,2013,4,1
2013020022,2013,5,4
2013020023,2013,4,1
2013020024,2013,2,3
2013020025,2013,4,1
2013020026,2013,2,3
2013020027,2013,7,0
2013020028,2013,2,1
2013020029,2013,3,4
2013020030,2013,6,2
2013020031,2013,4,1
2013020032,2013,2,1
2013020033,2013,2,3
2013020034,2013,4,5
2013020035,2013,5,4
2013020036,2013,1,3
2013020037,2013,1,2
2013020038,2013,6,1
2013020039,2013,2,1
2013020040,2013,5,2
2013020041,2013,2,3
2013020042,2013,3,2
2013020043,2013,3,2
2013020044,2013,9,2
2013020045,2013,3,2
2013020046,2013,3,2
2013020047,2013,4,3
2013020048,2013,0,2
2013020049,2013,1,4
2013020050,2013,2,3
2013020051,2013,2,4
2013020052,2013,7,2
2013020053,2013,0,4
2013020054,2013,2,1
2013020055,2013,1,4
2013020056,2013,1,4
2013020057,2013,6,0
2013020058,2013,1,2
2013020059,2013,1,2
2013020060,2013,6,3
2013020061,2013,3,2
2013020062,2013,1,4
2013020063,2013,3,2
2013020064,2013,6,5
2013020065,2013,5,2
2013020066,2013,4,5
2013020067,2013,1,5
2013020068,2013,1,3
2013020069,2013,2,1
2013020070,2013,5,3
2013020071,2013,3,2
2013020072,2013,5,1
2013020073,2013,1,4
2013020074,2013,3,2
2013020075,2013,3,5
2013020076,2013,0,3
2013020077,2013,3,0
2013020078,2013,4,1
2013020079,2013,2,3
2013020080,2013,4,2
2013020081,2013,1,2
2013020082,2013,4,1
2013020083,2013,3,4
2013020084,2013,2,3
2013020085,2013,3,2
2013020086,2013,2,3
2013020087,2013,2,1
2013020088,2013,5,1
2013020089,2013,2,6
2013020090,2013,4,3
2013020091,2013,0,3
2013020092,2013,3,2
2013020093,2013,3,4
2013020094,2013,0,2
2013020095,2013,3,2
2013020096,2013,0,3
2013020097,2013,2,3
2013020098,2013,3,2
2013020099,2013,1,4
2013020100,2013,5,3
2013020101,2013,5,2
2013020102,2013,3,1
2013020103,2013,2,3
2013020104,2013,2,3
2013020105,2013,1,2
2013020106,2013,4,3
2013020107,2013,2,4
2013020108,2013,4,3
2013020109,2013,3,2
2013020110,2013,4,3
2013020111,2013,1,3
2013020112,2013,2,4
2013020113,2013,1,2
2013020114,2013,0,5
2013020115,2013,2,1
2013020116,2013,4,0
2013020117,2013,3,4
2013020118,2013,4,1
2013020119,2013,3,1
2013020120,2013,5,2
2013020121,2013,6,3
2013020122,2013,5,2
2013020123,2013,3,1
2013020124,2013,1,3
2013020125,2013,6,3
2013020126,2013,0,1
2013020127,2013,0,1
2013020128,2013,2,3
2013020129,2013,4,2
2013020130,2013,4,5
2013020131,2013,4,1
2013020132,2013,3,4
2013020133,2013,2,3
2013020134,2013,2,0
2013020135,2013,4,5
2013020136,2013,4,2
2013020137,2013,1,6
2013020138,2013,2,5
2013020139,2013,2,1
2013020140,2013,2,3
2013020141,2013,2,1
2013020142,2013,4,1
2013020143,2013,6,5
2013020144,2013,3,2
2013020145,2013,3,1
2013020146,2013,5,1
2013020147,2013,1,4
2013020148,2013,7,4
2013020149,2013,3,4
2013020150,2013,5,2
2013020151,2013,1,2
2013020152,2013,1,3
2013020153,2013,2,3
2013020154,2013,4,2
2013020155,2013,3,4
2013020156,2013,4,1
2013020157,2013,0,2
2013020158,2013,2,3
2013020159,2013,3,2
2013020160,2013,2,5
2013020161,2013,1,2
2013020162,2013,3,5
2013020163,2013,1,6
2013020164,2013,5,4
2013020165,2013,5,2
2013020166,2013,2,5
2013020167,2013,3,4
2013020168,2013,3,4
2013020169,2013,3,2
2013020170,2013,2,1
2013020171,2013,3,4
2013020172,2013,1,3
2013020173,2013,0,2
2013020174,2013,1,5
2013020175,2013,3,2
2013020176,2013,2,3
2013020177,2013,2,3
2013020178,2013,2,1
2013020179,2013,2,1
2013020180,2013,6,5
2013020181,2013,3,2
2013020182,2013,0,4
2013020183,2013,3,1
2013020184,2013,3,2
2013020185,2013,2,4
2013020186,2013,1,2
2013020187,2013,4,3
2013020188,2013,3,2
2013020189,2013,2,0
2013020190,2013,5,4
2013020191,2013,0,7
2013020192,2013,4,2
2013020193,2013,0,3
2013020194,2013,4,5
2013020195,2013,0,4
2013020196,2013,4,3
2013020197,2013,2,3
2013020198,2013,3,4
2013020199,2013,1,5
2013020200,2013,3,4
2013020201,2013,3,6
2013020202,2013,4,2
2013020203,2013,0,1
2013020204,2013,3,1
2013020205,2013,5,1
2013020206,2013,3,2
2013020207,2013,0,3
2013020208,2013,4,0
2013020209,2013,4,1
2013020210,2013,0,5
2013020211,2013,2,3
2013020212,2013,3,4
2013020213,2013,2,3
2013020214,2013,4,0
2013020215,2013,1,2
2013020216,2013,4,2
2013020217,2013,2,3
2013020218,2013,6,2
2013020219,2013,1,4
2013020220,2013,2,3
2013020221,2013,3,4
2013020222,2013,2,1
2013020223,2013,5,1
2013020224,2013,3,2
2013020225,2013,4,5
2013020226,2013,5,1
2013020227,2013,4,1
2013020228,2013,4,6
2013020229,2013,5,2
2013020230,2013,4,1
2013020231,2013,4,1
2013020232,2013,0,3
2013020233,2013,3,2
2013020234,2013,1,0
2013020235,2013,2,4
2013020236,2013,3,4
2013020237,2013,4,2
2013020238,2013,3,2
2013020239,2013,2,0
2013020240,2013,2,4
2013020241,2013,2,1
2013020242,2013,5,0
2013020243,2013,4,2
2013020244,2013,6,2
2013020245,2013,4,2
2013020246,2013,3,2
2013020247,2013,3,1
2013020248,2013,2,3
2013020249,2013,2,3
2013020250,2013,5,2
2013020251,2013,2,1
2013020252,2013,2,5
2013020253,2013,4,3
2013020254,2013,5,1
2013020255,2013,4,2
2013020256,2013,5,0
2013020257,2013,4,3
2013020258,2013,5,4
2013020259,2013,5,4
2013020260,2013,4,1
2013020261,2013,3,1
2013020262,2013,3,0
2013020263,2013,3,2
2013020264,2013,3,1
2013020265,2013,2,3
2013020266,2013,4,3
2013020267,2013,2,1
2013020268,2013,1,2
2013020269,2013,0,5
2013020270,2013,2,3
2013020271,2013,3,2
2013020272,2013,2,3
2013020273,2013,2,3
2013020274,2013,2,1
2013020275,2013,1,2
2013020276,2013,0,3
2013020277,2013,3,2
2013020278,2013,2,3
2013020279,2013,5,1
2013020280,2013,5,4
2013020281,2013,7,3
2013020282,2013,3,7
2013020283,2013,1,2
2013020284,2013,3,1
2013020285,2013,0,2
2013020286,2013,4,1
2013020287,2013,3,2
2013020288,2013,2,3
2013020289,2013,4,2
2013020290,2013,3,4
2013020291,2013,3,2
2013020292,2013,3,2
2013020293,2013,1,3
2013020294,2013,4,2
2013020295,2013,0,1
2013020296,2013,4,1
2013020297,2013,5,4
2013020298,2013,4,2
2013020299,2013,7,2
2013020300,2013,6,3
2013020301,2013,1,4
2013020302,2013,2,4
2013020303,2013,1,4
2013020304,2013,4,1
2013020305,2013,0,1
2013020306,2013,5,1
2013020307,2013,2,1
2013020308,2013,1,2
2013020309,2013,1,4
2013020310,2013,3,1
2013020311,2013,4,5
2013020312,2013,1,4
2013020313,2013,5,2
2013020314,2013,5,2
2013020315,2013,6,2
2013020316,2013,0,2
2013020317,2013,1,2
2013020318,2013,5,1
2013020319,2013,7,0
2013020320,2013,2,3
2013020321,2013,5,2
2013020322,2013,3,4
2013020323,2013,0,4
2013020324,2013,1,2
2013020325,2013,3,4
2013020326,2013,2,3
2013020327,2013,2,4
2013020328,2013,4,1
2013020329,2013,4,3
2013020330,2013,3,6
2013020331,2013,2,3
2013020332,2013,3,4
2013020333,2013,4,1
2013020334,2013,1,2
2013020335,2013,5,1
2013020336,2013,4,3
2013020337,2013,2,3
2013020338,2013,4,3
2013020339,2013,6,2
2013020340,2013,1,0
2013020341,2013,3,2
2013020342,2013,2,3
2013020343,2013,2,1
2013020344,2013,3,2
2013020345,2013,2,4
2013020346,2013,5,2
2013020347,2013,6,1
2013020348,2013,0,2
2013020349,2013,2,4
2013020350,2013,1,2
2013020351,2013,0,1
2013020352,2013,2,1
2013020353,2013,1,3
2013020354,2013,4,1
2013020355,2013,4,3
2013020356,2013,0,6
2013020357,2013,1,3
2013020358,2013,5,0
2013020359,2013,3,1
2013020360,2013,3,0
2013020361,2013,4,2
2013020362,2013,1,5
2013020363,2013,2,3
2013020364,2013,6,3
2013020365,2013,1,3
2013020366,2013,3,4
2013020367,2013,2,3
2013020368,2013,4,6
2013020369,2013,0,4
2013020370,2013,6,1
2013020371,2013,4,2
2013020372,2013,2,5
2013020373,2013,6,5
2013020374,2013,1,3
2013020375,2013,1,4
2013020376,2013,2,3
2013020377,2013,3,2
2013020378,2013,2,5
2013020379,2013,0,3
2013020380,2013,3,2
2013020381,2013,0,3
2013020382,2013,0,5
2013020383,2013,2,1
2013020384,2013,5,2
2013020385,2013,6,3
2013020386,2013,3,2
2013020387,2013,1,3
2013020388,2013,3,2
2013020389,2013,2,5
2013020390,2013,4,2
2013020391,2013,1,2
2013020392,2013,5,2
2013020393,2013,3,1
2013020394,2013,4,2
2013020395,2013,1,5
2013020396,2013,1,0
2013020397,2013,2,3
2013020398,2013,2,3
2013020399,2013,2,5
2013020400,2013,3,2
2013020401,2013,1,2
2013020402,2013,4,3
2013020403,2013,2,3
2013020404,2013,2,4
2013020405,2013,2,3
2013020406,2013,2,5
2013020407,2013,3,2
2013020408,2013,2,0
2013020409,2013,3,2
2013020410,2013,2,4
2013020411,2013,2,3
2013020412,2013,1,4
2013020413,2013,1,0
2013020414,2013,2,4
2013020415,2013,3,4
2013020416,2013,1,3
2013020417,2013,2,6
2013020418,2013,2,3
2013020419,2013,3,4
2013020420,2013,3,6
2013020421,2013,4,1
2013020422,2013,1,3
2013020423,2013,3,2
2013020424,2013,5,1
2013020425,2013,2,1
2013020426,2013,3,1
2013020427,2013,5,2
2013020428,2013,5,1
2013020429,2013,2,5
2013020430,2013,4,3
2013020431,2013,8,2
2013020432,2013,1,3
2013020433,2013,5,3
2013020434,2013,4,0
2013020435,2013,2,3
2013020436,2013,2,3
2013020437,2013,3,2
2013020438,2013,3,2
2013020439,2013,3,2
2013020440,2013,3,4
2013020441,2013,1,2
2013020442,2013,1,2
2013020443,2013,5,2
2013020444,2013,3,4
2013020445,2013,2,5
2013020446,2013,5,1
2013020447,2013,1,2
2013020448,2013,3,0
2013020449,2013,3,1
2013020450,2013,2,5
2013020451,2013,1,4
2013020452,2013,6,2
2013020453,2013,3,1
2013020454,2013,5,4
2013020455,2013,2,1
2013020456,2013,2,0
2013020457,2013,5,2
2013020458,2013,2,1
2013020459,2013,6,5
2013020460,2013,5,4
2013020461,2013,0,6
2013020462,2013,3,2
2013020463,2013,1,4
2013020464,2013,1,2
2013020465,2013,2,6
2013020466,2013,1,3
2013020467,2013,1,2
2013020468,2013,5,4
2013020469,2013,2,3
2013020470,2013,1,3
2013020471,2013,7,2
2013020472,2013,2,1
2013020473,2013,2,4
2013020474,2013,2,1
2013020475,2013,2,1
2013020476,2013,2,1
2013020477,2013,6,3
2013020478,2013,3,1
2013020479,2013,3,4
2013020480,2013,2,1
2013020481,2013,6,3
2013020482,2013,2,4
2013020483,2013,3,1
2013020484,2013,3,2
2013020485,2013,3,2
2013020486,2013,4,0
2013020487,2013,1,2
2013020488,2013,2,5
2013020489,2013,4,6
2013020490,2013,7,3
2013020491,2013,1,4
2013020492,2013,3,0
2013020493,2013,0,1
2013020494,2013,3,4
2013020495,2013,3,2
2013020496,2013,1,3
2013020497,2013,1,2
2013020498,2013,6,2
2013020499,2013,5,4
2013020500,2013,0,3
2013020501,2013,1,2
2013020502,2013,4,3
2013020503,2013,3,1
2013020504,2013,3,2
2013020505,2013,3,1
2013020506,2013,2,3
2013020507,2013,3,2
2013020508,2013,6,2
2013020509,2013,2,0
2013020510,2013,4,2
2013020511,2013,1,3
2013020512,2013,2,3
2013020513,2013,3,1
2013020514,2013,2,5
2013020515,2013,5,2
2013020516,2013,2,4
2013020517,2013,1,3
2013020518,2013,3,2
2013020519,2013,3,2
2013020520,2013,3,0
2013020521,2013,5,2
2013020522,2013,3,4
2013020523,2013,4,2
2013020524,2013,2,1
2013020525,2013,5,4
2013020526,2013,5,2
2013020527,2013,2,4
2013020528,2013,3,2
2013020529,2013,4,2
2013020530,2013,5,1
2013020531,2013,4,1
2013020532,2013,4,2
2013020533,2013,4,1
2013020534,2013,2,3
2013020535,2013,3,5
2013020536,2013,2,4
2013020537,2013,2,3
2013020538,2013,5,2
2013020539,2013,3,4
2013020540,2013,3,2
2013020541,2013,4,1
2013020542,2013,4,5
2013020543,2013,3,2
2013020544,2013,3,5
2013020545,2013,4,3
2013020546,2013,4,5
2013020547,2013,6,3
2013020548,2013,3,4
2013020549,2013,0,6
2013020550,2013,3,2
2013020551,2013,4,1
2013020552,2013,2,1
2013020553,2013,2,1
2013020554,2013,2,1
2013020555,2013,2,3
2013020556,2013,3,4
2013020557,2013,5,0
2013020558,2013,0,3
2013020559,2013,1,6
2013020560,2013,4,1
2013020561,2013,5,2
2013020562,2013,2,6
2013020563,2013,4,3
2013020564,2013,6,2
2013020565,2013,2,5
2013020566,2013,5,4
2013020567,2013,5,0
2013020568,2013,4,3
2013020569,2013,1,2
2013020570,2013,3,2
2013020571,2013,3,4
2013020572,2013,7,2
2013020573,2013,6,4
2013020574,2013,4,1
2013020575,2013,0,2
2013020576,2013,3,4
2013020577,2013,4,3
2013020578,2013,1,2
2013020579,2013,3,4
2013020580,2013,1,2
2013020581,2013,6,5
2013020582,2013,3,2
2013020583,2013,3,2
2013020584,2013,3,4
2013020585,2013,2,1
2013020586,2013,4,1
2013020587,2013,3,5
2013020588,2013,2,3
2013020589,2013,0,2
2013020590,2013,5,2
2013020591,2013,3,4
2013020592,2013,4,5
2013020593,2013,1,2
2013020594,2013,3,1
2013020595,2013,3,1
2013020596,2013,1,0
2013020597,2013,6,4
2013020598,2013,3,4
2013020599,2013,2,1
2013020600,2013,1,2
2013020601,2013,1,2
2013020602,2013,3,5
2013020603,2013,5,4
2013020604,2013,3,0
2013020605,2013,3,2
2013020606,2013,5,3
2013020607,2013,6,3
2013020608,2013,1,4
2013020609,2013,4,3
2013020610,2013,2,3
2013020611,2013,2,4
2013020612,2013,3,2
2013020613,2013,3,2
2013020614,2013,3,4
2013020615,2013,4,3
2013020616,2013,5,0
2013020617,2013,4,1
2013020618,2013,4,6
2013020619,2013,2,1
2013020620,2013,0,2
2013020621,2013,5,1
2013020622,2013,3,5
2013020623,2013,5,2
2013020624,2013,0,2
2013020625,2013,5,2
2013020626,2013,4,1
2013020627,2013,4,3
2013020628,2013,2,1
2013020629,2013,1,7
2013020630,2013,3,4
2013020631,2013,5,4
2013020632,2013,2,3
2013020633,2013,6,2
2013020634,2013,1,5
2013020635,2013,5,3
2013020636,2013,3,5
2013020637,2013,3,1
2013020638,2013,6,5
2013020639,2013,2,1
2013020640,2013,2,3
2013020641,2013,5,3
2013020642,2013,4,3
2013020643,2013,7,3
2013020644,2013,3,4
2013020645,2013,2,1
2013020646,2013,3,4
2013020647,2013,3,2
2013020648,2013,3,5
2013020649,2013,2,3
2013020650,2013,3,2
2013020651,2013,2,4
2013020652,2013,6,0
2013020653,2013,2,5
2013020654,2013,4,5
2013020655,2013,5,2
2013020656,2013,1,2
2013020657,2013,3,1
2013020658,2013,2,3
2013020659,2013,4,3
2013020660,2013,1,2
2013020661,2013,1,0
2013020662,2013,6,1
2013020663,2013,3,4
2013020664,2013,3,4
2013020665,2013,0,5
2013020666,2013,1,4
2013020667,2013,4,2
2013020668,2013,4,1
2013020669,2013,3,2
2013020670,2013,3,2
2013020671,2013,3,0
2013020672,2013,1,2
2013020673,2013,4,3
2013020674,2013,2,1
2013020675,2013,3,6
2013020676,2013,2,1
2013020677,2013,2,1
2013020678,2013,1,2
2013020679,2013,3,6
2013020680,2013,2,4
2013020681,2013,3,5
2013020682,2013,1,2
2013020683,2013,1,3
2013020684,2013,0,1
2013020685,2013,1,2
2013020686,2013,2,4
2013020687,2013,3,2
2013020688,2013,4,1
2013020689,2013,5,3
2013020690,2013,0,4
2013020691,2013,1,0
2013020692,2013,0,2
2013020693,2013,3,2
2013020694,2013,5,1
2013020695,2013,1,0
2013020696,2013,3,4
2013020697,2013,1,2
2013020698,2013,1,2
2013020699,2013,3,4
2013020700,2013,1,4
2013020701,2013,4,2
2013020702,2013,2,3
2013020703,2013,2,1
2013020704,2013,4,2
2013020705,2013,0,3
2013020706,2013,5,2
2013020707,2013,4,3
2013020708,2013,4,3
2013020709,2013,9,1
2013020710,2013,1,0
2013020711,2013,3,4
2013020712,2013,4,5
2013020713,2013,1,2
2013020714,2013,0,3
2013020715,2013,1,4
2013020716,2013,4,1
2013020717,2013,2,4
2013020718,2013,2,1
2013020719,2013,2,5
2013020720,2013,1,0
2013020721,2013,5,1
2013020722,2013,4,2
2013020723,2013,1,4
2013020724,2013,4,5
2013020725,2013,3,2
2013020726,2013,3,4
2013020727,2013,5,3
2013020728,2013,3,2
2013020729,2013,6,4
2013020730,2013,3,2
2013020731,2013,2,3
2013020732,2013,4,5
2013020733,2013,3,2
2013020734,2013,3,2
2013020735,2013,3,2
2013020736,2013,3,2
2013020737,2013,3,5
2013020738,2013,4,1
2013020739,2013,3,2
2013020740,2013,4,3
2013020741,2013,1,5
2013020742,2013,1,4
2013020743,2013,4,1
2013020744,2013,2,4
2013020745,2013,3,2
2013020746,2013,3,4
2013020747,2013,7,1
2013020748,2013,3,5
2013020749,2013,2,3
2013020750,2013,0,2
2013020751,2013,5,3
2013020752,2013,4,0
2013020753,2013,2,5
2013020754,2013,1,2
2013020755,2013,2,3
2013020756,2013,5,1
2013020757,2013,5,4
2013020758,2013,3,2
2013020759,2013,3,5
2013020760,2013,1,2
2013020761,2013,5,2
2013020762,2013,4,3
2013020763,2013,4,6
2013020764,2013,2,1
2013020765,2013,7,1
2013020766,2013,1,2
2013020767,2013,2,1
2013020768,2013,1,0
2013020769,2013,2,1
2013020770,2013,6,3
2013020771,2013,4,1
2013020772,2013,2,3
2013020773,2013,5,4
2013020774,2013,3,4
2013020775,2013,3,4
2013020776,2013,1,6
2013020777,2013,0,5
2013020778,2013,5,2
2013020779,2013,2,5
2013020780,2013,5,4
2013020781,2013,3,0
2013020782,2013,0,3
2013020783,2013,3,2
2013020784,2013,3,7
2013020785,2013,4,5
2013020786,2013,1,3
2013020787,2013,5,1
2013020788,2013,5,4
2013020789,2013,3,6
2013020790,2013,3,2
2013020791,2013,3,0
2013020792,2013,3,4
2013020793,2013,2,4
2013020794,2013,0,1
2013020795,2013,6,2
2013020796,2013,3,2
2013020797,2013,5,0
2013020798,2013,2,3
2013020799,2013,4,5
2013020800,2013,3,0
2013020801,2013,3,0
2013020802,2013,3,4
2013020803,2013,5,4
2013020804,2013,3,0
2013020805,2013,2,4
2013020806,2013,1,2
2013020807,2013,3,0
2013020808,2013,2,5
2013020809,2013,1,4
2013020810,2013,6,3
2013020811,2013,5,2
2013020812,2013,5,3
2013020813,2013,2,3
2013020814,2013,5,4
2013020815,2013,4,1
2013020816,2013,2,3
2013020817,2013,5,3
2013020818,2013,1,4
2013020819,2013,4,1
2013020820,2013,3,1
2013020821,2013,4,3
2013020822,2013,3,2
2013020823,2013,4,3
2013020824,2013,4,0
2013020825,2013,1,2
2013020826,2013,7,1
2013020827,2013,0,2
2013020828,2013,6,3
2013020829,2013,4,1
2013020830,2013,4,3
2013020831,2013,3,1
2013020832,2013,4,3
2013020833,2013,0,2
2013020834,2013,2,1
2013020835,2013,6,5
2013020836,2013,1,2
2013020837,2013,2,3
2013020838,2013,2,1
2013020839,2013,2,0
2013020840,2013,1,2
2013020841,2013,2,4
2013020842,2013,3,5
2013020843,2013,2,5
2013020844,2013,3,1
2013020845,2013,5,1
2013020846,2013,1,2
2013020847,2013,2,0
2013020848,2013,4,1
2013020849,2013,0,1
2013020850,2013,4,5
2013020851,2013,2,1
2013020852,2013,1,3
2013020853,2013,1,5
2013020854,2013,0,2
2013020855,2013,2,1
2013020856,2013,2,4
2013020857,2013,1,2
2013020858,2013,3,1
2013020859,2013,4,2
2013020860,2013,5,2
2013020861,2013,3,2
2013020862,2013,1,4
2013020863,2013,1,3
2013020864,2013,3,2
2013020865,2013,3,2
2013020866,2013,2,1
2013020867,2013,2,1
2013020868,2013,3,4
2013020869,2013,5,1
2013020870,2013,2,0
2013020871,2013,3,2
2013020872,2013,2,1
2013020873,2013,4,3
2013020874,2013,7,2
2013020875,2013,3,1
2013020876,2013,1,4
2013020877,2013,4,2
2013020878,2013,2,5
2013020879,2013,3,0
2013020880,2013,2,5
2013020881,2013,2,1
2013020882,2013,5,4
2013020883,2013,1,2
2013020884,2013,4,6
2013020885,2013,1,0
2013020886,2013,5,2
2013020887,2013,5,4
2013020888,2013,2,1
2013020889,2013,3,7
2013020890,2013,5,6
2013020891,2013,1,6
2013020892,2013,4,5
2013020893,2013,3,2
2013020894,2013,3,2
2013020895,2013,4,1
2013020896,2013,0,2
2013020897,2013,0,3
2013020898,2013,4,2
2013020899,2013,4,2
2013020900,2013,1,2
2013020901,2013,1,0
2013020902,2013,2,4
2013020903,2013,1,6
2013020904,2013,4,2
2013020905,2013,6,3
2013020906,2013,1,3
2013020907,2013,2,4
2013020908,2013,3,1
2013020909,2013,4,3
2013020910,2013,5,1
2013020911,2013,1,2
2013020912,2013,4,5
2013020913,2013,2,4
2013020914,2013,3,5
2013020915,2013,2,4
2013020916,2013,3,6
2013020917,2013,6,3
2013020918,2013,2,4
2013020919,2013,5,3
2013020920,2013,1,2
2013020921,2013,3,2
2013020922,2013,3,2
2013020923,2013,2,1
2013020924,2013,4,1
2013020925,2013,4,3
2013020926,2013,4,2
2013020927,2013,2,4
2013020928,2013,4,2
2013020929,2013,1,3
2013020930,2013,2,3
2013020931,2013,1,0
2013020932,2013,3,2
2013020933,2013,2,3
2013020934,2013,2,3
2013020935,2013,6,4
2013020936,2013,4,1
2013020937,2013,3,4
2013020938,2013,3,0
2013020939,2013,1,3
2013020940,2013,2,3
2013020941,2013,1,3
2013020942,2013,6,1
2013020943,2013,1,2
2013020944,2013,6,1
2013020945,2013,5,2
2013020946,2013,3,2
2013020947,2013,5,3
2013020948,2013,2,4
2013020949,2013,7,4
2013020950,2013,2,0
2013020951,2013,4,3
2013020952,2013,2,3
2013020953,2013,3,5
2013020954,2013,1,2
2013020955,2013,4,3
2013020956,2013,3,4
2013020957,2013,5,4
2013020958,2013,3,2
2013020959,2013,0,1
2013020960,2013,4,3
2013020961,2013,2,1
2013020962,2013,4,0
2013020963,2013,2,5
2013020964,2013,1,2
2013020965,2013,3,0
2013020966,2013,2,3
2013020967,2013,2,4
2013020968,2013,2,3
2013020969,2013,3,4
2013020970,2013,3,4
2013020971,2013,1,3
2013020972,2013,3,2
2013020973,2013,2,3
2013020974,2013,4,7
2013020975,2013,1,3
2013020976,2013,1,4
2013020977,2013,1,2
2013020978,2013,3,1
2013020979,2013,4,1
2013020980,2013,1,3
2013020981,2013,2,0
2013020982,2013,2,3
2013020983,2013,3,4
2013020984,2013,6,2
2013020985,2013,1,4
2013020986,2013,2,3
2013020987,2013,3,2
2013020988,2013,7,2
2013020989,2013,2,1
2013020990,2013,4,2
2013020991,2013,3,4
2013020992,2013,5,4
2013020993,2013,6,2
2013020994,2013,2,1
2013020995,2013,2,3
2013020996,2013,3,4
2013020997,2013,4,3
2013020998,2013,2,1
2013020999,2013,5,3
2013021000,2013,2,3
2013021001,2013,2,4
2013021002,2013,3,4
2013021003,2013,4,6
2013021004,2013,5,1
2013021005,2013,4,0
2013021006,2013,5,4
2013021007,2013,3,0
2013021008,2013,4,1
2013021009,2013,1,4
2013021010,2013,1,2
2013021011,2013,3,2
2013021012,2013,1,2
2013021013,2013,3,4
2013021014,2013,4,2
2013021015,2013,1,2
2013021016,2013,0,1
2013021017,2013,1,3
2013021018,2013,0,2
2013021019,2013,3,4
2013021020,2013,4,1
2013021021,2013,7,2
2013021022,2013,4,1
2013021023,2013,4,3
2013021024,2013,3,1
2013021025,2013,3,4
2013021026,2013,2,4
2013021027,2013,0,6
2013021028,2013,5,1
2013021029,2013,1,3
2013021030,2013,6,3
2013021031,2013,4,8
2013021032,2013,3,2
2013021033,2013,3,2
2013021034,2013,3,1
2013021035,2013,5,1
2013021036,2013,2,3
2013021037,2013,2,3
2013021038,2013,3,5
2013021039,2013,4,0
2013021040,2013,5,4
2013021041,2013,2,0
2013021042,2013,4,3
2013021043,2013,4,2
2013021044,2013,2,3
2013021045,2013,4,5
2013021046,2013,5,4
2013021047,2013,1,3
2013021048,2013,2,1
2013021049,2013,2,1
2013021050,2013,3,2
2013021051,2013,1,3
2013021052,2013,3,2
2013021053,2013,0,2
2013021054,2013,5,6
2013021055,2013,4,1
2013021056,2013,4,3
2013021057,2013,2,3
2013021058,2013,3,1
2013021059,2013,4,0
2013021060,2013,3,4
2013021061,2013,0,2
2013021062,2013,2,3
2013021063,2013,2,4
2013021064,2013,1,8
2013021065,2013,2,3
2013021066,2013,2,0
2013021067,2013,0,1
2013021068,2013,3,2
2013021069,2013,0,2
2013021070,2013,3,4
2013021071,2013,4,2
2013021072,2013,6,2
2013021073,2013,4,3
2013021074,2013,2,3
2013021075,2013,1,2
2013021076,2013,3,4
2013021077,2013,2,1
2013021078,2013,2,1
2013021079,2013,3,5
2013021080,2013,2,3
2013021081,2013,4,5
2013021082,2013,4,5
2013021083,2013,2,0
2013021084,2013,3,2
2013021085,2013,4,2
2013021086,2013,4,2
2013021087,2013,4,5
2013021088,2013,2,5
2013021089,2013,2,5
2013021090,2013,3,1
2013021091,2013,2,3
2013021092,2013,3,0
2013021093,2013,2,3
2013021094,2013,2,3
2013021095,2013,4,5
2013021096,2013,3,2
2013021097,2013,0,3
2013021098,2013,5,1
2013021099,2013,6,1
2013021100,2013,3,2
2013021101,2013,3,4
2013021102,2013,4,2
2013021103,2013,1,2
2013021104,2013,5,3
2013021105,2013,7,3
2013021106,2013,4,3
2013021107,2013,4,3
2013021108,2013,2,4
2013021109,2013,3,2
2013021110,2013,3,4
2013021111,2013,2,4
2013021112,2013,1,4
2013021113,2013,2,1
2013021114,2013,2,3
2013021115,2013,2,4
2013021116,2013,1,3
2013021117,2013,1,5
2013021118,2013,4,2
2013021119,2013,6,3
2013021120,2013,3,2
2013021121,2013,3,4
2013021122,2013,4,1
2013021123,2013,4,3
2013021124,2013,0,5
2013021125,2013,2,1
2013021126,2013,6,3
2013021127,2013,5,4
2013021128,2013,2,3
2013021129,2013,3,2
2013021130,2013,3,2
2013021131,2013,4,2
2013021132,2013,1,4
2013021133,2013,0,5
2013021134,2013,2,3
2013021135,2013,3,1
2013021136,2013,1,0
2013021137,2013,1,3
2013021138,2013,1,2
2013021139,2013,5,4
2013021140,2013,1,2
2013021141,2013,3,2
2013021142,2013,3,2
2013021143,2013,4,0
2013021144,2013,4,3
2013021145,2013,0,2
2013021146,2013,4,1
2013021147,2013,1,4
2013021148,2013,3,2
2013021149,2013,2,1
2013021150,2013,2,4
2013021151,2013,3,2
2013021152,2013,2,1
2013021153,2013,4,7
2013021154,2013,3,4
2013021155,2013,3,2
2013021156,2013,1,2
2013021157,2013,2,1
2013021158,2013,2,3
2013021159,2013,2,5
2013021160,2013,5,2
2013021161,2013,0,4
2013021162,2013,3,4
2013021163,2013,2,4
2013021164,2013,5,3
2013021165,2013,2,5
2013021166,2013,2,3
2013021167,2013,1,3
2013021168,2013,4,0
2013021169,2013,2,1
2013021170,2013,0,3
2013021171,2013,3,2
2013021172,2013,4,0
2013021173,2013,5,2
2013021174,2013,4,2
2013021175,2013,2,3
2013021176,2013,4,2
2013021177,2013,0,1
2013021178,2013,0,1
2013021179,2013,0,3
2013021180,2013,2,4
2013021181,2013,1,4
2013021182,2013,4,1
2013021183,2013,4,3
2013021184,2013,3,0
2013021185,2013,2,5
2013021186,2013,1,4
2013021187,2013,4,3
2013021188,2013,3,2
2013021189,2013,1,4
2013021190,2013,3,2
2013021191,2013,4,3
2013021192,2013,4,3
2013021193,2013,5,2
2013021194,2013,2,1
2013021195,2013,2,5
2013021196,2013,0,2
2013021197,2013,2,1
2013021198,2013,4,2
2013021199,2013,4,2
2013021200,2013,2,0
2013021201,2013,4,2
2013021202,2013,2,1
2013021203,2013,0,3
2013021204,2013,2,4
2013021205,2013,4,0
2013021206,2013,1,2
2013021207,2013,3,2
2013021208,2013,2,3
2013021209,2013,3,0
2013021210,2013,3,5
2013021211,2013,5,1
2013021212,2013,4,1
2013021213,2013,3,4
2013021214,2013,1,0
2013021215,2013,1,0
2013021216,2013,2,3
2013021217,2013,7,5
2013021218,2013,2,3
2013021219,2013,5,2
2013021220,2013,3,4
2013021221,2013,3,2
2013021222,2013,5,6
2013021223,2013,0,1
2013021224,2013,0,3
2013021225,2013,3,4
2013021226,2013,2,3
2013021227,2013,3,7
2013021228,2013,5,1
2013021229,2013,3,2
2013021230,2013,2,1
2013030111,2013,0,1
2013030112,2013,4,1
2013030113,2013,0,3
2013030114,2013,2,3
2013030115,2013,4,2
2013030121,2013,4,5
2013030122,2013,1,4
2013030123,2013,3,2
2013030124,2013,4,3
2013030131,2013,4,3
2013030132,2013,3,4
2013030133,2013,3,4
2013030134,2013,4,3
2013030135,2013,3,1
2013030136,2013,3,4
2013030141,2013,4,1
2013030142,2013,2,4
2013030143,2013,1,4
2013030144,2013,2,1
2013030145,2013,4,2
2013030146,2013,5,2
2013030147,2013,2,1
2013030151,2013,5,4
2013030152,2013,4,2
2013030153,2013,1,0
2013030154,2013,2,1
2013030155,2013,4,3
2013030156,2013,5,2
2013030157,2013,4,5
2013030161,2013,4,3
2013030162,2013,4,3
2013030163,2013,2,0
2013030164,2013,4,3
2013030165,2013,2,3
2013030166,2013,5,1
2013030171,2013,4,3
2013030172,2013,3,2
2013030173,2013,3,0
2013030174,2013,4,2
2013030175,2013,6,2
2013030176,2013,4,5
2013030181,2013,6,3
2013030182,2013,7,2
2013030183,2013,3,4
2013030184,2013,6,3
2013030185,2013,0,3
2013030186,2013,4,1
2013030187,2013,1,5
2013030211,2013,3,4
2013030212,2013,5,3
2013030213,2013,4,2
2013030214,2013,0,1
2013030215,2013,4,2
2013030216,2013,4,0
2013030217,2013,1,3
2013030221,2013,2,3
2013030222,2013,3,0
2013030223,2013,0,2
2013030224,2013,2,4
2013030225,2013,1,5
2013030226,2013,3,1
2013030227,2013,1,2
2013030231,2013,5,2
2013030232,2013,4,1
2013030233,2013,4,0
2013030234,2013,4,2
2013030235,2013,2,1
2013030236,2013,1,2
2013030241,2013,2,3
2013030242,2013,1,3
2013030243,2013,2,3
2013030244,2013,0,2
2013030245,2013,4,3
2013030246,2013,2,1
2013030247,2013,2,6
2013030311,2013,2,7
2013030312,2013,1,3
2013030313,2013,2,3
2013030314,2013,3,2
2013030315,2013,7,4
2013030316,2013,1,0
2013030321,2013,3,1
2013030322,2013,2,6
2013030323,2013,4,3
2013030324,2013,5,2
2013030325,2013,5,4
2013030326,2013,3,4
2013030327,2013,4,5
2013030411,2013,3,2
2013030412,2013,5,4
2013030413,2013,0,3
2013030414,2013,2,1
2013030415,2013,3,2
2014020001,2014,3,4
2014020002,2014,2,1
2014020003,2014,2,4
2014020004,2014,0,4
2014020005,2014,1,3
2014020006,2014,4,6
2014020007,2014,6,4
2014020008,2014,1,2
2014020009,2014,2,1
2014020010,2014,3,2
2014020011,2014,2,3
2014020012,2014,3,2
2014020013,2014,2,3
2014020014,2014,5,0
2014020015,2014,2,5
2014020016,2014,2,6
2014020017,2014,3,5
2014020018,2014,0,4
2014020019,2014,2,5
2014020020,2014,2,3
2014020021,2014,2,3
2014020022,2014,1,5
2014020023,2014,4,3
2014020024,2014,3,4
2014020025,2014,5,2
2014020026,2014,4,1
2014020027,2014,4,1
2014020028,2014,6,2
2014020029,2014,0,3
2014020030,2014,3,2
2014020031,2014,5,4
2014020032,2014,3,0
2014020033,2014,3,6
2014020034,2014,4,1
2014020035,2014,1,2
2014020036,2014,1,5
2014020037,2014,0,1
2014020038,2014,3,6
2014020039,2014,3,4
2014020040,2014,5,6
2014020041,2014,3,4
2014020042,2014,2,4
2014020043,2014,3,2
2014020044,2014,1,2
2014020045,2014,2,3
2014020046,2014,6,1
2014020047,2014,2,3
2014020048,2014,1,2
2014020049,2014,7,4
2014020050,2014,4,3
2014020051,2014,2,3
2014020052,2014,6,2
2014020053,2014,6,4
2014020054,2014,5,3
2014020055,2014,1,0
2014020056,2014,0,1
2014020057,2014,2,1
2014020058,2014,3,2
2014020059,2014,1,4
2014020060,2014,0,2
2014020061,2014,0,2
2014020062,2014,2,1
2014020063,2014,0,4
2014020064,2014,3,2
2014020065,2014,3,2
2014020066,2014,1,0
2014020067,2014,2,4
2014020068,2014,3,1
2014020069,2014,2,1
2014020070,2014,5,6
2014020071,2014,2,1
2014020072,2014,1,6
2014020073,2014,2,4
2014020074,2014,2,1
2014020075,2014,4,0
2014020076,2014,1,4
2014020077,2014,3,0
2014020078,2014,3,2
2014020079,2014,5,3
2014020080,2014,3,4
2014020081,2014,2,5
2014020082,2014,2,1
2014020083,2014,4,3
2014020084,2014,3,1
2014020085,2014,4,0
2014020086,2014,6,3
2014020087,2014,3,4
2014020088,2014,1,2
2014020089,2014,3,5
2014020090,2014,3,5
2014020091,2014,3,2
2014020092,2014,4,1
2014020093,2014,2,3
2014020094,2014,4,3
2014020095,2014,1,4
2014020096,2014,3,2
2014020097,2014,2,0
2014020098,2014,5,0
2014020099,2014,2,0
2014020100,2014,4,5
2014020101,2014,2,3
2014020102,2014,2,4
2014020103,2014,7,3
2014020104,2014,6,3
2014020105,2014,4,1
2014020106,2014,1,2
2014020107,2014,1,4
2014020108,2014,3,1
2014020109,2014,2,3
2014020110,2014,7,5
2014020111,2014,4,2
2014020112,2014,3,2
2014020113,2014,0,3
2014020114,2014,7,2
2014020115,2014,2,1
2014020116,2014,1,3
2014020117,2014,2,1
2014020118,2014,5,2
2014020119,2014,2,1
2014020120,2014,1,4
2014020121,2014,4,2
2014020122,2014,5,4
2014020123,2014,3,0
2014020124,2014,3,4
2014020125,2014,3,4
2014020126,2014,3,2
2014020127,2014,8,3
2014020128,2014,2,5
2014020129,2014,4,0
2014020130,2014,7,3
2014020131,2014,0,1
2014020132,2014,3,4
2014020133,2014,2,3
2014020134,2014,1,2
2014020135,2014,4,1
2014020136,2014,2,4
2014020137,2014,1,4
2014020138,2014,2,3
2014020139,2014,2,1
2014020140,2014,3,0
2014020141,2014,4,5
2014020142,2014,4,3
2014020143,2014,2,1
2014020144,2014,2,0
2014020145,2014,4,3
2014020146,2014,5,0
2014020147,2014,3,2
2014020148,2014,1,4
2014020149,2014,5,2
2014020150,2014,1,2
2014020151,2014,4,3
2014020152,2014,3,1
2014020153,2014,4,2
2014020154,2014,3,2
2014020155,2014,4,3
2014020156,2014,2,1
2014020157,2014,3,2
2014020158,2014,0,1
2014020159,2014,5,0
2014020160,2014,3,0
2014020161,2014,3,2
2014020162,2014,4,1
2014020163,2014,2,3
2014020164,2014,3,2
2014020165,2014,3,2
2014020166,2014,2,6
2014020167,2014,5,6
2014020168,2014,2,3
2014020169,2014,0,1
2014020170,2014,1,3
2014020171,2014,3,4
2014020172,2014,2,1
2014020173,2014,0,1
2014020174,2014,4,1
2014020175,2014,3,4
2014020176,2014,2,4
2014020177,2014,0,5
2014020178,2014,3,1
2014020179,2014,1,4
2014020180,2014,3,1
2014020181,2014,1,3
2014020182,2014,2,5
2014020183,2014,3,2
2014020184,2014,1,2
2014020185,2014,4,3
2014020186,2014,2,3
2014020187,2014,5,2
2014020188,2014,4,1
2014020189,2014,3,0
2014020190,2014,5,2
2014020191,2014,4,3
2014020192,2014,3,4
2014020193,2014,2,3
2014020194,2014,4,3
2014020195,2014,1,2
2014020196,2014,2,3
2014020197,2014,2,3
2014020198,2014,3,2
2014020199,2014,4,2
2014020200,2014,2,3
2014020201,2014,2,3
2014020202,2014,4,6
2014020203,2014,1,6
2014020204,2014,5,4
2014020205,2014,4,1
2014020206,2014,1,2
2014020207,2014,4,3
2014020208,2014,4,7
2014020209,2014,4,3
2014020210,2014,1,2
2014020211,2014,3,5
2014020212,2014,0,1
2014020213,2014,5,1
2014020214,2014,3,4
2014020215,2014,1,3
2014020216,2014,5,2
2014020217,2014,1,2
2014020218,2014,4,2
2014020219,2014,4,1
2014020220,2014,3,1
2014020221,2014,6,0
2014020222,2014,5,0
2014020223,2014,4,2
2014020224,2014,3,0
2014020225,2014,4,1
2014020226,2014,6,1
2014020227,2014,3,2
2014020228,2014,3,2
2014020229,2014,3,4
2014020230,2014,4,3
2014020231,2014,6,1
2014020232,2014,6,5
2014020233,2014,3,4
2014020234,2014,1,3
2014020235,2014,5,1
2014020236,2014,1,2
2014020237,2014,4,3
2014020238,2014,6,3
2014020239,2014,5,3
2014020240,2014,3,4
2014020241,2014,0,2
2014020242,2014,3,4
2014020243,2014,0,1
2014020244,2014,1,2
2014020245,2014,4,1
2014020246,2014,3,4
2014020247,2014,0,5
2014020248,2014,2,1
2014020249,2014,1,2
2014020250,2014,3,2
2014020251,2014,6,2
2014020252,2014,6,3
2014020253,2014,5,2
2014020254,2014,2,3
2014020255,2014,3,2
2014020256,2014,2,1
2014020257,2014,2,1
2014020258,2014,4,1
2014020259,2014,4,2
2014020260,2014,0,2
2014020261,2014,4,3
2014020262,2014,1,4
2014020263,2014,6,2
2014020264,2014,2,6
2014020265,2014,1,2
2014020266,2014,1,5
2014020267,2014,2,0
2014020268,2014,4,1
2014020269,2014,5,2
2014020270,2014,0,5
2014020271,2014,2,9
2014020272,2014,0,4
2014020273,2014,3,1
2014020274,2014,4,6
2014020275,2014,4,3
2014020276,2014,1,2
2014020277,2014,5,2
2014020278,2014,2,0
2014020279,2014,4,5
2014020280,2014,2,3
2014020281,2014,5,2
2014020282,2014,4,1
2014020283,2014,3,2
2014020284,2014,3,4
2014020285,2014,3,1
2014020286,2014,2,3
2014020287,2014,3,4
2014020288,2014,3,4
2014020289,2014,3,2
2014020290,2014,2,3
2014020291,2014,1,3
2014020292,2014,4,5
2014020293,2014,3,4
2014020294,2014,0,2
2014020295,2014,2,3
2014020296,2014,0,2
2014020297,2014,4,1
2014020298,2014,2,1
2014020299,2014,4,1
2014020300,2014,4,2
2014020301,2014,1,2
2014020302,2014,3,2
2014020303,2014,5,4
2014020304,2014,4,3
2014020305,2014,5,4
2014020306,2014,1,7
2014020307,2014,3,4
2014020308,2014,2,4
2014020309,2014,5,0
2014020310,2014,2,1
2014020311,2014,4,1
2014020312,2014,2,3
2014020313,2014,1,0
2014020314,2014,4,3
2014020315,2014,1,4
2014020316,2014,2,4
2014020317,2014,2,3
2014020318,2014,4,3
2014020319,2014,3,2
2014020320,2014,3,4
2014020321,2014,2,0
2014020322,2014,3,2
2014020323,2014,1,2
2014020324,2014,3,2
2014020325,2014,5,2
2014020326,2014,4,3
2014020327,2014,1,0
2014020328,2014,4,3
2014020329,2014,0,4
2014020330,2014,2,3
2014020331,2014,0,2
2014020332,2014,1,0
2014020333,2014,0,3
2014020334,2014,1,4
2014020335,2014,5,2
2014020336,2014,2,1
2014020337,2014,2,1
2014020338,2014,4,5
2014020339,2014,2,4
2014020340,2014,0,5
2014020341,2014,3,2
2014020342,2014,4,3
2014020343,2014,4,5
2014020344,2014,6,2
2014020345,2014,3,4
2014020346,2014,4,1
2014020347,2014,3,1
2014020348,2014,5,2
2014020349,2014,2,3
2014020350,2014,2,1
2014020351,2014,2,3
2014020352,2014,5,2
2014020353,2014,0,3
2014020354,2014,1,4
2014020355,2014,6,4
2014020356,2014,5,3
2014020357,2014,3,6
2014020358,2014,2,1
2014020359,2014,3,4
2014020360,2014,2,5
2014020361,2014,3,2
2014020362,2014,2,1
2014020363,2014,3,2
2014020364,2014,1,0
2014020365,2014,3,4
2014020366,2014,2,1
2014020367,2014,5,3
2014020368,2014,3,4
2014020369,2014,5,2
2014020370,2014,2,1
2014020371,2014,2,0
2014020372,2014,2,1
2014020373,2014,4,1
2014020374,2014,3,2
2014020375,2014,5,4
2014020376,2014,0,3
2014020377,2014,1,2
2014020378,2014,3,5
2014020379,2014,1,2
2014020380,2014,5,2
2014020381,2014,5,0
2014020382,2014,3,4
2014020383,2014,4,3
2014020384,2014,4,3
2014020385,2014,0,4
2014020386,2014,7,4
2014020387,2014,4,5
2014020388,2014,6,2
2014020389,2014,4,3
2014020390,2014,3,2
2014020391,2014,1,2
2014020392,2014,5,2
2014020393,2014,3,2
2014020394,2014,1,3
2014020395,2014,3,2
2014020396,2014,1,4
2014020397,2014,4,6
2014020398,2014,1,3
2014020399,2014,4,1
2014020400,2014,2,5
2014020401,2014,2,3
2014020402,2014,3,4
2014020403,2014,1,3
2014020404,2014,4,3
2014020405,2014,2,1
2014020406,2014,4,3
2014020407,2014,1,2
2014020408,2014,4,2
2014020409,2014,1,0
2014020410,2014,2,3
2014020411,2014,3,2
2014020412,2014,4,1
2014020413,2014,3,1
2014020414,2014,3,5
2014020415,2014,5,4
2014020416,2014,2,5
2014020417,2014,0,3
2014020418,2014,5,2
2014020419,2014,1,2
2014020420,2014,2,1
2014020421,2014,2,3
2014020422,2014,4,3
2014020423,2014,4,1
2014020424,2014,2,3
2014020425,2014,3,5
2014020426,2014,2,1
2014020427,2014,6,3
2014020428,2014,4,3
2014020429,2014,1,5
2014020430,2014,2,1
2014020431,2014,3,1
2014020432,2014,6,2
2014020433,2014,2,3
2014020434,2014,2,4
2014020435,2014,2,3
2014020436,2014,5,1
2014020437,2014,4,3
2014020438,2014,4,1
2014020439,2014,3,2
2014020440,2014,4,2
2014020441,2014,4,3
2014020442,2014,1,4
2014020443,2014,4,3
2014020444,2014,3,4
2014020445,2014,2,3
2014020446,2014,1,5
2014020447,2014,2,0
2014020448,2014,4,3
2014020449,2014,2,1
2014020450,2014,0,2
2014020451,2014,3,2
2014020452,2014,4,2
2014020453,2014,1,3
2014020454,2014,6,2
2014020455,2014,4,1
2014020456,2014,0,1
2014020457,2014,2,1
2014020458,2014,5,2
2014020459,2014,3,2
2014020460,2014,5,1
2014020461,2014,5,3
2014020462,2014,2,5
2014020463,2014,2,1
2014020464,2014,0,2
2014020465,2014,2,3
2014020466,2014,0,2
2014020467,2014,1,2
2014020468,2014,1,0
2014020469,2014,4,1
2014020470,2014,4,5
2014020471,2014,1,2
2014020472,2014,6,4
2014020473,2014,4,3
2014020474,2014,3,2
2014020475,2014,6,2
2014020476,2014,1,2
2014020477,2014,2,1
2014020478,2014,1,2
2014020479,2014,4,2
2014020480,2014,1,5
2014020481,2014,4,7
2014020482,2014,4,1
2014020483,2014,0,4
2014020484,2014,3,1
2014020485,2014,3,1
2014020486,2014,2,3
2014020487,2014,3,2
2014020488,2014,5,6
2014020489,2014,3,2
2014020490,2014,3,2
2014020491,2014,1,2
2014020492,2014,5,6
2014020493,2014,4,3
2014020494,2014,1,0
2014020495,2014,4,0
2014020496,2014,3,4
2014020497,2014,2,1
2014020498,2014,1,5
2014020499,2014,4,3
2014020500,2014,7,1
2014020501,2014,3,2
2014020502,2014,3,4
2014020503,2014,5,3
2014020504,2014,1,2
2014020505,2014,1,3
2014020506,2014,4,2
2014020507,2014,2,5
2014020508,2014,6,3
2014020509,2014,4,3
2014020510,2014,1,5
2014020511,2014,1,5
2014020512,2014,0,4
2014020513,2014,5,0
2014020514,2014,4,3
2014020515,2014,2,3
2014020516,2014,2,1
2014020517,2014,3,1
2014020518,2014,0,3
2014020519,2014,6,2
2014020520,2014,3,4
2014020521,2014,3,4
2014020522,2014,4,1
2014020523,2014,2,1
2014020524,2014,2,5
2014020525,2014,4,1
2014020526,2014,3,1
2014020527,2014,6,4
2014020528,2014,2,1
2014020529,2014,5,2
2014020530,2014,3,1
2014020531,2014,4,3
2014020532,2014,1,3
2014020533,2014,5,2
2014020534,2014,3,2
2014020535,2014,3,0
2014020536,2014,2,3
2014020537,2014,5,4
2014020538,2014,3,2
2014020539,2014,2,1
2014020540,2014,4,2
2014020541,2014,1,2
2014020542,2014,3,2
2014020543,2014,3,2
2014020544,2014,1,3
2014020545,2014,2,5
2014020546,2014,1,5
2014020547,2014,3,4
2014020548,2014,2,1
2014020549,2014,3,1
2014020550,2014,3,1
2014020551,2014,2,5
2014020552,2014,0,3
2014020553,2014,6,0
2014020554,2014,4,3
2014020555,2014,4,3
2014020556,2014,3,2
2014020557,2014,2,3
2014020558,2014,0,2
2014020559,2014,2,4
2014020560,2014,6,3
2014020561,2014,2,1
2014020562,2014,3,1
2014020563,2014,2,1
2014020564,2014,1,2
2014020565,2014,4,3
2014020566,2014,2,3
2014020567,2014,6,7
2014020568,2014,5,2
2014020569,2014,6,1
2014020570,2014,1,4
2014020571,2014,5,1
2014020572,2014,7,1
2014020573,2014,6,3
2014020574,2014,4,1
2014020575,2014,2,7
2014020576,2014,2,1
2014020577,2014,4,3
2014020578,2014,2,4
2014020579,2014,5,4
2014020580,2014,3,4
2014020581,2014,4,3
2014020582,2014,5,2
2014020583,2014,2,3
2014020584,2014,4,1
2014020585,2014,2,1
2014020586,2014,2,4
2014020587,2014,3,2
2014020588,2014,3,4
2014020589,2014,0,2
2014020590,2014,2,4
2014020591,2014,0,6
2014020592,2014,2,4
2014020593,2014,3,2
2014020594,2014,2,6
2014020595,2014,2,3
2014020596,2014,2,3
2014020597,2014,1,4
2014020598,2014,3,0
2014020599,2014,3,2
2014020600,2014,5,2
2014020601,2014,7,2
2014020602,2014,3,2
2014020603,2014,2,4
2014020604,2014,5,2
2014020605,2014,4,1
2014020606,2014,1,3
2014020607,2014,3,4
2014020608,2014,2,3
2014020609,2014,5,2
2014020610,2014,2,1
2014020611,2014,5,6
2014020612,2014,5,2
2014020613,2014,1,3
2014020614,2014,1,3
2014020615,2014,4,3
2014020616,2014,1,2
2014020617,2014,3,1
2014020618,2014,2,5
2014020619,2014,1,5
2014020620,2014,5,4
2014020621,2014,0,1
2014020622,2014,4,5
2014020623,2014,1,3
2014020624,2014,2,4
2014020625,2014,4,1
2014020626,2014,5,4
2014020627,2014,7,3
2014020628,2014,2,1
2014020629,2014,2,0
2014020630,2014,4,3
2014020631,2014,1,3
2014020632,2014,0,3
2014020633,2014,7,2
2014020634,2014,3,2
2014020635,2014,4,2
2014020636,2014,5,1
2014020637,2014,8,2
2014020638,2014,5,4
2014020639,2014,2,3
2014020640,2014,2,3
2014020641,2014,1,0
2014020642,2014,4,0
2014020643,2014,3,5
2014020644,2014,3,0
2014020645,2014,0,7
2014020646,2014,0,4
2014020647,2014,4,1
2014020648,2014,3,2
2014020649,2014,2,4
2014020650,2014,2,3
2014020651,2014,1,2
2014020652,2014,1,4
2014020653,2014,3,1
2014020654,2014,6,3
2014020655,2014,0,3
2014020656,2014,1,2
2014020657,2014,4,3
2014020658,2014,2,4
2014020659,2014,5,1
2014020660,2014,1,3
2014020661,2014,3,4
2014020662,2014,6,4
2014020663,2014,2,3
2014020664,2014,5,2
2014020665,2014,3,2
2014020666,2014,2,3
2014020667,2014,3,0
2014020668,2014,5,4
2014020669,2014,3,1
2014020670,2014,2,3
2014020671,2014,3,4
2014020672,2014,2,5
2014020673,2014,3,6
2014020674,2014,4,3
2014020675,2014,6,4
2014020676,2014,7,4
2014020677,2014,1,4
2014020678,2014,1,2
2014020679,2014,3,1
2014020680,2014,1,3
2014020681,2014,1,2
2014020682,2014,2,5
2014020683,2014,3,2
2014020684,2014,3,2
2014020685,2014,4,5
2014020686,2014,2,1
2014020687,2014,5,4
2014020688,2014,4,1
2014020689,2014,6,1
2014020690,2014,1,3
2014020691,2014,4,3
2014020692,2014,2,3
2014020693,2014,4,0
2014020694,2014,3,2
2014020695,2014,6,3
2014020696,2014,4,2
2014020697,2014,4,1
2014020698,2014,4,3
2014020699,2014,5,3
2014020700,2014,4,2
2014020701,2014,4,3
2014020702,2014,3,2
2014020703,2014,4,5
2014020704,2014,4,3
2014020705,2014,4,1
2014020706,2014,1,2
2014020707,2014,0,4
2014020708,2014,2,1
2014020709,2014,4,0
2014020710,2014,4,3
2014020711,2014,2,5
2014020712,2014,0,1
2014020713,2014,5,2
2014020714,2014,1,3
2014020715,2014,3,6
2014020716,2014,5,1
2014020717,2014,3,2
2014020718,2014,5,4
2014020719,2014,0,1
2014020720,2014,3,2
2014020721,2014,6,3
2014020722,2014,1,2
2014020723,2014,2,3
2014020724,2014,3,0
2014020725,2014,5,2
2014020726,2014,1,4
2014020727,2014,1,0
2014020728,2014,4,1
2014020729,2014,7,2
2014020730,2014,3,1
2014020731,2014,3,1
2014020732,2014,4,1
2014020733,2014,1,0
2014020734,2014,2,5
2014020735,2014,3,1
2014020736,2014,4,2
2014020737,2014,2,0
2014020738,2014,2,3
2014020739,2014,3,4
2014020740,2014,0,4
2014020741,2014,2,4
2014020742,2014,6,3
2014020743,2014,5,2
2014020744,2014,4,5
2014020745,2014,2,1
2014020746,2014,2,4
2014020747,2014,4,0
2014020748,2014,1,4
2014020749,2014,2,3
2014020750,2014,2,1
2014020751,2014,4,3
2014020752,2014,3,0
2014020753,2014,2,3
2014020754,2014,3,2
2014020755,2014,5,4
2014020756,2014,3,2
2014020757,2014,0,2
2014020758,2014,3,1
2014020759,2014,0,3
2014020760,2014,2,3
2014020761,2014,1,2
2014020762,2014,3,2
2014020763,2014,2,5
2014020764,2014,3,5
2014020765,2014,0,3
2014020766,2014,1,2
2014020767,2014,1,5
2014020768,2014,4,1
2014020769,2014,3,2
2014020770,2014,7,1
2014020771,2014,1,2
2014020772,2014,0,4
2014020773,2014,3,2
2014020774,2014,2,4
2014020775,2014,2,1
2014020776,2014,3,2
2014020777,2014,5,1
2014020778,2014,6,2
2014020779,2014,1,4
2014020780,2014,1,0
2014020781,2014,1,3
2014020782,2014,5,0
2014020783,2014,4,5
2014020784,2014,2,4
2014020785,2014,2,3
2014020786,2014,1,3
2014020787,2014,2,3
2014020788,2014,5,3
2014020789,2014,2,3
2014020790,2014,5,3
2014020791,2014,1,3
2014020792,2014,1,2
2014020793,2014,3,4
2014020794,2014,5,3
2014020795,2014,2,3
2014020796,2014,1,4
2014020797,2014,3,5
2014020798,2014,1,2
2014020799,2014,3,2
2014020800,2014,4,5
2014020801,2014,2,1
2014020802,2014,6,2
2014020803,2014,2,1
2014020804,2014,3,2
2014020805,2014,2,1
2014020806,2014,4,1
2014020807,2014,4,5
2014020808,2014,4,5
2014020809,2014,3,2
2014020810,2014,1,2
2014020811,2014,3,4
2014020812,2014,4,5
2014020813,2014,3,6
2014020814,2014,3,1
2014020815,2014,2,1
2014020816,2014,3,6
2014020817,2014,5,3
2014020818,2014,4,3
2014020819,2014,3,1
2014020820,2014,2,0
2014020821,2014,2,4
2014020822,2014,5,2
2014020823,2014,7,2
2014020824,2014,2,1
2014020825,2014,4,5
2014020826,2014,6,3
2014020827,2014,3,1
2014020828,2014,6,3
2014020829,2014,1,5
2014020830,2014,4,1
2014020831,2014,3,2
2014020832,2014,3,1
2014020833,2014,2,1
2014020834,2014,1,2
2014020835,2014,1,2
2014020836,2014,3,5
2014020837,2014,2,5
2014020838,2014,5,6
2014020839,2014,3,6
2014020840,2014,0,2
2014020841,2014,5,4
2014020842,2014,5,2
2014020843,2014,4,3
2014020844,2014,3,2
2014020845,2014,3,2
2014020846,2014,2,1
2014020847,2014,2,5
2014020848,2014,1,3
2014020849,2014,1,4
2014020850,2014,2,3
2014020851,2014,1,4
2014020852,2014,5,1
2014020853,2014,4,2
2014020854,2014,2,3
2014020855,2014,2,3
2014020856,2014,1,4
2014020857,2014,4,3
2014020858,2014,1,4
2014020859,2014,5,2
2014020860,2014,4,5
2014020861,2014,2,3
2014020862,2014,1,2
2014020863,2014,5,1
2014020864,2014,2,3
2014020865,2014,2,5
2014020866,2014,5,4
2014020867,2014,4,2
2014020868,2014,2,1
2014020869,2014,5,1
2014020870,2014,1,4
2014020871,2014,3,6
2014020872,2014,0,4
2014020873,2014,3,2
2014020874,2014,3,2
2014020875,2014,4,3
2014020876,2014,3,1
2014020877,2014,4,1
2014020878,2014,3,1
2014020879,2014,1,2
2014020880,2014,2,4
2014020881,2014,6,7
2014020882,2014,2,4
2014020883,2014,1,2
2014020884,2014,3,2
2014020885,2014,2,6
2014020886,2014,1,2
2014020887,2014,0,4
2014020888,2014,5,1
2014020889,2014,5,4
2014020890,2014,4,3
2014020891,2014,6,2
2014020892,2014,3,0
2014020893,2014,4,3
2014020894,2014,1,2
2014020895,2014,5,1
2014020896,2014,1,0
2014020897,2014,4,1
2014020898,2014,2,4
2014020899,2014,2,5
2014020900,2014,5,2
2014020901,2014,1,2
2014020902,2014,4,2
2014020903,2014,3,2
2014020904,2014,1,0
2014020905,2014,1,3
2014020906,2014,3,4
2014020907,2014,0,3
2014020908,2014,6,3
2014020909,2014,4,3
2014020910,2014,2,5
2014020911,2014,3,2
2014020912,2014,0,3
2014020913,2014,2,4
2014020914,2014,1,2
2014020915,2014,0,1
2014020916,2014,2,3
2014020917,2014,2,3
2014020918,2014,2,1
2014020919,2014,3,0
2014020920,2014,4,0
2014020921,2014,4,5
2014020922,2014,4,2
2014020923,2014,5,3
2014020924,2014,3,4
2014020925,2014,3,5
2014020926,2014,0,2
2014020927,2014,4,1
2014020928,2014,4,0
2014020929,2014,4,2
2014020930,2014,1,3
2014020931,2014,1,2
2014020932,2014,2,4
2014020933,2014,5,2
2014020934,2014,4,3
2014020935,2014,5,3
2014020936,2014,4,0
2014020937,2014,1,3
2014020938,2014,6,5
2014020939,2014,4,1
2014020940,2014,5,2
2014020941,2014,4,0
2014020942,2014,3,1
2014020943,2014,2,3
2014020944,2014,3,5
2014020945,2014,3,0
2014020946,2014,2,3
2014020947,2014,3,2
2014020948,2014,3,2
2014020949,2014,1,4
2014020950,2014,2,5
2014020951,2014,2,6
2014020952,2014,1,3
2014020953,2014,2,1
2014020954,2014,3,1
2014020955,2014,3,1
2014020956,2014,3,4
2014020957,2014,3,1
2014020958,2014,1,2
2014020959,2014,4,2
2014020960,2014,3,4
2014020961,2014,3,4
2014020962,2014,3,2
2014020963,2014,4,3
2014020964,2014,2,3
2014020965,2014,1,3
2014020966,2014,3,2
2014020967,2014,2,5
2014020968,2014,2,1
2014020969,2014,2,5
2014020970,2014,3,2
2014020971,2014,1,6
2014020972,2014,5,4
2014020973,2014,4,3
2014020974,2014,6,1
2014020975,2014,0,4
2014020976,2014,1,3
2014020977,2014,0,2
2014020978,2014,0,1
2014020979,2014,2,3
2014020980,2014,7,4
2014020981,2014,5,2
2014020982,2014,2,3
2014020983,2014,5,4
2014020984,2014,5,3
2014020985,2014,0,1
2014020986,2014,3,4
2014020987,2014,5,2
2014020988,2014,2,1
2014020989,2014,1,2
2014020990,2014,2,1
2014020991,2014,1,2
2014020992,2014,1,2
2014020993,2014,3,4
2014020994,2014,0,1
2014020995,2014,1,3
2014020996,2014,5,4
2014020997,2014,6,2
2014020998,2014,2,5
2014020999,2014,4,3
2014021000,2014,1,3
2014021001,2014,6,3
2014021002,2014,3,2
2014021003,2014,6,4
2014021004,2014,3,5
2014021005,2014,2,5
2014021006,2014,1,3
2014021007,2014,4,2
2014021008,2014,1,0
2014021009,2014,2,1
2014021010,2014,0,4
2014021011,2014,1,2
2014021012,2014,2,0
2014021013,2014,1,2
2014021014,2014,2,4
2014021015,2014,5,4
2014021016,2014,1,2
2014021017,2014,6,3
2014021018,2014,7,2
2014021019,2014,0,2
2014021020,2014,2,6
2014021021,2014,0,2
2014021022,2014,1,2
2014021023,2014,1,3
2014021024,2014,0,2
2014021025,2014,4,1
2014021026,2014,1,3
2014021027,2014,1,4
2014021028,2014,3,2
2014021029,2014,1,2
2014021030,2014,2,1
2014021031,2014,2,3
2014021032,2014,0,3
2014021033,2014,2,1
2014021034,2014,1,5
2014021035,2014,2,0
2014021036,2014,4,2
2014021037,2014,3,4
2014021038,2014,4,2
2014021039,2014,4,1
2014021040,2014,1,0
2014021041,2014,1,2
2014021042,2014,2,0
2014021043,2014,1,2
2014021044,2014,2,3
2014021045,2014,2,3
2014021046,2014,5,2
2014021047,2014,4,1
2014021048,2014,0,4
2014021049,2014,4,1
2014021050,2014,0,1
2014021051,2014,3,4
2014021052,2014,3,2
2014021053,2014,1,4
2014021054,2014,4,0
2014021055,2014,6,4
2014021056,2014,3,1
2014021057,2014,2,3
2014021058,2014,2,1
2014021059,2014,2,1
2014021060,2014,4,1
2014021061,2014,2,6
2014021062,2014,2,5
2014021063,2014,1,3
2014021064,2014,3,1
2014021065,2014,3,2
2014021066,2014,6,3
2014021067,2014,2,3
2014021068,2014,1,4
2014021069,2014,2,0
2014021070,2014,5,3
2014021071,2014,2,1
2014021072,2014,0,3
2014021073,2014,2,3
2014021074,2014,3,0
2014021075,2014,3,0
2014021076,2014,4,0
2014021077,2014,1,3
2014021078,2014,5,4
2014021079,2014,2,1
2014021080,2014,5,3
2014021081,2014,7,2
2014021082,2014,1,3
2014021083,2014,1,3
2014021084,2014,1,3
2014021085,2014,1,2
2014021086,2014,5,2
2014021087,2014,4,3
2014021088,2014,3,2
2014021089,2014,1,4
2014021090,2014,1,2
2014021091,2014,2,4
2014021092,2014,2,3
2014021093,2014,5,3
2014021094,2014,4,5
2014021095,2014,4,3
2014021096,2014,3,2
2014021097,2014,5,2
2014021098,2014,4,1
2014021099,2014,4,3
2014021100,2014,3,4
2014021101,2014,2,3
2014021102,2014,3,4
2014021103,2014,2,3
2014021104,2014,3,2
2014021105,2014,5,2
2014021106,2014,1,4
2014021107,2014,1,5
2014021108,2014,4,6
2014021109,2014,2,3
2014021110,2014,5,2
2014021111,2014,1,4
2014021112,2014,4,2
2014021113,2014,2,5
2014021114,2014,4,0
2014021115,2014,3,4
2014021116,2014,4,2
2014021117,2014,2,3
2014021118,2014,2,3
2014021119,2014,3,2
2014021120,2014,4,0
2014021121,2014,4,3
2014021122,2014,3,2
2014021123,2014,3,1
2014021124,2014,2,4
2014021125,2014,4,1
2014021126,2014,5,3
2014021127,2014,3,4
2014021128,2014,2,5
2014021129,2014,2,4
2014021130,2014,5,4
2014021131,2014,1,2
2014021132,2014,2,5
2014021133,2014,1,2
2014021134,2014,3,2
2014021135,2014,3,4
2014021136,2014,3,5
2014021137,2014,1,4
2014021138,2014,4,1
2014021139,2014,3,5
2014021140,2014,1,4
2014021141,2014,1,4
2014021142,2014,3,2
2014021143,2014,4,2
2014021144,2014,3,2
2014021145,2014,3,1
2014021146,2014,1,2
2014021147,2014,4,5
2014021148,2014,2,3
2014021149,2014,4,3
2014021150,2014,1,4
2014021151,2014,5,1
2014021152,2014,5,1
2014021153,2014,4,3
2014021154,2014,4,5
2014021155,2014,2,1
2014021156,2014,2,3
2014021157,2014,6,1
2014021158,2014,4,1
2014021159,2014,2,3
2014021160,2014,3,1
2014021161,2014,8,2
2014021162,2014,3,4
2014021163,2014,3,2
2014021164,2014,5,7
2014021165,2014,2,4
2014021166,2014,3,1
2014021167,2014,3,2
2014021168,2014,5,3
2014021169,2014,5,4
2014021170,2014,2,1
2014021171,2014,4,3
2014021172,2014,0,4
2014021173,2014,3,0
2014021174,2014,6,1
2014021175,2014,2,3
2014021176,2014,3,4
2014021177,2014,5,3
2014021178,2014,0,4
2014021179,2014,3,1
2014021180,2014,1,2
2014021181,2014,1,4
2014021182,2014,3,2
2014021183,2014,4,1
2014021184,2014,1,2
2014021185,2014,4,3
2014021186,2014,4,3
2014021187,2014,0,2
2014021188,2014,2,1
2014021189,2014,1,5
2014021190,2014,2,4
2014021191,2014,5,4
2014021192,2014,4,3
2014021193,2014,3,2
2014021194,2014,7,1
2014021195,2014,0,1
2014021196,2014,1,2
2014021197,2014,3,2
2014021198,2014,3,2
2014021199,2014,4,2
2014021200,2014,5,0
2014021201,2014,3,0
2014021202,2014,0,4
2014021203,2014,0,3
2014021204,2014,1,3
2014021205,2014,4,3
2014021206,2014,4,3
2014021207,2014,4,2
2014021208,2014,2,1
2014021209,2014,2,4
2014021210,2014,1,0
2014021211,2014,3,1
2014021212,2014,1,3
2014021213,2014,5,0
2014021214,2014,1,3
2014021215,2014,4,2
2014021216,2014,1,3
2014021217,2014,2,4
2014021218,2014,5,1
2014021219,2014,4,1
2014021220,2014,0,2
2014021221,2014,3,4
2014021222,2014,3,2
2014021223,2014,4,5
2014021224,2014,0,2
2014021225,2014,3,2
2014021226,2014,4,2
2014021227,2014,4,1
2014021228,2014,3,2
2014021229,2014,1,2
2014021230,2014,6,5
2014030111,2014,4,3
2014030112,2014,3,2
2014030113,2014,1,2
2014030114,2014,1,0
2014030115,2014,1,5
2014030116,2014,0,2
2014030121,2014,2,3
2014030122,2014,5,1
2014030123,2014,3,0
2014030124,2014,2,3
2014030125,2014,0,4
2014030126,2014,2,5
2014030127,2014,2,0
2014030131,2014,2,1
2014030132,2014,3,4
2014030133,2014,1,2
2014030134,2014,1,2
2014030135,2014,2,1
2014030141,2014,1,4
2014030142,2014,4,3
2014030143,2014,2,1
2014030144,2014,1,2
2014030145,2014,5,1
2014030146,2014,3,1
2014030147,2014,2,1
2014030151,2014,2,4
2014030152,2014,4,1
2014030153,2014,3,0
2014030154,2014,1,6
2014030155,2014,1,4
2014030156,2014,4,1
2014030161,2014,3,4
2014030162,2014,6,2
2014030163,2014,4,2
2014030164,2014,3,2
2014030165,2014,5,2
2014030166,2014,4,3
2014030171,2014,4,2
2014030172,2014,2,1
2014030173,2014,4,5
2014030174,2014,2,5
2014030181,2014,1,2
2014030182,2014,4,1
2014030183,2014,4,2
2014030184,2014,3,1
2014030185,2014,2,1
2014030186,2014,7,4
2014030211,2014,1,2
2014030212,2014,2,6
2014030213,2014,2,1
2014030214,2014,2,6
2014030215,2014,2,1
2014030216,2014,4,1
2014030221,2014,1,2
2014030222,2014,3,2
2014030223,2014,1,0
2014030224,2014,2,1
2014030225,2014,2,1
2014030226,2014,3,4
2014030227,2014,2,1
2014030231,2014,4,3
2014030232,2014,4,1
2014030233,2014,0,1
2014030234,2014,3,4
2014030241,2014,6,1
2014030242,2014,3,0
2014030243,2014,4,3
2014030244,2014,2,4
2014030245,2014,3,2
2014030311,2014,2,1
2014030312,2014,2,6
2014030313,2014,6,5
2014030314,2014,1,5
2014030315,2014,0,2
2014030316,2014,3,7
2014030317,2014,0,2
2014030321,2014,4,1
2014030322,2014,2,3
2014030323,2014,1,2
2014030324,2014,5,4
2014030325,2014,5,4
2014030326,2014,5,2
2014030327,2014,3,5
2014030411,2014,1,2
2014030412,2014,4,3
2014030413,2014,2,3
2014030414,2014,2,1
2014030415,2014,1,2
2014030416,2014,2,0
2015020001,2015,1,3
2015020002,2015,2,3
2015020003,2015,1,5
2015020004,2015,1,5
2015020005,2015,2,6
2015020006,2015,1,3
2015020007,2015,3,2
2015020008,2015,3,1
2015020009,2015,2,1
2015020010,2015,3,0
2015020011,2015,4,5
2015020012,2015,1,3
2015020013,2015,2,4
2015020014,2015,4,0
2015020015,2015,2,3
2015020016,2015,1,4
2015020017,2015,1,4
2015020018,2015,2,4
2015020019,2015,4,5
2015020020,2015,7,1
2015020021,2015,5,2
2015020022,2015,5,3
2015020023,2015,3,4
2015020024,2015,2,0
2015020025,2015,3,2
2015020026,2015,4,1
2015020027,2015,6,3
2015020028,2015,2,3
2015020029,2015,2,1
2015020030,2015,2,0
2015020031,2015,1,3
2015020032,2015,3,6
2015020033,2015,4,2
2015020034,2015,4,2
2015020035,2015,1,0
2015020036,2015,1,2
2015020037,2015,1,3
2015020038,2015,1,4
2015020039,2015,2,3
2015020040,2015,0,5
2015020041,2015,1,4
2015020042,2015,3,1
2015020043,2015,4,2
2015020044,2015,3,4
2015020045,2015,0,3
2015020046,2015,3,7
2015020047,2015,3,0
2015020048,2015,2,6
2015020049,2015,0,4
2015020050,2015,4,3
2015020051,2015,2,0
2015020052,2015,4,1
2015020053,2015,3,0
2015020054,2015,3,5
2015020055,2015,3,2
2015020056,2015,2,4
2015020057,2015,3,4
2015020058,2015,1,2
2015020059,2015,3,6
2015020060,2015,3,5
2015020061,2015,3,1
2015020062,2015,3,4
2015020063,2015,0,3
2015020064,2015,2,1
2015020065,2015,4,1
2015020066,2015,3,4
2015020067,2015,2,1
2015020068,2015,2,4
2015020069,2015,2,1
2015020070,2015,4,1
2015020071,2015,6,3
2015020072,2015,4,1
2015020073,2015,2,5
2015020074,2015,3,5
2015020075,2015,1,2
2015020076,2015,2,4
2015020077,2015,4,1
2015020078,2015,1,2
2015020079,2015,2,1
2015020080,2015,4,0
2015020081,2015,3,2
2015020082,2015,1,2
2015020083,2015,3,2
2015020084,2015,0,4
2015020085,2015,3,0
2015020086,2015,5,4
2015020087,2015,2,6
2015020088,2015,2,1
2015020089,2015,4,5
2015020090,2015,3,1
2015020091,2015,0,1
2015020092,2015,4,1
2015020093,2015,1,4
2015020094,2015,4,5
2015020095,2015,5,1
2015020096,2015,3,2
2015020097,2015,3,2
2015020098,2015,2,3
2015020099,2015,1,4
2015020100,2015,2,7
2015020101,2015,3,5
2015020102,2015,3,4
2015020103,2015,3,2
2015020104,2015,4,7
2015020105,2015,3,0
2015020106,2015,3,0
2015020107,2015,3,4
2015020108,2015,5,3
2015020109,2015,1,4
2015020110,2015,3,2
2015020111,2015,2,3
2015020112,2015,1,2
2015020113,2015,2,6
2015020114,2015,1,0
2015020115,2015,3,4
2015020116,2015,2,3
2015020117,2015,5,2
2015020118,2015,5,4
2015020119,2015,4,1
2015020120,2015,2,3
2015020121,2015,4,0
2015020122,2015,3,4
2015020123,2015,1,0
2015020124,2015,6,0
2015020125,2015,1,3
2015020126,2015,3,4
2015020127,2015,1,3
2015020128,2015,4,1
2015020129,2015,2,0
2015020130,2015,4,3
2015020131,2015,1,4
2015020132,2015,4,3
2015020133,2015,5,1
2015020134,2015,5,4
2015020135,2015,1,3
2015020136,2015,1,2
2015020137,2015,2,3
2015020138,2015,1,4
2015020139,2015,4,3
2015020140,2015,1,2
2015020141,2015,2,1
2015020142,2015,3,1
2015020143,2015,4,3
2015020144,2015,4,3
2015020145,2015,3,1
2015020146,2015,3,1
2015020147,2015,2,1
2015020148,2015,3,2
2015020149,2015,1,3
2015020150,2015,1,3
2015020151,2015,5,4
2015020152,2015,2,6
2015020153,2015,3,4
2015020154,2015,3,2
2015020155,2015,5,3
2015020156,2015,4,3
2015020157,2015,0,4
2015020158,2015,3,5
2015020159,2015,1,3
2015020160,2015,1,2
2015020161,2015,2,3
2015020162,2015,3,2
2015020163,2015,4,5
2015020164,2015,3,4
2015020165,2015,3,4
2015020166,2015,5,1
2015020167,2015,1,2
2015020168,2015,4,2
2015020169,2015,4,1
2015020170,2015,4,2
2015020171,2015,4,1
2015020172,2015,3,5
2015020173,2015,2,1
2015020174,2015,5,2
2015020175,2015,1,2
2015020176,2015,2,1
2015020177,2015,0,3
2015020178,2015,6,3
2015020179,2015,4,2
2015020180,2015,2,5
2015020181,2015,2,4
2015020182,2015,5,6
2015020183,2015,2,3
2015020184,2015,3,2
2015020185,2015,1,4
2015020186,2015,4,1
2015020187,2015,4,1
2015020188,2015,3,2
2015020189,2015,2,3
2015020190,2015,2,1
2015020191,2015,4,2
2015020192,2015,2,3
2015020193,2015,5,2
2015020194,2015,1,2
2015020195,2015,4,2
2015020196,2015,1,4
2015020197,2015,1,2
2015020198,2015,1,2
2015020199,2015,4,2
2015020200,2015,3,2
2015020201,2015,4,1
2015020202,2015,4,2
2015020203,2015,3,2
2015020204,2015,3,2
2015020205,2015,0,3
2015020206,2015,0,4
2015020207,2015,1,0
2015020208,2015,1,4
2015020209,2015,5,2
2015020210,2015,0,1
2015020211,2015,1,4
2015020212,2015,4,3
2015020213,2015,1,2
2015020214,2015,4,2
2015020215,2015,3,4
2015020216,2015,0,2
2015020217,2015,3,0
2015020218,2015,0,4
2015020219,2015,3,5
2015020220,2015,1,0
2015020221,2015,1,4
2015020222,2015,4,3
2015020223,2015,7,5
2015020224,2015,5,3
2015020225,2015,2,3
2015020226,2015,2,3
2015020227,2015,2,4
2015020228,2015,4,3
2015020229,2015,3,4
2015020230,2015,2,3
2015020231,2015,6,3
2015020232,2015,2,5
2015020233,2015,2,3
2015020234,2015,3,2
2015020235,2015,3,1
2015020236,2015,2,3
2015020237,2015,1,2
2015020238,2015,2,3
2015020239,2015,6,3
2015020240,2015,4,1
2015020241,2015,2,1
2015020242,2015,1,2
2015020243,2015,2,3
2015020244,2015,2,3
2015020245,2015,1,4
2015020246,2015,1,2
2015020247,2015,3,1
2015020248,2015,1,2
2015020249,2015,4,2
2015020250,2015,1,6
2015020251,2015,4,5
2015020252,2015,4,0
2015020253,2015,2,3
2015020254,2015,5,2
2015020255,2015,7,0
2015020256,2015,2,4
2015020257,2015,3,2
2015020258,2015,4,3
2015020259,2015,4,3
2015020260,2015,4,1
2015020261,2015,5,2
2015020262,2015,1,4
2015020263,2015,4,3
2015020264,2015,3,4
2015020265,2015,1,0
2015020266,2015,3,2
2015020267,2015,4,5
2015020268,2015,1,3
2015020269,2015,2,3
2015020270,2015,4,3
2015020271,2015,3,1
2015020272,2015,5,1
2015020273,2015,3,2
2015020274,2015,3,2
2015020275,2015,4,1
2015020276,2015,1,2
2015020277,2015,3,4
2015020278,2015,4,2
2015020279,2015,0,1
2015020280,2015,4,3
2015020281,2015,2,3
2015020282,2015,2,3
2015020283,2015,3,0
2015020284,2015,2,1
2015020285,2015,1,3
2015020286,2015,3,2
2015020287,2015,1,2
2015020288,2015,4,0
2015020289,2015,3,2
2015020290,2015,3,5
2015020291,2015,2,1
2015020292,2015,5,1
2015020293,2015,2,0
2015020294,2015,4,0
2015020295,2015,5,0
2015020296,2015,4,5
2015020297,2015,1,3
2015020298,2015,7,3
2015020299,2015,3,2
2015020300,2015,3,4
2015020301,2015,3,0
2015020302,2015,4,0
2015020303,2015,6,3
2015020304,2015,4,3
2015020305,2015,3,5
2015020306,2015,4,2
2015020307,2015,2,3
2015020308,2015,1,2
2015020309,2015,3,0
2015020310,2015,3,2
2015020311,2015,1,0
2015020312,2015,3,4
2015020313,2015,1,3
2015020314,2015,1,4
2015020315,2015,4,7
2015020316,2015,5,3
2015020317,2015,2,3
2015020318,2015,1,2
2015020319,2015,3,1
2015020320,2015,1,5
2015020321,2015,4,3
2015020322,2015,5,3
2015020323,2015,4,1
2015020324,2015,2,3
2015020325,2015,2,3
2015020326,2015,2,1
2015020327,2015,4,2
2015020328,2015,3,5
2015020329,2015,2,5
2015020330,2015,4,3
2015020331,2015,3,2
2015020332,2015,1,3
2015020333,2015,2,3
2015020334,2015,4,2
2015020335,2015,4,1
2015020336,2015,2,3
2015020337,2015,2,1
2015020338,2015,4,3
2015020339,2015,3,2
2015020340,2015,3,2
2015020341,2015,2,1
2015020342,2015,0,3
2015020343,2015,2,4
2015020344,2015,2,3
2015020345,2015,2,3
2015020346,2015,2,3
2015020347,2015,3,1
2015020348,2015,1,4
2015020349,2015,3,4
2015020350,2015,5,3
2015020351,2015,4,3
2015020352,2015,5,2
2015020353,2015,3,2
2015020354,2015,1,2
2015020355,2015,5,3
2015020356,2015,4,3
2015020357,2015,3,0
2015020358,2015,4,0
2015020359,2015,1,2
2015020360,2015,2,1
2015020361,2015,2,4
2015020362,2015,5,4
2015020363,2015,1,3
2015020364,2015,5,2
2015020365,2015,1,2
2015020366,2015,4,3
2015020367,2015,2,1
2015020368,2015,1,5
2015020369,2015,6,1
2015020370,2015,2,1
2015020371,2015,3,2
2015020372,2015,1,2
2015020373,2015,1,2
2015020374,2015,1,5
2015020375,2015,2,3
2015020376,2015,4,3
2015020377,2015,5,1
2015020378,2015,1,2
2015020379,2015,1,0
2015020380,2015,2,4
2015020381,2015,5,2
2015020382,2015,3,4
2015020383,2015,1,2
2015020384,2015,2,1
2015020385,2015,5,4
2015020386,2015,2,1
2015020387,2015,1,0
2015020388,2015,2,1
2015020389,2015,5,3
2015020390,2015,3,2
2015020391,2015,5,4
2015020392,2015,3,2
2015020393,2015,1,4
2015020394,2015,1,4
2015020395,2015,3,0
2015020396,2015,0,4
2015020397,2015,3,4
2015020398,2015,5,4
2015020399,2015,3,1
2015020400,2015,4,2
2015020401,2015,4,1
2015020402,2015,4,2
2015020403,2015,2,1
2015020404,2015,3,1
2015020405,2015,2,3
2015020406,2015,2,1
2015020407,2015,5,2
2015020408,2015,3,4
2015020409,2015,3,2
2015020410,2015,2,3
2015020411,2015,3,2
2015020412,2015,2,4
2015020413,2015,4,1
2015020414,2015,4,1
2015020415,2015,6,5
2015020416,2015,4,2
2015020417,2015,1,3
2015020418,2015,2,4
2015020419,2015,4,3
2015020420,2015,2,1
2015020421,2015,3,2
2015020422,2015,4,1
2015020423,2015,4,1
2015020424,2015,2,4
2015020425,2015,5,1
2015020426,2015,6,4
2015020427,2015,4,3
2015020428,2015,3,2
2015020429,2015,2,3
2015020430,2015,2,0
2015020431,2015,3,1
2015020432,2015,7,5
2015020433,2015,2,1
2015020434,2015,1,5
2015020435,2015,3,1
2015020436,2015,2,1
2015020437,2015,3,1
2015020438,2015,1,2
2015020439,2015,2,3
2015020440,2015,3,0
2015020441,2015,2,3
2015020442,2015,4,5
2015020443,2015,5,4
2015020444,2015,0,2
2015020445,2015,4,0
2015020446,2015,1,3
2015020447,2015,4,0
2015020448,2015,2,3
2015020449,2015,1,4
2015020450,2015,1,2
2015020451,2015,5,3
2015020452,2015,1,2
2015020453,2015,0,2
2015020454,2015,1,5
2015020455,2015,4,2
2015020456,2015,4,3
2015020457,2015,4,5
2015020458,2015,1,3
2015020459,2015,1,2
2015020460,2015,6,2
2015020461,2015,3,4
2015020462,2015,0,3
2015020463,2015,5,1
2015020464,2015,2,1
2015020465,2015,3,0
2015020466,2015,3,0
2015020467,2015,1,5
2015020468,2015,2,0
2015020469,2015,4,5
2015020470,2015,0,3
2015020471,2015,2,1
2015020472,2015,5,2
2015020473,2015,4,0
2015020474,2015,1,3
2015020475,2015,2,1
2015020476,2015,5,7
2015020477,2015,2,6
2015020478,2015,5,3
2015020479,2015,0,2
2015020480,2015,4,2
2015020481,2015,3,4
2015020482,2015,5,2
2015020483,2015,2,3
2015020484,2015,3,2
2015020485,2015,5,0
2015020486,2015,1,2
2015020487,2015,1,2
2015020488,2015,3,2
2015020489,2015,6,2
2015020490,2015,3,2
2015020491,2015,1,0
2015020492,2015,5,1
2015020493,2015,5,4
2015020494,2015,2,1
2015020495,2015,5,2
2015020496,2015,4,2
2015020497,2015,3,7
2015020498,2015,4,3
2015020499,2015,5,2
2015020500,2015,4,3
2015020501,2015,5,2
2015020502,2015,1,2
2015020503,2015,5,1
2015020504,2015,3,6
2015020505,2015,4,7
2015020506,2015,3,1
2015020507,2015,0,2
2015020508,2015,3,2
2015020509,2015,3,4
2015020510,2015,1,2
2015020511,2015,2,1
2015020512,2015,2,1
2015020513,2015,4,0
2015020514,2015,4,1
2015020515,2015,3,2
2015020516,2015,3,5
2015020517,2015,3,6
2015020518,2015,5,2
2015020519,2015,3,1
2015020520,2015,3,1
2015020521,2015,3,2
2015020522,2015,2,3
2015020523,2015,1,3
2015020524,2015,3,4
2015020525,2015,2,1
2015020526,2015,3,1
2015020527,2015,3,2
2015020528,2015,1,3
2015020529,2015,3,0
2015020530,2015,1,2
2015020531,2015,1,0
2015020532,2015,1,2
2015020533,2015,4,2
2015020534,2015,5,3
2015020535,2015,0,2
2015020536,2015,3,4
2015020537,2015,5,3
2015020538,2015,3,1
2015020539,2015,0,5
2015020540,2015,3,6
2015020541,2015,7,3
2015020542,2015,3,6
2015020543,2015,3,2
2015020544,2015,6,3
2015020545,2015,3,1
2015020546,2015,4,3
2015020547,2015,4,1
2015020548,2015,0,1
2015020549,2015,2,5
2015020550,2015,5,7
2015020551,2015,2,3
2015020552,2015,5,2
2015020553,2015,0,3
2015020554,2015,2,5
2015020555,2015,4,2
2015020556,2015,1,2
2015020557,2015,2,5
2015020558,2015,4,2
2015020559,2015,1,3
2015020560,2015,3,4
2015020561,2015,5,1
2015020562,2015,1,4
2015020563,2015,0,1
2015020564,2015,4,2
2015020565,2015,1,5
2015020566,2015,2,1
2015020567,2015,3,4
2015020568,2015,4,3
2015020569,2015,2,1
2015020570,2015,4,1
2015020571,2015,3,2
2015020572,2015,3,0
2015020573,2015,3,2
2015020574,2015,5,2
2015020575,2015,1,2
2015020576,2015,5,4
2015020577,2015,0,4
2015020578,2015,1,4
2015020579,2015,6,5
2015020580,2015,2,1
2015020581,2015,3,0
2015020582,2015,4,1
2015020583,2015,0,1
2015020584,2015,2,3
2015020585,2015,4,1
2015020586,2015,1,0
2015020587,2015,2,3
2015020588,2015,2,3
2015020589,2015,1,5
2015020590,2015,6,2
2015020591,2015,4,3
2015020592,2015,2,3
2015020593,2015,2,4
2015020594,2015,1,4
2015020595,2015,3,1
2015020596,2015,2,1
2015020597,2015,3,1
2015020598,2015,4,3
2015020599,2015,3,2
2015020600,2015,0,4
2015020601,2015,1,4
2015020602,2015,2,3
2015020603,2015,3,4
2015020604,2015,2,1
2015020605,2015,1,2
2015020606,2015,2,1
2015020607,2015,1,2
2015020608,2015,1,4
2015020609,2015,4,1
2015020610,2015,3,1
2015020611,2015,5,3
2015020612,2015,2,3
2015020613,2015,4,3
2015020614,2015,3,4
2015020615,2015,4,0
2015020616,2015,1,3
2015020617,2015,2,1
2015020618,2015,3,4
2015020619,2015,7,0
2015020620,2015,1,2
2015020621,2015,4,0
2015020622,2015,2,3
2015020623,2015,1,2
2015020624,2015,2,4
2015020625,2015,7,1
2015020626,2015,6,3
2015020627,2015,1,2
2015020628,2015,1,2
2015020629,2015,1,2
2015020630,2015,2,1
2015020631,2015,4,5
2015020632,2015,3,2
2015020633,2015,4,2
2015020634,2015,5,2
2015020635,2015,3,2
2015020636,2015,5,2
2015020637,2015,2,3
2015020638,2015,1,4
2015020639,2015,3,2
2015020640,2015,0,4
2015020641,2015,4,3
2015020642,2015,1,3
2015020643,2015,3,2
2015020644,2015,6,0
2015020645,2015,4,1
2015020646,2015,3,1
2015020647,2015,4,1
2015020648,2015,1,2
2015020649,2015,1,4
2015020650,2015,5,4
2015020651,2015,3,0
2015020652,2015,2,3
2015020653,2015,2,1
2015020654,2015,1,4
2015020655,2015,1,4
2015020656,2015,2,3
2015020657,2015,5,4
2015020658,2015,0,1
2015020659,2015,4,2
2015020660,2015,2,3
2015020661,2015,3,5
2015020662,2015,3,2
2015020663,2015,4,1
2015020664,2015,2,1
2015020665,2015,4,3
2015020666,2015,3,0
2015020667,2015,0,2
2015020668,2015,2,1
2015020669,2015,4,3
2015020670,2015,5,0
2015020671,2015,1,2
2015020672,2015,3,1
2015020673,2015,5,2
2015020674,2015,5,2
2015020675,2015,1,2
2015020676,2015,2,3
2015020677,2015,2,4
2015020678,2015,5,2
2015020679,2015,1,2
2015020680,2015,1,2
2015020681,2015,3,4
2015020682,2015,4,2
2015020683,2015,3,2
2015020684,2015,2,3
2015020685,2015,3,6
2015020686,2015,1,4
2015020687,2015,6,4
2015020688,2015,1,4
2015020689,2015,3,2
2015020690,2015,1,2
2015020691,2015,2,1
2015020692,2015,3,1
2015020693,2015,2,4
2015020694,2015,6,3
2015020695,2015,4,3
2015020696,2015,2,4
2015020697,2015,0,1
2015020698,2015,2,1
2015020699,2015,1,4
2015020700,2015,3,2
2015020701,2015,1,3
2015020702,2015,0,3
2015020703,2015,0,3
2015020704,2015,0,2
2015020705,2015,1,4
2015020706,2015,2,5
2015020707,2015,4,0
2015020708,2015,2,1
2015020709,2015,5,4
2015020710,2015,4,3
2015020711,2015,3,2
2015020712,2015,2,3
2015020713,2015,3,4
2015020714,2015,5,2
2015020715,2015,1,3
2015020716,2015,2,5
2015020717,2015,1,3
2015020718,2015,3,2
2015020719,2015,1,4
2015020720,2015,3,2
2015020721,2015,3,0
2015020722,2015,5,2
2015020723,2015,2,0
2015020724,2015,2,3
2015020725,2015,2,4
2015020726,2015,6,3
2015020727,2015,2,3
2015020728,2015,5,2
2015020729,2015,2,1
2015020730,2015,1,2
2015020731,2015,2,6
2015020732,2015,2,0
2015020733,2015,5,0
2015020734,2015,2,5
2015020735,2015,2,3
2015020736,2015,5,1
2015020737,2015,5,2
2015020738,2015,1,2
2015020739,2015,6,1
2015020740,2015,1,0
2015020741,2015,3,4
2015020742,2015,1,2
2015020743,2015,3,4
2015020744,2015,3,4
2015020745,2015,3,2
2015020746,2015,5,3
2015020747,2015,4,2
2015020748,2015,6,5
2015020749,2015,2,5
2015020750,2015,0,1
2015020751,2015,3,5
2015020752,2015,1,2
2015020753,2015,5,1
2015020754,2015,2,6
2015020755,2015,3,2
2015020756,2015,2,4
2015020757,2015,3,1
2015020758,2015,4,1
2015020759,2015,2,3
2015020760,2015,4,2
2015020761,2015,3,2
2015020762,2015,3,2
2015020763,2015,2,7
2015020764,2015,6,3
2015020765,2015,1,3
2015020766,2015,3,6
2015020767,2015,3,4
2015020768,2015,4,5
2015020769,2015,1,2
2015020770,2015,2,4
2015020771,2015,6,3
2015020772,2015,3,5
2015020773,2015,1,2
2015020774,2015,5,2
2015020775,2015,2,3
2015020776,2015,2,3
2015020777,2015,5,1
2015020778,2015,5,1
2015020779,2015,2,1
2015020780,2015,6,1
2015020781,2015,2,3
2015020782,2015,4,1
2015020783,2015,6,2
2015020784,2015,1,5
2015020785,2015,2,4
2015020786,2015,1,4
2015020787,2015,3,2
2015020788,2015,2,1
2015020789,2015,8,1
2015020790,2015,2,1
2015020791,2015,6,2
2015020792,2015,5,1
2015020793,2015,3,0
2015020794,2015,2,9
2015020795,2015,4,7
2015020796,2015,2,1
2015020797,2015,1,4
2015020798,2015,2,3
2015020799,2015,4,2
2015020800,2015,1,2
2015020801,2015,3,5
2015020802,2015,3,4
2015020803,2015,0,2
2015020804,2015,1,3
2015020805,2015,4,3
2015020806,2015,3,1
2015020807,2015,0,3
2015020808,2015,1,2
2015020809,2015,5,2
2015020810,2015,5,1
2015020811,2015,4,3
2015020812,2015,3,4
2015020813,2015,3,4
2015020814,2015,2,6
2015020815,2015,2,4
2015020816,2015,5,2
2015020817,2015,5,6
2015020818,2015,6,4
2015020819,2015,4,5
2015020820,2015,1,2
2015020821,2015,2,3
2015020822,2015,4,3
2015020823,2015,3,5
2015020824,2015,4,1
2015020825,2015,1,2
2015020826,2015,2,4
2015020827,2015,0,5
2015020828,2015,6,3
2015020829,2015,4,2
2015020830,2015,2,5
2015020831,2015,4,3
2015020832,2015,2,3
2015020833,2015,1,2
2015020834,2015,4,1
2015020835,2015,4,1
2015020836,2015,1,0
2015020837,2015,6,5
2015020838,2015,1,2
2015020839,2015,3,1
2015020840,2015,4,1
2015020841,2015,4,6
2015020842,2015,2,1
2015020843,2015,2,3
2015020844,2015,7,2
2015020845,2015,6,2
2015020846,2015,2,5
2015020847,2015,3,6
2015020848,2015,3,1
2015020849,2015,2,1
2015020850,2015,1,2
2015020851,2015,2,1
2015020852,2015,2,4
2015020853,2015,2,1
2015020854,2015,3,5
2015020855,2015,3,5
2015020856,2015,3,2
2015020857,2015,3,5
2015020858,2015,2,3
2015020859,2015,6,3
2015020860,2015,2,4
2015020861,2015,4,2
2015020862,2015,6,5
2015020863,2015,1,2
2015020864,2015,2,1
2015020865,2015,2,0
2015020866,2015,2,5
2015020867,2015,6,3
2015020868,2015,2,5
2015020869,2015,0,1
2015020870,2015,5,2
2015020871,2015,0,4
2015020872,2015,3,2
2015020873,2015,5,2
2015020874,2015,2,4
2015020875,2015,4,5
2015020876,2015,3,2
2015020877,2015,3,1
2015020878,2015,4,3
2015020879,2015,1,2
2015020880,2015,3,7
2015020881,2015,4,6
2015020882,2015,2,3
2015020883,2015,3,4
2015020884,2015,6,1
2015020885,2015,1,0
2015020886,2015,2,4
2015020887,2015,5,2
2015020888,2015,5,1
2015020889,2015,4,6
2015020890,2015,3,2
2015020891,2015,1,2
2015020892,2015,3,6
2015020893,2015,5,2
2015020894,2015,3,1
2015020895,2015,2,3
2015020896,2015,2,1
2015020897,2015,2,1
2015020898,2015,1,4
2015020899,2015,3,5
2015020900,2015,1,4
2015020901,2015,2,1
2015020902,2015,3,4
2015020903,2015,5,1
2015020904,2015,4,3
2015020905,2015,1,0
2015020906,2015,3,2
2015020907,2015,6,1
2015020908,2015,3,1
2015020909,2015,3,2
2015020910,2015,1,2
2015020911,2015,1,3
2015020912,2015,3,6
2015020913,2015,1,2
2015020914,2015,5,3
2015020915,2015,2,1
2015020916,2015,0,4
2015020917,2015,3,2
2015020918,2015,1,4
2015020919,2015,2,1
2015020920,2015,1,3
2015020921,2015,4,2
2015020922,2015,4,1
2015020923,2015,4,3
2015020924,2015,5,0
2015020925,2015,2,3
2015020926,2015,4,1
2015020927,2015,3,5
2015020928,2015,4,6
2015020929,2015,2,0
2015020930,2015,3,2
2015020931,2015,2,5
2015020932,2015,3,1
2015020933,2015,1,4
2015020934,2015,1,4
2015020935,2015,4,2
2015020936,2015,3,1
2015020937,2015,2,1
2015020938,2015,5,3
2015020939,2015,6,0
2015020940,2015,1,2
2015020941,2015,2,3
2015020942,2015,6,2
2015020943,2015,2,1
2015020944,2015,1,2
2015020945,2015,1,3
2015020946,2015,3,4
2015020947,2015,5,3
2015020948,2015,6,3
2015020949,2015,2,3
2015020950,2015,2,3
2015020951,2015,3,2
2015020952,2015,2,5
2015020953,2015,3,2
2015020954,2015,4,2
2015020955,2015,6,3
2015020956,2015,0,4
2015020957,2015,4,1
2015020958,2015,1,2
2015020959,2015,1,4
2015020960,2015,4,5
2015020961,2015,3,4
2015020962,2015,3,2
2015020963,2015,1,5
2015020964,2015,2,3
2015020965,2015,3,2
2015020966,2015,2,3
2015020967,2015,6,3
2015020968,2015,4,2
2015020969,2015,2,3
2015020970,2015,2,4
2015020971,2015,2,5
2015020972,2015,2,3
2015020973,2015,1,2
2015020974,2015,2,3
2015020975,2015,4,3
2015020976,2015,6,0
2015020977,2015,4,2
2015020978,2015,5,1
2015020979,2015,2,4
2015020980,2015,1,2
2015020981,2015,1,6
2015020982,2015,4,6
2015020983,2015,4,1
2015020984,2015,1,2
2015020985,2015,2,4
2015020986,2015,4,2
2015020987,2015,3,4
2015020988,2015,4,5
2015020989,2015,3,1
2015020990,2015,1,2
2015020991,2015,1,2
2015020992,2015,5,1
2015020993,2015,2,4
2015020994,2015,2,1
2015020995,2015,4,3
2015020996,2015,5,3
2015020997,2015,4,3
2015020998,2015,0,1
2015020999,2015,2,4
2015021000,2015,0,3
2015021001,2015,4,3
2015021002,2015,3,2
2015021003,2015,3,2
2015021004,2015,3,0
2015021005,2015,3,2
2015021006,2015,4,3
2015021007,2015,2,3
2015021008,2015,3,2
2015021009,2015,3,2
2015021010,2015,6,2
2015021011,2015,1,2
2015021012,2015,0,3
2015021013,2015,2,3
2015021014,2015,1,3
2015021015,2015,5,2
2015021016,2015,5,2
2015021017,2015,1,4
2015021018,2015,3,1
2015021019,2015,3,2
2015021020,2015,3,2
2015021021,2015,1,4
2015021022,2015,4,0
2015021023,2015,5,4
2015021024,2015,3,2
2015021025,2015,4,5
2015021026,2015,0,4
2015021027,2015,4,2
2015021028,2015,1,2
2015021029,2015,5,2
2015021030,2015,3,5
2015021031,2015,0,4
2015021032,2015,0,1
2015021033,2015,3,2
2015021034,2015,0,5
2015021035,2015,7,4
2015021036,2015,2,3
2015021037,2015,2,5
2015021038,2015,7,1
2015021039,2015,4,3
2015021040,2015,2,1
2015021041,2015,2,1
2015021042,2015,4,1
2015021043,2015,1,4
2015021044,2015,3,2
2015021045,2015,2,5
2015021046,2015,3,2
2015021047,2015,2,3
2015021048,2015,2,3
2015021049,2015,6,4
2015021050,2015,4,1
2015021051,2015,1,3
2015021052,2015,1,2
2015021053,2015,7,4
2015021054,2015,4,2
2015021055,2015,1,3
2015021056,2015,1,4
2015021057,2015,4,2
2015021058,2015,4,3
2015021059,2015,3,1
2015021060,2015,4,3
2015021061,2015,3,1
2015021062,2015,4,1
2015021063,2015,0,4
2015021064,2015,3,4
2015021065,2015,2,0
2015021066,2015,4,0
2015021067,2015,1,4
2015021068,2015,3,2
2015021069,2015,4,1
2015021070,2015,4,1
2015021071,2015,5,0
2015021072,2015,3,5
2015021073,2015,6,3
2015021074,2015,3,0
2015021075,2015,0,3
2015021076,2015,0,2
2015021077,2015,2,1
2015021078,2015,2,3
2015021079,2015,2,1
2015021080,2015,6,2
2015021081,2015,1,4
2015021082,2015,2,3
2015021083,2015,2,3
2015021084,2015,3,0
2015021085,2015,1,4
2015021086,2015,4,2
2015021087,2015,5,2
2015021088,2015,5,2
2015021089,2015,2,3
2015021090,2015,3,2
2015021091,2015,4,3
2015021092,2015,2,4
2015021093,2015,6,2
2015021094,2015,2,1
2015021095,2015,2,0
2015021096,2015,2,6
2015021097,2015,4,2
2015021098,2015,0,1
2015021099,2015,3,1
2015021100,2015,5,2
2015021101,2015,1,4
2015021102,2015,0,3
2015021103,2015,2,3
2015021104,2015,6,5
2015021105,2015,4,3
2015021106,2015,3,2
2015021107,2015,6,2
2015021108,2015,4,1
2015021109,2015,2,4
2015021110,2015,3,1
2015021111,2015,3,6
2015021112,2015,0,1
2015021113,2015,7,4
2015021114,2015,4,0
2015021115,2015,2,7
2015021116,2015,3,2
2015021117,2015,0,4
2015021118,2015,2,4
2015021119,2015,1,3
2015021120,2015,2,5
2015021121,2015,3,4
2015021122,2015,2,5
2015021123,2015,0,4
2015021124,2015,3,4
2015021125,2015,5,1
2015021126,2015,1,4
2015021127,2015,2,1
2015021128,2015,6,4
2015021129,2015,3,2
2015021130,2015,2,3
2015021131,2015,2,3
2015021132,2015,3,2
2015021133,2015,4,1
2015021134,2015,3,2
2015021135,2015,3,0
2015021136,2015,3,4
2015021137,2015,1,2
2015021138,2015,2,5
2015021139,2015,5,2
2015021140,2015,2,1
2015021141,2015,2,1
2015021142,2015,5,4
2015021143,2015,4,3
2015021144,2015,2,5
2015021145,2015,3,1
2015021146,2015,4,1
2015021147,2015,5,2
2015021148,2015,1,4
2015021149,2015,1,2
2015021150,2015,2,1
2015021151,2015,8,3
2015021152,2015,4,1
2015021153,2015,4,3
2015021154,2015,5,2
2015021155,2015,4,3
2015021156,2015,0,3
2015021157,2015,3,2
2015021158,2015,2,3
2015021159,2015,4,1
2015021160,2015,3,0
2015021161,2015,2,4
2015021162,2015,3,2
2015021163,2015,5,6
2015021164,2015,4,5
2015021165,2015,2,4
2015021166,2015,2,3
2015021167,2015,0,5
2015021168,2015,3,2
2015021169,2015,2,3
2015021170,2015,2,3
2015021171,2015,3,1
2015021172,2015,4,3
2015021173,2015,3,4
2015021174,2015,1,5
2015021175,2015,2,3
2015021176,2015,0,5
2015021177,2015,3,0
2015021178,2015,6,4
2015021179,2015,6,2
2015021180,2015,5,1
2015021181,2015,1,5
2015021182,2015,3,1
2015021183,2015,5,2
2015021184,2015,2,4
2015021185,2015,3,4
2015021186,2015,5,2
2015021187,2015,3,2
2015021188,2015,1,2
2015021189,2015,1,3
2015021190,2015,3,2
2015021191,2015,3,4
2015021192,2015,1,4
2015021193,2015,3,5
2015021194,2015,4,3
2015021195,2015,0,3
2015021196,2015,6,2
2015021197,2015,4,5
2015021198,2015,1,2
2015021199,2015,1,5
2015021200,2015,3,0
2015021201,2015,6,2
2015021202,2015,5,2
2015021203,2015,2,4
2015021204,2015,1,4
2015021205,2015,3,4
2015021206,2015,3,4
2015021207,2015,2,4
2015021208,2015,3,1
2015021209,2015,3,2
2015021210,2015,1,2
2015021211,2015,4,2
2015021212,2015,7,3
2015021213,2015,2,1
2015021214,2015,4,5
2015021215,2015,1,4
2015021216,2015,1,6
2015021217,2015,3,2
2015021218,2015,3,1
2015021219,2015,3,5
2015021220,2015,5,2
2015021221,2015,5,2
2015021222,2015,5,1
2015021223,2015,5,4
2015021224,2015,1,2
2015021225,2015,3,4
2015021226,2015,1,5
2015021227,2015,3,2
2015021228,2015,4,3
2015021229,2015,3,4
2015021230,2015,1,0
2015030111,2015,4,5
2015030112,2015,3,1
2015030113,2015,4,3
2015030114,2015,1,2
2015030115,2015,1,2
2015030116,2015,2,1
2015030121,2015,3,2
2015030122,2015,5,2
2015030123,2015,2,0
2015030124,2015,2,3
2015030125,2015,1,0
2015030131,2015,2,0
2015030132,2015,4,1
2015030133,2015,1,6
2015030134,2015,2,1
2015030135,2015,0,2
2015030136,2015,0,1
2015030141,2015,5,2
2015030142,2015,2,4
2015030143,2015,1,3
2015030144,2015,0,5
2015030145,2015,6,3
2015030151,2015,4,0
2015030152,2015,2,1
2015030153,2015,5,3
2015030154,2015,2,3
2015030155,2015,4,5
2015030156,2015,4,5
2015030161,2015,1,0
2015030162,2015,2,3
2015030163,2015,2,3
2015030164,2015,3,4
2015030165,2015,3,4
2015030166,2015,6,3
2015030167,2015,3,2
2015030171,2015,2,3
2015030172,2015,2,3
2015030173,2015,0,3
2015030174,2015,1,4
2015030175,2015,5,2
2015030176,2015,3,1
2015030177,2015,1,2
2015030181,2015,3,4
2015030182,2015,1,2
2015030183,2015,1,2
2015030184,2015,3,2
2015030185,2015,3,6
2015030211,2015,3,5
2015030212,2015,4,1
2015030213,2015,4,5
2015030214,2015,1,2
2015030215,2015,4,0
2015030221,2015,4,3
2015030222,2015,1,2
2015030223,2015,3,2
2015030224,2015,3,2
2015030225,2015,3,1
2015030226,2015,4,3
2015030231,2015,2,1
2015030232,2015,3,4
2015030233,2015,6,1
2015030234,2015,2,3
2015030235,2015,1,4
2015030236,2015,2,3
2015030237,2015,1,6
2015030241,2015,5,2
2015030242,2015,3,2
2015030243,2015,4,1
2015030244,2015,4,3
2015030245,2015,5,1
2015030246,2015,4,3
2015030247,2015,5,0
2015030311,2015,1,3
2015030312,2015,3,2
2015030313,2015,2,4
2015030314,2015,4,3
2015030315,2015,3,4
2015030316,2015,2,5
2015030317,2015,2,1
2015030321,2015,2,1
2015030322,2015,0,4
2015030323,2015,3,0
2015030324,2015,3,6
2015030325,2015,3,6
2015030326,2015,5,2
2015030411,2015,3,2
2015030412,2015,2,1
2015030413,2015,3,2
2015030414,2015,1,3
2015030415,2015,2,4
2015030416,2015,1,3
2016020001,2016,5,4
2016020002,2016,2,5
2016020003,2016,7,4
2016020004,2016,2,1
2016020005,2016,1,4
2016020006,2016,5,3
2016020007,2016,3,2
2016020008,2016,3,6
2016020009,2016,6,4
2016020010,2016,2,1
2016020011,2016,3,2
2016020012,2016,5,4
2016020013,2016,4,2
2016020014,2016,3,2
2016020015,2016,3,5
2016020016,2016,2,4
2016020017,2016,4,1
2016020018,2016,4,3
2016020019,2016,3,2
2016020020,2016,4,1
2016020021,2016,3,2
2016020022,2016,2,1
2016020023,2016,2,3
2016020024,2016,4,3
2016020025,2016,3,2
2016020026,2016,5,3
2016020027,2016,6,5
2016020028,2016,4,3
2016020029,2016,2,1
2016020030,2016,3,2
2016020031,2016,2,6
2016020032,2016,4,3
2016020033,2016,7,4
2016020034,2016,3,4
2016020035,2016,5,1
2016020036,2016,1,4
2016020037,2016,2,1
2016020038,2016,2,3
2016020039,2016,3,0
2016020040,2016,4,0
2016020041,2016,7,4
2016020042,2016,4,3
2016020043,2016,1,2
2016020044,2016,6,3
2016020045,2016,7,4
2016020046,2016,4,3
2016020047,2016,3,2
2016020048,2016,2,1
2016020049,2016,1,2
2016020050,2016,5,4
2016020051,2016,2,1
2016020052,2016,2,3
2016020053,2016,3,2
2016020054,2016,5,2
2016020055,2016,0,4
2016020056,2016,2,4
2016020057,2016,3,2
2016020058,2016,3,4
2016020059,2016,2,4
2016020060,2016,3,1
2016020061,2016,2,1
2016020062,2016,3,2
2016020063,2016,3,2
2016020064,2016,5,3
2016020065,2016,2,4
2016020066,2016,1,4
2016020067,2016,3,0
2016020068,2016,5,2
2016020069,2016,2,1
2016020070,2016,6,3
2016020071,2016,2,4
2016020072,2016,5,4
2016020073,2016,5,1
2016020074,2016,0,3
2016020075,2016,4,6
2016020076,2016,4,3
2016020077,2016,0,3
2016020078,2016,6,3
2016020079,2016,3,2
2016020080,2016,4,2
2016020081,2016,3,1
2016020082,2016,2,3
2016020083,2016,0,5
2016020084,2016,5,3
2016020085,2016,4,3
2016020086,2016,3,2
2016020087,2016,3,7
2016020088,2016,4,2
2016020089,2016,1,4
2016020090,2016,3,2
2016020091,2016,0,3
2016020092,2016,3,2
2016020093,2016,2,1
2016020094,2016,2,3
2016020095,2016,5,2
2016020096,2016,4,1
2016020097,2016,6,1
2016020098,2016,0,4
2016020099,2016,4,5
2016020100,2016,4,2
2016020101,2016,3,2
2016020102,2016,3,1
2016020103,2016,1,2
2016020104,2016,4,1
2016020105,2016,3,2
2016020106,2016,3,1
2016020107,2016,2,3
2016020108,2016,3,2
2016020109,2016,0,1
2016020110,2016,5,2
2016020111,2016,0,2
2016020112,2016,0,4
2016020113,2016,3,0
2016020114,2016,2,1
2016020115,2016,0,1
2016020116,2016,3,1
2016020117,2016,4,5
2016020118,2016,1,0
2016020119,2016,4,0
2016020120,2016,2,3
2016020121,2016,2,5
2016020122,2016,4,1
2016020123,2016,1,3
2016020124,2016,2,5
2016020125,2016,3,4
2016020126,2016,5,1
2016020127,2016,6,1
2016020128,2016,3,0
2016020129,2016,0,2
2016020130,2016,1,3
2016020131,2016,1,6
2016020132,2016,5,0
2016020133,2016,3,2
2016020134,2016,3,2
2016020135,2016,2,1
2016020136,2016,1,2
2016020137,2016,1,2
2016020138,2016,2,3
2016020139,2016,5,1
2016020140,2016,1,5
2016020141,2016,3,2
2016020142,2016,0,4
2016020143,2016,3,0
2016020144,2016,4,3
2016020145,2016,1,5
2016020146,2016,1,2
2016020147,2016,2,3
2016020148,2016,5,3
2016020149,2016,4,3
2016020150,2016,1,0
2016020151,2016,3,4
2016020152,2016,4,3
2016020153,2016,4,0
2016020154,2016,6,2
2016020155,2016,3,2
2016020156,2016,3,2
2016020157,2016,2,3
2016020158,2016,10,0
2016020159,2016,3,5
2016020160,2016,5,1
2016020161,2016,1,0
2016020162,2016,2,5
2016020163,2016,6,3
2016020164,2016,5,4
2016020165,2016,1,2
2016020166,2016,4,1
2016020167,2016,3,4
2016020168,2016,4,2
2016020169,2016,2,1
2016020170,2016,2,3
2016020171,2016,2,3
2016020172,2016,5,0
2016020173,2016,0,5
2016020174,2016,1,2
2016020175,2016,5,1
2016020176,2016,1,4
2016020177,2016,5,2
2016020178,2016,4,3
2016020179,2016,4,1
2016020180,2016,4,0
2016020181,2016,4,2
2016020182,2016,3,1
2016020183,2016,3,2
2016020184,2016,3,5
2016020185,2016,2,3
2016020186,2016,4,3
2016020187,2016,0,3
2016020188,2016,0,7
2016020189,2016,3,2
2016020190,2016,3,1
2016020191,2016,8,2
2016020192,2016,2,4
2016020193,2016,3,2
2016020194,2016,1,2
2016020195,2016,1,2
2016020196,2016,5,2
2016020197,2016,2,4
2016020198,2016,2,4
2016020199,2016,4,1
2016020200,2016,3,1
2016020201,2016,4,1
2016020202,2016,2,4
2016020203,2016,3,1
2016020204,2016,2,4
2016020205,2016,2,3
2016020206,2016,1,2
2016020207,2016,6,3
2016020208,2016,2,1
2016020209,2016,2,3
2016020210,2016,3,2
2016020211,2016,2,3
2016020212,2016,5,0
2016020213,2016,1,3
2016020214,2016,3,2
2016020215,2016,4,2
2016020216,2016,3,2
2016020217,2016,4,1
2016020218,2016,5,1
2016020219,2016,8,4
2016020220,2016,5,0
2016020221,2016,1,2
2016020222,2016,1,4
2016020223,2016,3,2
2016020224,2016,5,4
2016020225,2016,1,2
2016020226,2016,3,2
2016020227,2016,0,2
2016020228,2016,1,3
2016020229,2016,0,4
2016020230,2016,2,3
2016020231,2016,1,0
2016020232,2016,2,1
2016020233,2016,6,2
2016020234,2016,3,4
2016020235,2016,3,4
2016020236,2016,4,1
2016020237,2016,0,1
2016020238,2016,4,0
2016020239,2016,1,2
2016020240,2016,4,1
2016020241,2016,2,7
2016020242,2016,4,1
2016020243,2016,7,1
2016020244,2016,2,1
2016020245,2016,1,4
2016020246,2016,5,2
2016020247,2016,6,1
2016020248,2016,1,5
2016020249,2016,3,2
2016020250,2016,1,0
2016020251,2016,3,2
2016020252,2016,3,2
2016020253,2016,3,2
2016020254,2016,4,2
2016020255,2016,2,3
2016020256,2016,1,0
2016020257,2016,4,2
2016020258,2016,3,2
2016020259,2016,2,3
2016020260,2016,0,3
2016020261,2016,4,2
2016020262,2016,4,1
2016020263,2016,2,1
2016020264,2016,2,1
2016020265,2016,1,4
2016020266,2016,2,5
2016020267,2016,3,1
2016020268,2016,2,3
2016020269,2016,3,2
2016020270,2016,3,4
2016020271,2016,2,3
2016020272,2016,2,3
2016020273,2016,3,1
2016020274,2016,2,3
2016020275,2016,2,3
2016020276,2016,4,2
2016020277,2016,2,5
2016020278,2016,2,3
2016020279,2016,3,1
2016020280,2016,3,2
2016020281,2016,5,0
2016020282,2016,4,0
2016020283,2016,2,4
2016020284,2016,1,2
2016020285,2016,3,4
2016020286,2016,1,3
2016020287,2016,2,3
2016020288,2016,1,2
2016020289,2016,5,4
2016020290,2016,1,6
2016020291,2016,4,3
2016020292,2016,0,2
2016020293,2016,3,1
2016020294,2016,4,2
2016020295,2016,5,2
2016020296,2016,3,6
2016020297,2016,1,4
2016020298,2016,4,2
2016020299,2016,2,1
2016020300,2016,2,1
2016020301,2016,3,1
2016020302,2016,2,3
2016020303,2016,6,2
2016020304,2016,2,3
2016020305,2016,3,2
2016020306,2016,3,1
2016020307,2016,5,1
2016020308,2016,1,2
2016020309,2016,3,5
2016020310,2016,4,5
2016020311,2016,2,1
2016020312,2016,3,2
2016020313,2016,4,2
2016020314,2016,2,1
2016020315,2016,1,2
2016020316,2016,2,1
2016020317,2016,4,3
2016020318,2016,4,3
2016020319,2016,2,3
2016020320,2016,2,1
2016020321,2016,2,3
2016020322,2016,4,1
2016020323,2016,1,2
2016020324,2016,3,2
2016020325,2016,3,0
2016020326,2016,0,2
2016020327,2016,5,3
2016020328,2016,2,1
2016020329,2016,4,3
2016020330,2016,3,2
2016020331,2016,3,2
2016020332,2016,5,1
2016020333,2016,4,5
2016020334,2016,3,1
2016020335,2016,3,2
2016020336,2016,2,1
2016020337,2016,3,5
2016020338,2016,2,4
2016020339,2016,5,4
2016020340,2016,2,1
2016020341,2016,2,1
2016020342,2016,5,3
2016020343,2016,3,0
2016020344,2016,1,4
2016020345,2016,2,1
2016020346,2016,4,3
2016020347,2016,6,2
2016020348,2016,0,3
2016020349,2016,2,3
2016020350,2016,1,2
2016020351,2016,5,4
2016020352,2016,3,6
2016020353,2016,4,3
2016020354,2016,2,3
2016020355,2016,3,4
2016020356,2016,1,3
2016020357,2016,3,2
2016020358,2016,2,1
2016020359,2016,1,2
2016020360,2016,4,2
2016020361,2016,3,1
2016020362,2016,4,5
2016020363,2016,2,0
2016020364,2016,2,1
2016020365,2016,5,3
2016020366,2016,2,3
2016020367,2016,3,2
2016020368,2016,2,3
2016020369,2016,0,3
2016020370,2016,3,2
2016020371,2016,1,0
2016020372,2016,3,4
2016020373,2016,2,4
2016020374,2016,1,2
2016020375,2016,8,3
2016020376,2016,1,2
2016020377,2016,4,5
2016020378,2016,4,3
2016020379,2016,8,5
2016020380,2016,3,2
2016020381,2016,4,1
2016020382,2016,4,3
2016020383,2016,3,2
2016020384,2016,4,2
2016020385,2016,3,2
2016020386,2016,3,2
2016020387,2016,4,3
2016020388,2016,3,4
2016020389,2016,4,0
2016020390,2016,1,2
2016020391,2016,2,3
2016020392,2016,4,3
2016020393,2016,6,5
2016020394,2016,2,4
2016020395,2016,2,4
2016020396,2016,3,2
2016020397,2016,6,5
2016020398,2016,5,2
2016020399,2016,1,5
2016020400,2016,1,5
2016020401,2016,1,2
2016020402,2016,5,2
2016020403,2016,1,2
2016020404,2016,1,3
2016020405,2016,1,4
2016020406,2016,1,4
2016020407,2016,1,4
2016020408,2016,3,2
2016020409,2016,0,1
2016020410,2016,3,2
2016020411,2016,4,2
2016020412,2016,4,1
2016020413,2016,1,4
2016020414,2016,10,1
2016020415,2016,3,4
2016020416,2016,4,2
2016020417,2016,6,2
2016020418,2016,4,1
2016020419,2016,6,2
2016020420,2016,4,3
2016020421,2016,5,1
2016020422,2016,0,1
2016020423,2016,3,0
2016020424,2016,3,1
2016020425,2016,1,3
2016020426,2016,5,0
2016020427,2016,3,1
2016020428,2016,3,2
2016020429,2016,7,0
2016020430,2016,1,2
2016020431,2016,6,3
2016020432,2016,2,4
2016020433,2016,1,2
2016020434,2016,8,6
2016020435,2016,2,3
2016020436,2016,1,4
2016020437,2016,6,3
2016020438,2016,5,1
2016020439,2016,6,2
2016020440,2016,1,3
2016020441,2016,3,4
2016020442,2016,4,3
2016020443,2016,3,6
2016020444,2016,3,4
2016020445,2016,3,4
2016020446,2016,4,5
2016020447,2016,2,3
2016020448,2016,1,4
2016020449,2016,5,2
2016020450,2016,2,5
2016020451,2016,4,3
2016020452,2016,0,2
2016020453,2016,3,2
2016020454,2016,0,1
2016020455,2016,2,4
2016020456,2016,3,4
2016020457,2016,1,3
2016020458,2016,1,4
2016020459,2016,4,2
2016020460,2016,3,1
2016020461,2016,4,1
2016020462,2016,2,1
2016020463,2016,3,1
2016020464,2016,6,4
2016020465,2016,1,2
2016020466,2016,2,1
2016020467,2016,4,6
2016020468,2016,1,2
2016020469,2016,3,2
2016020470,2016,1,0
2016020471,2016,4,1
2016020472,2016,3,4
2016020473,2016,2,6
2016020474,2016,4,1
2016020475,2016,3,2
2016020476,2016,1,2
2016020477,2016,3,4
2016020478,2016,2,3
2016020479,2016,2,3
2016020480,2016,2,4
2016020481,2016,2,4
2016020482,2016,1,5
2016020483,2016,7,2
2016020484,2016,3,2
2016020485,2016,5,1
2016020486,2016,4,1
2016020487,2016,4,3
2016020488,2016,2,0
2016020489,2016,3,4
2016020490,2016,2,3
2016020491,2016,4,1
2016020492,2016,4,1
2016020493,2016,3,2
2016020494,2016,2,3
2016020495,2016,1,3
2016020496,2016,4,0
2016020497,2016,7,1
2016020498,2016,2,4
2016020499,2016,2,1
2016020500,2016,5,2
2016020501,2016,1,3
2016020502,2016,0,4
2016020503,2016,0,6
2016020504,2016,1,4
2016020505,2016,5,1
2016020506,2016,4,7
2016020507,2016,4,1
2016020508,2016,4,0
2016020509,2016,2,1
2016020510,2016,3,4
2016020511,2016,3,2
2016020512,2016,1,2
2016020513,2016,3,2
2016020514,2016,4,1
2016020515,2016,1,4
2016020516,2016,3,2
2016020517,2016,2,5
2016020518,2016,4,3
2016020519,2016,4,3
2016020520,2016,4,3
2016020521,2016,3,4
2016020522,2016,2,3
2016020523,2016,1,3
2016020524,2016,3,6
2016020525,2016,2,3
2016020526,2016,2,3
2016020527,2016,2,3
2016020528,2016,3,2
2016020529,2016,4,3
2016020530,2016,6,3
2016020531,2016,2,1
2016020532,2016,2,4
2016020533,2016,1,2
2016020534,2016,2,3
2016020535,2016,2,3
2016020536,2016,2,3
2016020537,2016,2,3
2016020538,2016,6,4
2016020539,2016,3,5
2016020540,2016,4,2
2016020541,2016,1,3
2016020542,2016,3,1
2016020543,2016,3,6
2016020544,2016,3,2
2016020545,2016,0,4
2016020546,2016,3,2
2016020547,2016,2,0
2016020548,2016,3,1
2016020549,2016,2,6
2016020550,2016,2,4
2016020551,2016,3,1
2016020552,2016,4,3
2016020553,2016,2,6
2016020554,2016,1,3
2016020555,2016,2,6
2016020556,2016,4,2
2016020557,2016,2,3
2016020558,2016,3,2
2016020559,2016,5,4
2016020560,2016,2,1
2016020561,2016,4,3
2016020562,2016,4,1
2016020563,2016,3,0
2016020564,2016,3,2
2016020565,2016,1,4
2016020566,2016,6,5
2016020567,2016,1,3
2016020568,2016,3,1
2016020569,2016,4,6
2016020570,2016,1,2
2016020571,2016,1,2
2016020572,2016,1,4
2016020573,2016,2,5
2016020574,2016,3,4
2016020575,2016,4,1
2016020576,2016,3,0
2016020577,2016,2,0
2016020578,2016,3,4
2016020579,2016,5,0
2016020580,2016,1,6
2016020581,2016,2,4
2016020582,2016,4,3
2016020583,2016,0,4
2016020584,2016,4,5
2016020585,2016,2,1
2016020586,2016,2,4
2016020587,2016,2,1
2016020588,2016,2,1
2016020589,2016,4,2
2016020590,2016,3,2
2016020591,2016,4,3
2016020592,2016,4,2
2016020593,2016,4,3
2016020594,2016,3,5
2016020595,2016,0,1
2016020596,2016,0,4
2016020597,2016,1,2
2016020598,2016,4,5
2016020599,2016,4,3
2016020600,2016,2,1
2016020601,2016,3,1
2016020602,2016,6,3
2016020603,2016,6,2
2016020604,2016,4,3
2016020605,2016,2,1
2016020606,2016,5,3
2016020607,2016,5,2
2016020608,2016,1,2
2016020609,2016,0,3
2016020610,2016,1,4
2016020611,2016,2,0
2016020612,2016,4,6
2016020613,2016,4,1
2016020614,2016,5,3
2016020615,2016,3,5
2016020616,2016,2,1
2016020617,2016,4,3
2016020618,2016,3,5
2016020619,2016,2,0
2016020620,2016,1,2
2016020621,2016,4,7
2016020622,2016,5,2
2016020623,2016,3,2
2016020624,2016,5,4
2016020625,2016,4,1
2016020626,2016,4,2
2016020627,2016,2,1
2016020628,2016,7,1
2016020629,2016,5,2
2016020630,2016,1,4
2016020631,2016,3,2
2016020632,2016,5,1
2016020633,2016,2,4
2016020634,2016,6,0
2016020635,2016,1,3
2016020636,2016,2,5
2016020637,2016,5,2
2016020638,2016,1,2
2016020639,2016,4,3
2016020640,2016,6,3
2016020641,2016,2,3
2016020642,2016,5,4
2016020643,2016,2,4
2016020644,2016,6,3
2016020645,2016,4,3
2016020646,2016,7,4
2016020647,2016,0,3
2016020648,2016,4,5
2016020649,2016,2,1
2016020650,2016,3,2
2016020651,2016,0,4
2016020652,2016,5,0
2016020653,2016,2,3
2016020654,2016,1,2
2016020655,2016,1,2
2016020656,2016,0,4
2016020657,2016,4,1
2016020658,2016,1,0
2016020659,2016,1,2
2016020660,2016,5,2
2016020661,2016,8,7
2016020662,2016,3,1
2016020663,2016,6,7
2016020664,2016,4,1
2016020665,2016,4,3
2016020666,2016,4,6
2016020667,2016,3,4
2016020668,2016,4,6
2016020669,2016,5,2
2016020670,2016,1,0
2016020671,2016,2,1
2016020672,2016,1,4
2016020673,2016,6,3
2016020674,2016,6,5
2016020675,2016,4,3
2016020676,2016,2,3
2016020677,2016,3,0
2016020678,2016,0,2
2016020679,2016,2,5
2016020680,2016,3,7
2016020681,2016,4,3
2016020682,2016,3,4
2016020683,2016,2,1
2016020684,2016,2,1
2016020685,2016,0,1
2016020686,2016,3,2
2016020687,2016,1,7
2016020688,2016,1,3
2016020689,2016,2,3
2016020690,2016,2,1
2016020691,2016,5,3
2016020692,2016,3,2
2016020693,2016,2,3
2016020694,2016,2,3
2016020695,2016,4,2
2016020696,2016,1,4
2016020697,2016,3,4
2016020698,2016,5,3
2016020699,2016,5,3
2016020700,2016,3,7
2016020701,2016,3,2
2016020702,2016,5,1
2016020703,2016,0,1
2016020704,2016,6,7
2016020705,2016,2,3
2016020706,2016,4,2
2016020707,2016,2,4
2016020708,2016,3,2
2016020709,2016,6,1
2016020710,2016,4,0
2016020711,2016,2,3
2016020712,2016,2,5
2016020713,2016,3,2
2016020714,2016,4,3
2016020715,2016,1,3
2016020716,2016,4,2
2016020717,2016,0,3
2016020718,2016,5,1
2016020719,2016,3,0
2016020720,2016,4,5
2016020721,2016,3,4
2016020722,2016,2,5
2016020723,2016,2,3
2016020724,2016,0,4
2016020725,2016,0,2
2016020726,2016,2,3
2016020727,2016,0,4
2016020728,2016,4,3
2016020729,2016,2,5
2016020730,2016,3,1
2016020731,2016,2,1
2016020732,2016,0,3
2016020733,2016,2,3
2016020734,2016,2,1
2016020735,2016,4,3
2016020736,2016,5,1
2016020737,2016,3,5
2016020738,2016,4,3
2016020739,2016,3,0
2016020740,2016,1,4
2016020741,2016,3,2
2016020742,2016,4,6
2016020743,2016,4,2
2016020744,2016,5,1
2016020745,2016,5,2
2016020746,2016,3,4
2016020747,2016,3,4
2016020748,2016,6,5
2016020749,2016,3,5
2016020750,2016,6,3
2016020751,2016,2,5
2016020752,2016,2,3
2016020753,2016,5,1
2016020754,2016,3,1
2016020755,2016,5,3
2016020756,2016,5,1
2016020757,2016,5,0
2016020758,2016,1,2
2016020759,2016,3,1
2016020760,2016,2,5
2016020761,2016,5,1
2016020762,2016,2,0
2016020763,2016,3,4
2016020764,2016,3,4
2016020765,2016,1,4
2016020766,2016,4,3
2016020767,2016,5,4
2016020768,2016,2,1
2016020769,2016,3,4
2016020770,2016,2,1
2016020771,2016,2,3
2016020772,2016,0,1
2016020773,2016,5,2
2016020774,2016,5,6
2016020775,2016,4,0
2016020776,2016,3,2
2016020777,2016,4,5
2016020778,2016,1,5
2016020779,2016,1,4
2016020780,2016,0,1
2016020781,2016,3,5
2016020782,2016,3,6
2016020783,2016,2,3
2016020784,2016,5,0
2016020785,2016,0,1
2016020786,2016,4,3
2016020787,2016,2,1
2016020788,2016,6,5
2016020789,2016,0,2
2016020790,2016,5,4
2016020791,2016,4,1
2016020792,2016,2,3
2016020793,2016,5,0
2016020794,2016,3,1
2016020795,2016,0,6
2016020796,2016,2,3
2016020797,2016,5,0
2016020798,2016,4,2
2016020799,2016,2,4
2016020800,2016,4,0
2016020801,2016,3,4
2016020802,2016,6,3
2016020803,2016,2,5
2016020804,2016,4,3
2016020805,2016,1,3
2016020806,2016,6,3
2016020807,2016,0,3
2016020808,2016,1,2
2016020809,2016,3,2
2016020810,2016,3,6
2016020811,2016,1,4
2016020812,2016,4,5
2016020813,2016,2,1
2016020814,2016,2,5
2016020815,2016,4,3
2016020816,2016,3,0
2016020817,2016,2,1
2016020818,2016,4,7
2016020819,2016,5,2
2016020820,2016,2,1
2016020821,2016,1,3
2016020822,2016,2,4
2016020823,2016,4,2
2016020824,2016,6,4
2016020825,2016,1,4
2016020826,2016,4,3
2016020827,2016,1,5
2016020828,2016,1,4
2016020829,2016,6,3
2016020830,2016,5,1
2016020831,2016,5,3
2016020832,2016,4,0
2016020833,2016,2,4
2016020834,2016,2,3
2016020835,2016,0,5
2016020836,2016,3,2
2016020837,2016,4,0
2016020838,2016,7,1
2016020839,2016,2,3
2016020840,2016,0,1
2016020841,2016,5,2
2016020842,2016,5,2
2016020843,2016,5,2
2016020844,2016,0,2
2016020845,2016,3,1
2016020846,2016,5,6
2016020847,2016,2,0
2016020848,2016,0,3
2016020849,2016,4,2
2016020850,2016,4,3
2016020851,2016,4,3
2016020852,2016,3,1
2016020853,2016,6,3
2016020854,2016,3,5
2016020855,2016,2,1
2016020856,2016,1,2
2016020857,2016,1,4
2016020858,2016,3,2
2016020859,2016,1,3
2016020860,2016,3,2
2016020861,2016,3,6
2016020862,2016,3,2
2016020863,2016,1,3
2016020864,2016,4,3
2016020865,2016,5,2
2016020866,2016,1,4
2016020867,2016,2,1
2016020868,2016,2,3
2016020869,2016,2,1
2016020870,2016,2,5
2016020871,2016,2,3
2016020872,2016,1,5
2016020873,2016,6,4
2016020874,2016,3,4
2016020875,2016,0,4
2016020876,2016,2,3
2016020877,2016,1,2
2016020878,2016,1,0
2016020879,2016,2,3
2016020880,2016,1,2
2016020881,2016,3,2
2016020882,2016,1,2
2016020883,2016,2,3
2016020884,2016,1,3
2016020885,2016,5,4
2016020886,2016,1,3
2016020887,2016,4,1
2016020888,2016,5,6
2016020889,2016,3,5
2016020890,2016,1,2
2016020891,2016,3,4
2016020892,2016,1,4
2016020893,2016,5,3
2016020894,2016,1,2
2016020895,2016,0,3
2016020896,2016,2,3
2016020897,2016,4,2
2016020898,2016,6,3
2016020899,2016,1,4
2016020900,2016,2,1
2016020901,2016,2,4
2016020902,2016,3,0
2016020903,2016,5,2
2016020904,2016,4,1
2016020905,2016,3,4
2016020906,2016,5,2
2016020907,2016,2,3
2016020908,2016,4,2
2016020909,2016,7,0
2016020910,2016,5,3
2016020911,2016,1,4
2016020912,2016,3,6
2016020913,2016,1,3
2016020914,2016,2,5
2016020915,2016,5,4
2016020916,2016,1,2
2016020917,2016,4,2
2016020918,2016,3,2
2016020919,2016,3,4
2016020920,2016,5,1
2016020921,2016,5,4
2016020922,2016,4,1
2016020923,2016,4,5
2016020924,2016,1,4
2016020925,2016,4,0
2016020926,2016,1,0
2016020927,2016,3,2
2016020928,2016,1,2
2016020929,2016,5,6
2016020930,2016,3,2
2016020931,2016,2,1
2016020932,2016,2,3
2016020933,2016,3,1
2016020934,2016,4,3
2016020935,2016,4,1
2016020936,2016,1,2
2016020937,2016,6,3
2016020938,2016,2,1
2016020939,2016,1,0
2016020940,2016,1,0
2016020941,2016,2,1
2016020942,2016,2,1
2016020943,2016,4,5
2016020944,2016,3,2
2016020945,2016,3,1
2016020946,2016,5,2
2016020947,2016,2,4
2016020948,2016,3,0
2016020949,2016,2,1
2016020950,2016,3,2
2016020951,2016,5,2
2016020952,2016,3,2
2016020953,2016,1,2
2016020954,2016,3,2
2016020955,2016,1,2
2016020956,2016,1,4
2016020957,2016,2,1
2016020958,2016,6,1
2016020959,2016,3,5
2016020960,2016,4,3
2016020961,2016,3,4
2016020962,2016,5,2
2016020963,2016,0,3
2016020964,2016,4,3
2016020965,2016,3,1
2016020966,2016,0,3
2016020967,2016,1,2
2016020968,2016,1,2
2016020969,2016,2,4
2016020970,2016,4,2
2016020971,2016,0,1
2016020972,2016,2,3
2016020973,2016,3,6
2016020974,2016,2,0
2016020975,2016,3,2
2016020976,2016,2,5
2016020977,2016,1,2
2016020978,2016,3,1
2016020979,2016,1,4
2016020980,2016,1,2
2016020981,2016,4,3
2016020982,2016,6,1
2016020983,2016,2,5
2016020984,2016,4,7
2016020985,2016,4,3
2016020986,2016,4,2
2016020987,2016,4,1
2016020988,2016,0,1
2016020989,2016,3,2
2016020990,2016,5,0
2016020991,2016,2,3
2016020992,2016,3,4
2016020993,2016,3,2
2016020994,2016,4,2
2016020995,2016,4,3
2016020996,2016,4,2
2016020997,2016,4,7
2016020998,2016,4,3
2016020999,2016,2,3
2016021000,2016,2,1
2016021001,2016,1,3
2016021002,2016,5,3
2016021003,2016,3,2
2016021004,2016,2,3
2016021005,2016,0,3
2016021006,2016,2,4
2016021007,2016,4,3
2016021008,2016,5,4
2016021009,2016,0,3
2016021010,2016,4,2
2016021011,2016,1,4
2016021012,2016,4,2
2016021013,2016,1,4
2016021014,2016,5,2
2016021015,2016,5,1
2016021016,2016,4,8
2016021017,2016,2,3
2016021018,2016,3,5
2016021019,2016,5,4
2016021020,2016,4,3
2016021021,2016,3,6
2016021022,2016,1,0
2016021023,2016,1,3
2016021024,2016,3,4
2016021025,2016,4,2
2016021026,2016,2,3
2016021027,2016,2,4
2016021028,2016,1,2
2016021029,2016,7,2
2016021030,2016,7,1
2016021031,2016,2,3
2016021032,2016,4,1
2016021033,2016,4,0
2016021034,2016,2,5
2016021035,2016,3,1
2016021036,2016,2,1
2016021037,2016,6,2
2016021038,2016,2,4
2016021039,2016,1,2
2016021040,2016,3,1
2016021041,2016,2,1
2016021042,2016,1,2
2016021043,2016,0,5
2016021044,2016,7,4
2016021045,2016,2,4
2016021046,2016,4,5
2016021047,2016,2,0
2016021048,2016,1,4
2016021049,2016,3,4
2016021050,2016,6,4
2016021051,2016,3,1
2016021052,2016,1,2
2016021053,2016,5,1
2016021054,2016,2,3
2016021055,2016,1,2
2016021056,2016,3,4
2016021057,2016,3,5
2016021058,2016,4,2
2016021059,2016,2,3
2016021060,2016,0,3
2016021061,2016,2,0
2016021062,2016,1,2
2016021063,2016,1,4
2016021064,2016,4,0
2016021065,2016,5,4
2016021066,2016,4,3
2016021067,2016,6,3
2016021068,2016,4,1
2016021069,2016,5,2
2016021070,2016,4,2
2016021071,2016,1,2
2016021072,2016,3,1
2016021073,2016,1,0
2016021074,2016,2,0
2016021075,2016,2,3
2016021076,2016,1,3
2016021077,2016,3,2
2016021078,2016,4,2
2016021079,2016,1,2
2016021080,2016,3,5
2016021081,2016,3,4
2016021082,2016,3,2
2016021083,2016,3,2
2016021084,2016,4,5
2016021085,2016,2,4
2016021086,2016,2,5
2016021087,2016,2,3
2016021088,2016,4,3
2016021089,2016,3,6
2016021090,2016,2,1
2016021091,2016,4,2
2016021092,2016,1,4
2016021093,2016,2,1
2016021094,2016,3,1
2016021095,2016,4,1
2016021096,2016,3,1
2016021097,2016,1,3
2016021098,2016,3,2
2016021099,2016,4,7
2016021100,2016,5,2
2016021101,2016,3,4
2016021102,2016,1,2
2016021103,2016,6,1
2016021104,2016,3,1
2016021105,2016,1,0
2016021106,2016,2,4
2016021107,2016,5,2
2016021108,2016,3,1
2016021109,2016,7,0
2016021110,2016,1,3
2016021111,2016,1,2
2016021112,2016,4,1
2016021113,2016,2,3
2016021114,2016,7,2
2016021115,2016,4,1
2016021116,2016,0,3
2016021117,2016,2,6
2016021118,2016,1,2
2016021119,2016,3,2
2016021120,2016,2,1
2016021121,2016,6,3
2016021122,2016,4,2
2016021123,2016,1,3
2016021124,2016,5,4
2016021125,2016,4,1
2016021126,2016,4,2
2016021127,2016,4,1
2016021128,2016,3,2
2016021129,2016,4,1
2016021130,2016,3,1
2016021131,2016,3,2
2016021132,2016,4,1
2016021133,2016,4,5
2016021134,2016,2,1
2016021135,2016,1,4
2016021136,2016,5,4
2016021137,2016,1,5
2016021138,2016,1,4
2016021139,2016,3,5
2016021140,2016,1,3
2016021141,2016,2,0
2016021142,2016,6,3
2016021143,2016,2,1
2016021144,2016,6,2
2016021145,2016,5,3
2016021146,2016,1,3
2016021147,2016,5,1
2016021148,2016,4,3
2016021149,2016,3,2
2016021150,2016,3,4
2016021151,2016,2,1
2016021152,2016,3,1
2016021153,2016,2,1
2016021154,2016,5,2
2016021155,2016,0,2
2016021156,2016,6,3
2016021157,2016,5,2
2016021158,2016,3,0
2016021159,2016,4,5
2016021160,2016,1,2
2016021161,2016,3,0
2016021162,2016,0,3
2016021163,2016,4,2
2016021164,2016,3,2
2016021165,2016,2,3
2016021166,2016,2,4
2016021167,2016,3,2
2016021168,2016,6,3
2016021169,2016,2,3
2016021170,2016,4,1
2016021171,2016,5,2
2016021172,2016,1,3
2016021173,2016,4,3
2016021174,2016,3,4
2016021175,2016,1,2
2016021176,2016,2,4
2016021177,2016,5,4
2016021178,2016,1,4
2016021179,2016,4,0
2016021180,2016,1,0
2016021181,2016,4,1
2016021182,2016,1,4
2016021183,2016,2,0
2016021184,2016,2,5
2016021185,2016,1,2
2016021186,2016,5,3
2016021187,2016,3,2
2016021188,2016,4,3
2016021189,2016,3,1
2016021190,2016,6,4
2016021191,2016,3,1
2016021192,2016,2,1
2016021193,2016,2,0
2016021194,2016,1,2
2016021195,2016,4,7
2016021196,2016,0,3
2016021197,2016,4,5
2016021198,2016,1,4
2016021199,2016,3,6
2016021200,2016,3,7
2016021201,2016,3,4
2016021202,2016,4,3
2016021203,2016,4,0
2016021204,2016,1,4
2016021205,2016,2,4
2016021206,2016,2,4
2016021207,2016,3,1
2016021208,2016,4,2
2016021209,2016,1,3
2016021210,2016,2,4
2016021211,2016,5,3
2016021212,2016,2,3
2016021213,2016,3,0
2016021214,2016,4,5
2016021215,2016,2,1
2016021216,2016,4,3
2016021217,2016,1,3
2016021218,2016,2,3
2016021219,2016,3,1
2016021220,2016,3,2
2016021221,2016,4,1
2016021222,2016,4,2
2016021223,2016,4,2
2016021224,2016,2,3
2016021225,2016,3,2
2016021226,2016,3,2
2016021227,2016,3,4
2016021228,2016,0,2
2016021229,2016,4,3
2016021230,2016,5,2
2016030111,2016,0,2
2016030112,2016,4,3
2016030113,2016,1,3
2016030114,2016,2,1
2016030115,2016,2,3
2016030116,2016,3,1
2016030121,2016,1,2
2016030122,2016,4,3
2016030123,2016,3,4
2016030124,2016,0,1
2016030125,2016,2,3
2016030126,2016,2,3
2016030131,2016,3,2
2016030132,2016,3,4
2016030133,2016,4,3
2016030134,2016,4,5
2016030135,2016,2,1
2016030136,2016,1,2
2016030137,2016,0,0
2016030141,2016,3,1
2016030142,2016,4,1
2016030143,2016,4,5
2016030144,2016,5,4
2016030145,2016,5,2
2016030151,2016,0,1
2016030152,2016,0,5
2016030153,2016,3,2
2016030154,2016,4,1
2016030155,2016,0,0
2016030161,2016,1,2
2016030162,2016,1,2
2016030163,2016,3,1
2016030164,2016,0,2
2016030165,2016,3,4
2016030171,2016,3,2
2016030172,2016,3,2
2016030173,2016,4,5
2016030174,2016,1,3
2016030175,2016,0,0
2016030181,2016,2,3
2016030182,2016,2,0
2016030183,2016,0,1
2016030184,2016,7,0
2016030185,2016,4,3
2016030186,2016,1,3
2016030211,2016,2,1
2016030212,2016,6,5
2016030213,2016,4,1
2016030214,2016,4,1
2016030215,2016,5,4
2016030216,2016,2,4
2016030217,2016,0,0
2016030221,2016,2,3
2016030222,2016,2,6
2016030223,2016,2,3
2016030224,2016,3,2
2016030225,2016,4,2
2016030226,2016,2,5
2016030227,2016,0,2
2016030231,2016,3,4
2016030232,2016,3,2
2016030233,2016,3,1
2016030234,2016,2,1
2016030235,2016,2,1
2016030236,2016,3,1
2016030241,2016,3,5
2016030242,2016,1,2
2016030243,2016,3,6
2016030244,2016,3,4
2016030245,2016,4,3
2016030246,2016,7,1
2016030247,2016,2,1
2016030311,2016,1,2
2016030312,2016,1,0
2016030313,2016,5,1
2016030314,2016,2,3
2016030315,2016,7,0
2016030316,2016,2,1
2016030317,2016,3,2
2016030321,2016,2,3
2016030322,2016,5,3
2016030323,2016,2,1
2016030324,2016,2,3
2016030325,2016,1,3
2016030326,2016,6,3
2016030327,2016,0,0
2016030411,2016,5,3
2016030412,2016,4,1
2016030413,2016,5,1
2016030414,2016,4,1
2016030415,2016,6,0
2016030416,2016,0,2
2016030417,2016,0,0
2017020001,2017,2,7
2017020002,2017,4,5
2017020003,2017,3,0
2017020004,2017,3,5
2017020005,2017,4,3
2017020006,2017,2,3
2017020007,2017,2,4
2017020008,2017,4,5
2017020009,2017,4,2
2017020010,2017,10,1
2017020011,2017,5,4
2017020012,2017,2,0
2017020013,2017,5,0
2017020014,2017,5,3
2017020015,2017,1,2
2017020016,2017,8,5
2017020017,2017,1,2
2017020018,2017,5,4
2017020019,2017,4,1
2017020020,2017,6,3
2017020021,2017,4,0
2017020022,2017,6,1
2017020023,2017,5,4
2017020024,2017,4,2
2017020025,2017,5,1
2017020026,2017,1,2
2017020027,2017,6,3
2017020028,2017,3,2
2017020029,2017,2,3
2017020030,2017,1,4
2017020031,2017,2,0
2017020032,2017,0,4
2017020033,2017,2,3
2017020034,2017,2,6
2017020035,2017,4,3
2017020036,2017,4,3
2017020037,2017,2,5
2017020038,2017,0,2
2017020039,2017,1,3
2017020040,2017,1,2
2017020041,2017,1,3
2017020042,2017,6,5
2017020043,2017,4,2
2017020044,2017,2,3
2017020045,2017,5,2
2017020046,2017,3,6
2017020047,2017,2,3
2017020048,2017,6,3
2017020049,2017,3,2
2017020050,2017,3,4
2017020051,2017,5,4
2017020052,2017,5,2
2017020053,2017,4,1
2017020054,2017,2,5
2017020055,2017,2,4
2017020056,2017,2,4
2017020057,2017,3,2
2017020058,2017,2,5
2017020059,2017,3,1
2017020060,2017,3,1
2017020061,2017,0,6
2017020062,2017,3,6
2017020063,2017,3,4
2017020064,2017,2,1
2017020065,2017,2,3
2017020066,2017,8,2
2017020067,2017,4,3
2017020068,2017,2,1
2017020069,2017,3,1
2017020070,2017,4,5
2017020071,2017,2,1
2017020072,2017,2,6
2017020073,2017,1,6
2017020074,2017,2,5
2017020075,2017,4,2
2017020076,2017,1,3
2017020077,2017,3,1
2017020078,2017,1,3
2017020079,2017,3,2
2017020080,2017,2,3
2017020081,2017,5,4
2017020082,2017,4,5
2017020083,2017,5,1
2017020084,2017,0,2
2017020085,2017,0,3
2017020086,2017,4,1
2017020087,2017,2,5
2017020088,2017,3,1
2017020089,2017,3,5
2017020090,2017,5,4
2017020091,2017,5,2
2017020092,2017,6,3
2017020093,2017,5,2
2017020094,2017,5,1
2017020095,2017,6,3
2017020096,2017,3,4
2017020097,2017,0,1
2017020098,2017,0,2
2017020099,2017,4,5
2017020100,2017,1,2
2017020101,2017,3,4
2017020102,2017,1,2
2017020103,2017,4,5
2017020104,2017,2,4
2017020105,2017,0,3
2017020106,2017,3,4
2017020107,2017,3,4
2017020108,2017,4,3
2017020109,2017,6,2
2017020110,2017,4,2
2017020111,2017,2,1
2017020112,2017,4,5
2017020113,2017,6,3
2017020114,2017,7,1
2017020115,2017,5,3
2017020116,2017,1,4
2017020117,2017,4,6
2017020118,2017,4,3
2017020119,2017,2,4
2017020120,2017,2,4
2017020121,2017,3,2
2017020122,2017,1,4
2017020123,2017,3,2
2017020124,2017,1,4
2017020125,2017,1,0
2017020126,2017,5,3
2017020127,2017,2,6
2017020128,2017,2,1
2017020129,2017,1,5
2017020130,2017,5,1
2017020131,2017,2,3
2017020132,2017,2,3
2017020133,2017,0,1
2017020134,2017,5,3
2017020135,2017,4,2
2017020136,2017,5,1
2017020137,2017,5,2
2017020138,2017,2,1
2017020139,2017,3,6
2017020140,2017,5,2
2017020141,2017,2,1
2017020142,2017,0,4
2017020143,2017,5,4
2017020144,2017,3,2
2017020145,2017,8,3
2017020146,2017,6,4
2017020147,2017,5,4
2017020148,2017,6,2
2017020149,2017,7,0
2017020150,2017,5,4
2017020151,2017,2,1
2017020152,2017,1,2
2017020153,2017,1,2
2017020154,2017,1,2
2017020155,2017,2,3
2017020156,2017,1,2
2017020157,2017,2,4
2017020158,2017,5,4
2017020159,2017,1,4
2017020160,2017,2,3
2017020161,2017,4,3
2017020162,2017,4,1
2017020163,2017,2,6
2017020164,2017,2,1
2017020165,2017,6,3
2017020166,2017,2,5
2017020167,2017,3,4
2017020168,2017,7,1
2017020169,2017,2,1
2017020170,2017,6,3
2017020171,2017,3,4
2017020172,2017,4,3
2017020173,2017,3,8
2017020174,2017,5,8
2017020175,2017,4,2
2017020176,2017,1,2
2017020177,2017,3,2
2017020178,2017,6,4
2017020179,2017,5,3
2017020180,2017,1,2
2017020181,2017,3,0
2017020182,2017,2,3
2017020183,2017,0,2
2017020184,2017,1,3
2017020185,2017,4,1
2017020186,2017,2,1
2017020187,2017,4,3
2017020188,2017,3,1
2017020189,2017,1,2
2017020190,2017,3,7
2017020191,2017,0,2
2017020192,2017,6,3
2017020193,2017,5,2
2017020194,2017,5,3
2017020195,2017,2,1
2017020196,2017,4,5
2017020197,2017,5,3
2017020198,2017,6,3
2017020199,2017,3,5
2017020200,2017,4,5
2017020201,2017,2,3
2017020202,2017,5,4
2017020203,2017,4,5
2017020204,2017,4,5
2017020205,2017,6,4
2017020206,2017,4,5
2017020207,2017,5,1
2017020208,2017,0,2
2017020209,2017,2,1
2017020210,2017,4,2
2017020211,2017,3,4
2017020212,2017,2,1
2017020213,2017,0,4
2017020214,2017,6,4
2017020215,2017,0,2
2017020216,2017,5,4
2017020217,2017,5,3
2017020218,2017,4,3
2017020219,2017,5,3
2017020220,2017,3,2
2017020221,2017,1,4
2017020222,2017,2,3
2017020223,2017,3,1
2017020224,2017,1,3
2017020225,2017,1,2
2017020226,2017,3,1
2017020227,2017,3,1
2017020228,2017,1,3
2017020229,2017,3,2
2017020230,2017,3,5
2017020231,2017,3,4
2017020232,2017,4,2
2017020233,2017,4,2
2017020234,2017,1,5
2017020235,2017,2,3
2017020236,2017,3,1
2017020237,2017,0,3
2017020238,2017,3,2
2017020239,2017,6,3
2017020240,2017,4,1
2017020241,2017,2,5
2017020242,2017,1,4
2017020243,2017,3,2
2017020244,2017,4,1
2017020245,2017,1,3
2017020246,2017,5,0
2017020247,2017,3,4
2017020248,2017,5,2
2017020249,2017,4,2
2017020250,2017,1,4
2017020251,2017,2,1
2017020252,2017,4,3
2017020253,2017,1,2
2017020254,2017,2,1
2017020255,2017,0,1
2017020256,2017,3,4
2017020257,2017,2,5
2017020258,2017,5,4
2017020259,2017,1,4
2017020260,2017,5,0
2017020261,2017,2,1
2017020262,2017,5,7
2017020263,2017,1,2
2017020264,2017,1,2
2017020265,2017,5,1
2017020266,2017,7,4
2017020267,2017,5,4
2017020268,2017,1,2
2017020269,2017,4,3
2017020270,2017,6,3
2017020271,2017,3,0
2017020272,2017,4,1
2017020273,2017,8,2
2017020274,2017,2,3
2017020275,2017,8,2
2017020276,2017,6,3
2017020277,2017,4,2
2017020278,2017,1,0
2017020279,2017,6,4
2017020280,2017,4,5
2017020281,2017,1,3
2017020282,2017,6,1
2017020283,2017,6,4
2017020284,2017,3,2
2017020285,2017,6,2
2017020286,2017,1,4
2017020287,2017,2,5
2017020288,2017,1,2
2017020289,2017,0,2
2017020290,2017,2,0
2017020291,2017,3,1
2017020292,2017,4,5
2017020293,2017,2,3
2017020294,2017,6,3
2017020295,2017,5,2
2017020296,2017,4,0
2017020297,2017,1,3
2017020298,2017,0,6
2017020299,2017,3,5
2017020300,2017,1,2
2017020301,2017,3,1
2017020302,2017,5,2
2017020303,2017,3,4
2017020304,2017,1,3
2017020305,2017,4,2
2017020306,2017,3,4
2017020307,2017,3,0
2017020308,2017,4,2
2017020309,2017,3,2
2017020310,2017,2,3
2017020311,2017,1,4
2017020312,2017,1,4
2017020313,2017,5,3
2017020314,2017,3,4
2017020315,2017,2,3
2017020316,2017,2,5
2017020317,2017,8,3
2017020318,2017,3,1
2017020319,2017,4,5
2017020320,2017,2,6
2017020321,2017,2,1
2017020322,2017,2,3
2017020323,2017,4,3
2017020324,2017,2,5
2017020325,2017,5,2
2017020326,2017,1,6
2017020327,2017,1,0
2017020328,2017,3,2
2017020329,2017,3,2
2017020330,2017,3,0
2017020331,2017,1,3
2017020332,2017,2,4
2017020333,2017,1,2
2017020334,2017,4,3
2017020335,2017,4,5
2017020336,2017,3,2
2017020337,2017,1,4
2017020338,2017,3,1
2017020339,2017,3,1
2017020340,2017,3,2
2017020341,2017,2,1
2017020342,2017,5,2
2017020343,2017,4,5
2017020344,2017,0,2
2017020345,2017,6,4
2017020346,2017,3,2
2017020347,2017,5,4
2017020348,2017,2,4
2017020349,2017,3,0
2017020350,2017,1,2
2017020351,2017,3,4
2017020352,2017,1,4
2017020353,2017,5,2
2017020354,2017,6,3
2017020355,2017,2,4
2017020356,2017,2,3
2017020357,2017,4,0
2017020358,2017,2,1
2017020359,2017,4,3
2017020360,2017,4,3
2017020361,2017,2,4
2017020362,2017,2,3
2017020363,2017,5,4
2017020364,2017,3,1
2017020365,2017,7,2
2017020366,2017,7,3
2017020367,2017,0,2
2017020368,2017,5,2
2017020369,2017,4,5
2017020370,2017,1,3
2017020371,2017,3,2
2017020372,2017,1,4
2017020373,2017,3,2
2017020374,2017,1,4
2017020375,2017,3,2
2017020376,2017,0,3
2017020377,2017,3,2
2017020378,2017,2,1
2017020379,2017,2,3
2017020380,2017,3,2
2017020381,2017,2,5
2017020382,2017,3,6
2017020383,2017,3,5
2017020384,2017,4,2
2017020385,2017,3,4
2017020386,2017,3,0
2017020387,2017,4,6
2017020388,2017,0,4
2017020389,2017,5,6
2017020390,2017,5,1
2017020391,2017,4,2
2017020392,2017,1,2
2017020393,2017,1,4
2017020394,2017,7,4
2017020395,2017,1,2
2017020396,2017,0,3
2017020397,2017,2,1
2017020398,2017,10,1
2017020399,2017,5,2
2017020400,2017,5,1
2017020401,2017,4,3
2017020402,2017,2,1
2017020403,2017,3,2
2017020404,2017,3,2
2017020405,2017,5,0
2017020406,2017,3,2
2017020407,2017,5,7
2017020408,2017,1,3
2017020409,2017,5,0
2017020410,2017,2,7
2017020411,2017,3,2
2017020412,2017,4,1
2017020413,2017,4,5
2017020414,2017,5,3
2017020415,2017,2,5
2017020416,2017,3,4
2017020417,2017,1,4
2017020418,2017,3,4
2017020419,2017,5,1
2017020420,2017,6,2
2017020421,2017,2,5
2017020422,2017,2,4
2017020423,2017,3,0
2017020424,2017,4,3
2017020425,2017,5,2
2017020426,2017,2,1
2017020427,2017,6,2
2017020428,2017,2,4
2017020429,2017,3,0
2017020430,2017,6,1
2017020431,2017,4,3
2017020432,2017,2,3
2017020433,2017,5,2
2017020434,2017,6,4
2017020435,2017,3,0
2017020436,2017,1,4
2017020437,2017,4,3
2017020438,2017,5,4
2017020439,2017,3,5
2017020440,2017,4,2
2017020441,2017,3,4
2017020442,2017,3,2
2017020443,2017,2,3
2017020444,2017,3,1
2017020445,2017,2,6
2017020446,2017,1,6
2017020447,2017,4,3
2017020448,2017,3,7
2017020449,2017,5,2
2017020450,2017,3,4
2017020451,2017,1,0
2017020452,2017,3,5
2017020453,2017,4,2
2017020454,2017,5,0
2017020455,2017,3,2
2017020456,2017,1,0
2017020457,2017,3,1
2017020458,2017,3,2
2017020459,2017,3,4
2017020460,2017,3,1
2017020461,2017,1,2
2017020462,2017,1,2
2017020463,2017,1,2
2017020464,2017,5,1
2017020465,2017,3,2
2017020466,2017,3,2
2017020467,2017,5,1
2017020468,2017,4,2
2017020469,2017,5,2
2017020470,2017,2,7
2017020471,2017,0,3
2017020472,2017,2,1
2017020473,2017,3,2
2017020474,2017,2,3
2017020475,2017,3,2
2017020476,2017,2,5
2017020477,2017,2,3
2017020478,2017,1,7
2017020479,2017,3,5
2017020480,2017,2,1
2017020481,2017,6,4
2017020482,2017,2,1
2017020483,2017,1,3
2017020484,2017,2,0
2017020485,2017,1,5
2017020486,2017,2,1
2017020487,2017,2,3
2017020488,2017,0,4
2017020489,2017,1,4
2017020490,2017,2,1
2017020491,2017,4,5
2017020492,2017,5,2
2017020493,2017,4,2
2017020494,2017,3,1
2017020495,2017,4,3
2017020496,2017,2,3
2017020497,2017,2,3
2017020498,2017,3,0
2017020499,2017,4,3
2017020500,2017,2,1
2017020501,2017,2,0
2017020502,2017,3,2
2017020503,2017,2,1
2017020504,2017,2,4
2017020505,2017,5,6
2017020506,2017,0,2
2017020507,2017,4,0
2017020508,2017,4,1
2017020509,2017,1,6
2017020510,2017,5,2
2017020511,2017,7,2
2017020512,2017,5,3
2017020513,2017,1,4
2017020514,2017,4,2
2017020515,2017,5,3
2017020516,2017,8,1
2017020517,2017,0,3
2017020518,2017,3,6
2017020519,2017,4,1
2017020520,2017,4,6
2017020521,2017,4,6
2017020522,2017,3,4
2017020523,2017,2,3
2017020524,2017,5,7
2017020525,2017,4,3
2017020526,2017,4,2
2017020527,2017,4,3
2017020528,2017,2,1
2017020529,2017,2,1
2017020530,2017,4,3
2017020531,2017,4,5
2017020532,2017,3,2
2017020533,2017,4,3
2017020534,2017,1,4
2017020535,2017,4,0
2017020536,2017,3,2
2017020537,2017,2,1
2017020538,2017,5,4
2017020539,2017,4,2
2017020540,2017,4,2
2017020541,2017,2,3
2017020542,2017,3,2
2017020543,2017,3,1
2017020544,2017,5,2
2017020545,2017,3,0
2017020546,2017,1,0
2017020547,2017,4,1
2017020548,2017,2,3
2017020549,2017,0,4
2017020550,2017,4,2
2017020551,2017,2,1
2017020552,2017,4,1
2017020553,2017,4,3
2017020554,2017,2,6
2017020555,2017,3,0
2017020556,2017,1,3
2017020557,2017,2,0
2017020558,2017,5,1
2017020559,2017,3,1
2017020560,2017,3,2
2017020561,2017,1,0
2017020562,2017,5,4
2017020563,2017,3,1
2017020564,2017,1,2
2017020565,2017,4,2
2017020566,2017,4,3
2017020567,2017,1,3
2017020568,2017,1,4
2017020569,2017,4,3
2017020570,2017,3,1
2017020571,2017,3,2
2017020572,2017,4,7
2017020573,2017,5,2
2017020574,2017,2,3
2017020575,2017,3,2
2017020576,2017,3,4
2017020577,2017,5,4
2017020578,2017,3,2
2017020579,2017,3,5
2017020580,2017,2,1
2017020581,2017,4,2
2017020582,2017,4,2
2017020583,2017,4,2
2017020584,2017,4,3
2017020585,2017,3,4
2017020586,2017,2,1
2017020587,2017,0,5
2017020588,2017,2,0
2017020589,2017,5,2
2017020590,2017,3,2
2017020591,2017,3,0
2017020592,2017,3,4
2017020593,2017,6,3
2017020594,2017,0,5
2017020595,2017,4,1
2017020596,2017,6,0
2017020597,2017,6,1
2017020598,2017,5,2
2017020599,2017,4,3
2017020600,2017,0,5
2017020601,2017,2,3
2017020602,2017,0,2
2017020603,2017,1,5
2017020604,2017,1,5
2017020605,2017,4,5
2017020606,2017,1,4
2017020607,2017,3,2
2017020608,2017,5,1
2017020609,2017,1,2
2017020610,2017,3,2
2017020611,2017,0,5
2017020612,2017,0,5
2017020613,2017,3,0
2017020614,2017,2,1
2017020615,2017,2,5
2017020616,2017,2,4
2017020617,2017,3,2
2017020618,2017,6,4
2017020619,2017,0,4
2017020620,2017,2,1
2017020621,2017,2,1
2017020622,2017,6,2
2017020623,2017,4,3
2017020624,2017,2,0
2017020625,2017,4,3
2017020626,2017,2,1
2017020627,2017,3,2
2017020628,2017,0,4
2017020629,2017,6,5
2017020630,2017,4,2
2017020631,2017,4,3
2017020632,2017,4,5
2017020633,2017,6,3
2017020634,2017,5,1
2017020635,2017,7,2
2017020636,2017,7,1
2017020637,2017,3,2
2017020638,2017,6,3
2017020639,2017,1,2
2017020640,2017,3,2
2017020641,2017,3,4
2017020642,2017,5,4
2017020643,2017,4,1
2017020644,2017,4,3
2017020645,2017,4,1
2017020646,2017,4,1
2017020647,2017,3,2
2017020648,2017,5,2
2017020649,2017,2,5
2017020650,2017,6,5
2017020651,2017,2,1
2017020652,2017,2,3
2017020653,2017,4,7
2017020654,2017,3,1
2017020655,2017,2,8
2017020656,2017,5,4
2017020657,2017,4,7
2017020658,2017,2,1
2017020659,2017,2,3
2017020660,2017,3,4
2017020661,2017,1,2
2017020662,2017,3,1
2017020663,2017,1,3
2017020664,2017,1,5
2017020665,2017,2,5
2017020666,2017,2,4
2017020667,2017,3,4
2017020668,2017,2,1
2017020669,2017,2,4
2017020670,2017,2,7
2017020671,2017,4,1
2017020672,2017,3,4
2017020673,2017,3,5
2017020674,2017,4,1
2017020675,2017,1,4
2017020676,2017,2,3
2017020677,2017,2,4
2017020678,2017,6,5
2017020679,2017,5,2
2017020680,2017,1,4
2017020681,2017,0,4
2017020682,2017,2,3
2017020683,2017,2,3
2017020684,2017,3,1
2017020685,2017,1,4
2017020686,2017,4,5
2017020687,2017,1,2
2017020688,2017,1,4
2017020689,2017,5,1
2017020690,2017,2,4
2017020691,2017,1,0
2017020692,2017,2,3
2017020693,2017,4,1
2017020694,2017,5,3
2017020695,2017,4,3
2017020696,2017,2,5
2017020697,2017,4,3
2017020698,2017,3,2
2017020699,2017,2,1
2017020700,2017,1,4
2017020701,2017,1,4
2017020702,2017,3,2
2017020703,2017,5,3
2017020704,2017,1,3
2017020705,2017,4,3
2017020706,2017,2,3
2017020707,2017,2,1
2017020708,2017,1,7
2017020709,2017,3,1
2017020710,2017,3,1
2017020711,2017,1,2
2017020712,2017,1,4
2017020713,2017,3,4
2017020714,2017,1,3
2017020715,2017,2,5
2017020716,2017,4,3
2017020717,2017,2,1
2017020718,2017,3,7
2017020719,2017,5,2
2017020720,2017,5,2
2017020721,2017,1,2
2017020722,2017,1,5
2017020723,2017,1,0
2017020724,2017,2,6
2017020725,2017,4,2
2017020726,2017,2,4
2017020727,2017,0,3
2017020728,2017,3,1
2017020729,2017,0,2
2017020730,2017,1,2
2017020731,2017,3,2
2017020732,2017,3,2
2017020733,2017,3,1
2017020734,2017,4,2
2017020735,2017,2,3
2017020736,2017,3,0
2017020737,2017,3,4
2017020738,2017,6,1
2017020739,2017,0,5
2017020740,2017,6,2
2017020741,2017,6,3
2017020742,2017,6,3
2017020743,2017,4,5
2017020744,2017,2,3
2017020745,2017,1,2
2017020746,2017,0,3
2017020747,2017,1,5
2017020748,2017,6,3
2017020749,2017,5,6
2017020750,2017,2,3
2017020751,2017,1,5
2017020752,2017,2,4
2017020753,2017,3,1
2017020754,2017,1,4
2017020755,2017,4,3
2017020756,2017,1,2
2017020757,2017,0,4
2017020758,2017,1,2
2017020759,2017,4,3
2017020760,2017,5,6
2017020761,2017,1,3
2017020762,2017,1,3
2017020763,2017,1,4
2017020764,2017,5,2
2017020765,2017,2,1
2017020766,2017,2,3
2017020767,2017,3,1
2017020768,2017,1,2
2017020769,2017,3,1
2017020770,2017,0,3
2017020771,2017,2,4
2017020772,2017,4,3
2017020773,2017,5,0
2017020774,2017,2,1
2017020775,2017,5,3
2017020776,2017,3,1
2017020777,2017,2,4
2017020778,2017,4,3
2017020779,2017,0,4
2017020780,2017,2,0
2017020781,2017,2,1
2017020782,2017,5,0
2017020783,2017,2,3
2017020784,2017,4,7
2017020785,2017,3,4
2017020786,2017,1,4
2017020787,2017,4,2
2017020788,2017,7,4
2017020789,2017,1,4
2017020790,2017,1,3
2017020791,2017,5,2
2017020792,2017,5,2
2017020793,2017,3,4
2017020794,2017,4,1
2017020795,2017,0,1
2017020796,2017,3,2
2017020797,2017,3,1
2017020798,2017,4,3
2017020799,2017,3,0
2017020800,2017,5,2
2017020801,2017,6,1
2017020802,2017,4,3
2017020803,2017,2,4
2017020804,2017,6,0
2017020805,2017,3,4
2017020806,2017,4,1
2017020807,2017,1,3
2017020808,2017,7,4
2017020809,2017,4,5
2017020810,2017,2,1
2017020811,2017,6,2
2017020812,2017,3,4
2017020813,2017,5,4
2017020814,2017,1,2
2017020815,2017,2,3
2017020816,2017,5,3
2017020817,2017,2,3
2017020818,2017,3,1
2017020819,2017,2,6
2017020820,2017,4,3
2017020821,2017,2,3
2017020822,2017,3,1
2017020823,2017,3,2
2017020824,2017,1,6
2017020825,2017,5,2
2017020826,2017,4,3
2017020827,2017,2,3
2017020828,2017,5,3
2017020829,2017,4,3
2017020830,2017,5,2
2017020831,2017,6,1
2017020832,2017,3,4
2017020833,2017,2,4
2017020834,2017,3,5
2017020835,2017,7,6
2017020836,2017,4,3
2017020837,2017,4,2
2017020838,2017,1,3
2017020839,2017,4,1
2017020840,2017,2,5
2017020841,2017,4,3
2017020842,2017,3,2
2017020843,2017,2,4
2017020844,2017,6,3
2017020845,2017,2,3
2017020846,2017,4,3
2017020847,2017,3,1
2017020848,2017,6,1
2017020849,2017,3,0
2017020850,2017,3,4
2017020851,2017,6,4
2017020852,2017,4,5
2017020853,2017,1,4
2017020854,2017,1,3
2017020855,2017,0,6
2017020856,2017,4,5
2017020857,2017,3,5
2017020858,2017,2,3
2017020859,2017,1,4
2017020860,2017,2,3
2017020861,2017,4,3
2017020862,2017,5,7
2017020863,2017,6,1
2017020864,2017,5,2
2017020865,2017,5,3
2017020866,2017,1,4
2017020867,2017,4,5
2017020868,2017,6,3
2017020869,2017,7,3
2017020870,2017,2,1
2017020871,2017,4,3
2017020872,2017,3,2
2017020873,2017,4,3
2017020874,2017,5,2
2017020875,2017,1,2
2017020876,2017,6,3
2017020877,2017,2,0
2017020878,2017,3,4
2017020879,2017,5,2
2017020880,2017,3,0
2017020881,2017,3,1
2017020882,2017,3,2
2017020883,2017,4,1
2017020884,2017,3,4
2017020885,2017,2,5
2017020886,2017,2,3
2017020887,2017,5,2
2017020888,2017,4,1
2017020889,2017,4,1
2017020890,2017,1,2
2017020891,2017,0,3
2017020892,2017,6,1
2017020893,2017,2,1
2017020894,2017,2,4
2017020895,2017,6,3
2017020896,2017,2,3
2017020897,2017,1,0
2017020898,2017,3,4
2017020899,2017,5,3
2017020900,2017,6,3
2017020901,2017,1,3
2017020902,2017,7,1
2017020903,2017,3,6
2017020904,2017,6,1
2017020905,2017,4,7
2017020906,2017,2,4
2017020907,2017,2,3
2017020908,2017,2,5
2017020909,2017,2,3
2017020910,2017,7,2
2017020911,2017,5,2
2017020912,2017,3,5
2017020913,2017,2,3
2017020914,2017,1,2
2017020915,2017,5,2
2017020916,2017,1,3
2017020917,2017,0,2
2017020918,2017,1,0
2017020919,2017,1,2
2017020920,2017,3,2
2017020921,2017,2,4
2017020922,2017,2,3
2017020923,2017,2,3
2017020924,2017,3,4
2017020925,2017,2,3
2017020926,2017,4,5
2017020927,2017,3,2
2017020928,2017,2,0
2017020929,2017,7,3
2017020930,2017,4,3
2017020931,2017,2,4
2017020932,2017,2,1
2017020933,2017,3,1
2017020934,2017,3,4
2017020935,2017,2,3
2017020936,2017,3,2
2017020937,2017,7,1
2017020938,2017,3,2
2017020939,2017,2,5
2017020940,2017,0,2
2017020941,2017,1,4
2017020942,2017,1,6
2017020943,2017,0,4
2017020944,2017,3,1
2017020945,2017,6,3
2017020946,2017,3,5
2017020947,2017,5,1
2017020948,2017,4,3
2017020949,2017,3,4
2017020950,2017,3,1
2017020951,2017,6,5
2017020952,2017,2,1
2017020953,2017,5,1
2017020954,2017,3,2
2017020955,2017,3,5
2017020956,2017,2,0
2017020957,2017,3,4
2017020958,2017,4,1
2017020959,2017,4,0
2017020960,2017,2,3
2017020961,2017,3,2
2017020962,2017,5,6
2017020963,2017,1,3
2017020964,2017,5,1
2017020965,2017,0,1
2017020966,2017,4,3
2017020967,2017,3,1
2017020968,2017,3,2
2017020969,2017,4,3
2017020970,2017,2,3
2017020971,2017,3,2
2017020972,2017,3,2
2017020973,2017,8,3
2017020974,2017,5,6
2017020975,2017,2,0
2017020976,2017,1,4
2017020977,2017,5,2
2017020978,2017,3,1
2017020979,2017,1,2
2017020980,2017,2,1
2017020981,2017,5,2
2017020982,2017,5,6
2017020983,2017,8,4
2017020984,2017,1,4
2017020985,2017,3,2
2017020986,2017,4,5
2017020987,2017,2,4
2017020988,2017,5,3
2017020989,2017,5,2
2017020990,2017,7,2
2017020991,2017,3,6
2017020992,2017,4,1
2017020993,2017,3,1
2017020994,2017,4,3
2017020995,2017,7,1
2017020996,2017,1,3
2017020997,2017,3,4
2017020998,2017,4,5
2017020999,2017,4,2
2017021000,2017,7,6
2017021001,2017,3,2
2017021002,2017,3,5
2017021003,2017,2,1
2017021004,2017,3,2
2017021005,2017,5,2
2017021006,2017,2,1
2017021007,2017,2,3
2017021008,2017,4,1
2017021009,2017,3,4
2017021010,2017,6,3
2017021011,2017,2,3
2017021012,2017,2,3
2017021013,2017,4,1
2017021014,2017,2,4
2017021015,2017,5,3
2017021016,2017,4,3
2017021017,2017,2,3
2017021018,2017,4,3
2017021019,2017,4,3
2017021020,2017,6,5
2017021021,2017,6,4
2017021022,2017,0,3
2017021023,2017,4,1
2017021024,2017,5,4
2017021025,2017,2,0
2017021026,2017,6,2
2017021027,2017,2,1
2017021028,2017,4,0
2017021029,2017,1,5
2017021030,2017,2,5
2017021031,2017,1,2
2017021032,2017,3,2
2017021033,2017,2,3
2017021034,2017,5,4
2017021035,2017,3,4
2017021036,2017,0,4
2017021037,2017,5,3
2017021038,2017,5,0
2017021039,2017,4,2
2017021040,2017,2,3
2017021041,2017,2,1
2017021042,2017,3,1
2017021043,2017,2,0
2017021044,2017,3,2
2017021045,2017,1,2
2017021046,2017,2,1
2017021047,2017,2,5
2017021048,2017,7,4
2017021049,2017,1,2
2017021050,2017,3,2
2017021051,2017,2,1
2017021052,2017,5,2
2017021053,2017,2,7
2017021054,2017,0,2
2017021055,2017,5,2
2017021056,2017,4,3
2017021057,2017,2,3
2017021058,2017,4,1
2017021059,2017,3,1
2017021060,2017,2,5
2017021061,2017,3,1
2017021062,2017,1,0
2017021063,2017,6,3
2017021064,2017,2,3
2017021065,2017,3,2
2017021066,2017,5,2
2017021067,2017,3,5
2017021068,2017,2,4
2017021069,2017,3,0
2017021070,2017,5,3
2017021071,2017,4,6
2017021072,2017,4,2
2017021073,2017,4,7
2017021074,2017,3,1
2017021075,2017,1,5
2017021076,2017,1,0
2017021077,2017,4,3
2017021078,2017,6,5
2017021079,2017,4,3
2017021080,2017,3,4
2017021081,2017,3,8
2017021082,2017,3,0
2017021083,2017,2,5
2017021084,2017,3,7
2017021085,2017,3,5
2017021086,2017,3,5
2017021087,2017,3,0
2017021088,2017,1,4
2017021089,2017,6,2
2017021090,2017,2,3
2017021091,2017,4,1
2017021092,2017,6,3
2017021093,2017,3,2
2017021094,2017,2,4
2017021095,2017,4,7
2017021096,2017,4,2
2017021097,2017,2,4
2017021098,2017,5,3
2017021099,2017,2,4
2017021100,2017,0,3
2017021101,2017,4,0
2017021102,2017,0,3
2017021103,2017,2,4
2017021104,2017,2,1
2017021105,2017,4,3
2017021106,2017,1,3
2017021107,2017,3,5
2017021108,2017,5,1
2017021109,2017,4,0
2017021110,2017,3,1
2017021111,2017,3,4
2017021112,2017,6,3
2017021113,2017,4,5
2017021114,2017,4,2
2017021115,2017,4,2
2017021116,2017,4,5
2017021117,2017,0,4
2017021118,2017,0,2
2017021119,2017,3,4
2017021120,2017,5,2
2017021121,2017,4,1
2017021122,2017,3,5
2017021123,2017,4,3
2017021124,2017,3,7
2017021125,2017,2,7
2017021126,2017,5,4
2017021127,2017,4,3
2017021128,2017,2,1
2017021129,2017,1,5
2017021130,2017,4,1
2017021131,2017,6,2
2017021132,2017,1,4
2017021133,2017,5,3
2017021134,2017,2,1
2017021135,2017,0,4
2017021136,2017,6,7
2017021137,2017,4,3
2017021138,2017,6,5
2017021139,2017,4,0
2017021140,2017,2,6
2017021141,2017,0,1
2017021142,2017,2,5
2017021143,2017,2,5
2017021144,2017,1,7
2017021145,2017,2,1
2017021146,2017,0,3
2017021147,2017,3,4
2017021148,2017,4,1
2017021149,2017,3,2
2017021150,2017,2,3
2017021151,2017,2,1
2017021152,2017,5,1
2017021153,2017,4,3
2017021154,2017,4,6
2017021155,2017,2,5
2017021156,2017,4,2
2017021157,2017,2,1
2017021158,2017,1,3
2017021159,2017,5,1
2017021160,2017,1,2
2017021161,2017,4,1
2017021162,2017,3,2
2017021163,2017,5,4
2017021164,2017,1,4
2017021165,2017,5,4
2017021166,2017,1,2
2017021167,2017,4,5
2017021168,2017,2,3
2017021169,2017,0,3
2017021170,2017,2,4
2017021171,2017,4,1
2017021172,2017,4,2
2017021173,2017,1,4
2017021174,2017,3,4
2017021175,2017,4,1
2017021176,2017,3,0
2017021177,2017,4,3
2017021178,2017,3,4
2017021179,2017,5,2
2017021180,2017,3,2
2017021181,2017,2,1
2017021182,2017,5,4
2017021183,2017,3,2
2017021184,2017,3,7
2017021185,2017,4,1
2017021186,2017,4,3
2017021187,2017,3,2
2017021188,2017,1,2
2017021189,2017,2,3
2017021190,2017,4,2
2017021191,2017,3,6
2017021192,2017,3,4
2017021193,2017,3,2
2017021194,2017,5,3
2017021195,2017,5,2
2017021196,2017,6,2
2017021197,2017,1,5
2017021198,2017,2,1
2017021199,2017,4,2
2017021200,2017,4,5
2017021201,2017,3,7
2017021202,2017,1,4
2017021203,2017,5,0
2017021204,2017,2,1
2017021205,2017,4,3
2017021206,2017,5,1
2017021207,2017,2,0
2017021208,2017,5,4
2017021209,2017,1,3
2017021210,2017,4,3
2017021211,2017,5,2
2017021212,2017,1,2
2017021213,2017,4,7
2017021214,2017,4,1
2017021215,2017,6,0
2017021216,2017,3,2
2017021217,2017,3,2
2017021218,2017,4,3
2017021219,2017,1,4
2017021220,2017,1,2
2017021221,2017,1,3
2017021222,2017,4,3
2017021223,2017,5,2
2017021224,2017,5,6
2017021225,2017,3,2
2017021226,2017,2,4
2017021227,2017,3,0
2017021228,2017,3,1
2017021229,2017,5,2
2017021230,2017,5,4
2017021231,2017,5,4
2017021232,2017,4,5
2017021233,2017,4,0
2017021234,2017,2,1
2017021235,2017,1,4
2017021236,2017,4,5
2017021237,2017,2,4
2017021238,2017,2,4
2017021239,2017,3,4
2017021240,2017,3,1
2017021241,2017,2,1
2017021242,2017,2,1
2017021243,2017,4,3
2017021244,2017,3,4
2017021245,2017,4,5
2017021246,2017,3,4
2017021247,2017,3,2
2017021248,2017,2,1
2017021249,2017,4,3
2017021250,2017,4,3
2017021251,2017,5,4
2017021252,2017,4,2
2017021253,2017,4,0
2017021254,2017,7,5
2017021255,2017,1,4
2017021256,2017,5,3
2017021257,2017,5,0
2017021258,2017,5,2
2017021259,2017,4,2
2017021260,2017,3,4
2017021261,2017,4,3
2017021262,2017,5,3
2017021263,2017,3,2
2017021264,2017,4,1
2017021265,2017,4,2
2017021266,2017,5,2
2017021267,2017,0,3
2017021268,2017,7,1
2017021269,2017,3,2
2017021270,2017,2,4
2017021271,2017,3,6
2017030111,2017,5,2
2017030112,2017,5,3
2017030113,2017,5,2
2017030114,2017,1,3
2017030115,2017,3,1
2017030121,2017,5,1
2017030122,2017,7,3
2017030123,2017,4,2
2017030124,2017,1,3
2017030125,2017,3,4
2017030126,2017,3,1
2017030127,2017,7,4
2017030131,2017,3,4
2017030132,2017,4,5
2017030133,2017,2,3
2017030134,2017,1,4
2017030135,2017,4,3
2017030136,2017,3,6
2017030141,2017,7,0
2017030142,2017,1,5
2017030143,2017,1,5
2017030144,2017,0,5
2017030145,2017,2,4
2017030146,2017,5,8
2017030151,2017,5,2
2017030152,2017,5,4
2017030153,2017,5,3
2017030154,2017,2,3
2017030155,2017,1,2
2017030156,2017,0,5
2017030161,2017,3,2
2017030162,2017,4,1
2017030163,2017,6,2
2017030164,2017,0,2
2017030165,2017,5,0
2017030171,2017,1,0
2017030172,2017,2,1
2017030173,2017,2,3
2017030174,2017,0,1
2017030175,2017,0,0
2017030181,2017,0,3
2017030182,2017,2,3
2017030183,2017,8,1
2017030184,2017,2,1
2017030185,2017,0,0
2017030211,2017,2,6
2017030212,2017,4,2
2017030213,2017,1,4
2017030214,2017,3,4
2017030215,2017,3,1
2017030221,2017,2,3
2017030222,2017,4,1
2017030223,2017,3,4
2017030224,2017,3,1
2017030225,2017,6,3
2017030226,2017,1,2
2017030227,2017,0,0
2017030231,2017,1,4
2017030232,2017,5,4
2017030233,2017,7,4
2017030234,2017,1,2
2017030235,2017,2,6
2017030236,2017,0,4
2017030237,2017,1,5
2017030241,2017,7,0
2017030242,2017,3,4
2017030243,2017,3,4
2017030244,2017,4,0
2017030245,2017,5,3
2017030246,2017,0,3
2017030247,2017,0,0
2017030311,2017,2,4
2017030312,2017,2,6
2017030313,2017,2,4
2017030314,2017,2,4
2017030315,2017,3,2
2017030316,2017,3,0
2017030317,2017,0,4
2017030321,2017,4,2
2017030322,2017,1,3
2017030323,2017,4,2
2017030324,2017,3,2
2017030325,2017,1,2
2017030326,2017,0,0
2017030327,2017,0,0
2017030411,2017,6,4
2017030412,2017,2,3
2017030413,2017,3,1
2017030414,2017,6,2
2017030415,2017,3,4
2017030416,2017,0,0
2017030417,2017,0,0
2018020001,2018,3,2
2018020002,2018,7,0
2018020003,2018,5,2
2018020004,2018,2,5
2018020005,2018,0,4
2018020006,2018,2,3
2018020007,2018,7,6
2018020008,2018,1,2
2018020009,2018,3,4
2018020010,2018,2,3
2018020011,2018,1,5
2018020012,2018,3,0
2018020013,2018,4,1
2018020014,2018,2,5
2018020015,2018,1,3
2018020016,2018,2,3
2018020017,2018,3,1
2018020018,2018,3,5
2018020019,2018,2,1
2018020020,2018,5,2
2018020021,2018,3,4
2018020022,2018,1,5
2018020023,2018,5,1
2018020024,2018,4,5
2018020025,2018,1,2
2018020026,2018,5,2
2018020027,2018,0,1
2018020028,2018,7,4
2018020029,2018,8,5
2018020030,2018,6,7
2018020031,2018,4,2
2018020032,2018,6,3
2018020033,2018,4,0
2018020034,2018,4,2
2018020035,2018,3,2
2018020036,2018,2,8
2018020037,2018,5,3
2018020038,2018,5,2
2018020039,2018,0,3
2018020040,2018,2,1
2018020041,2018,4,7
2018020042,2018,4,7
2018020043,2018,5,2
2018020044,2018,2,3
2018020045,2018,4,1
2018020046,2018,1,6
2018020047,2018,4,5
2018020048,2018,6,0
2018020049,2018,3,2
2018020050,2018,4,2
2018020051,2018,0,3
2018020052,2018,3,5
2018020053,2018,1,4
2018020054,2018,5,3
2018020055,2018,3,0
2018020056,2018,4,3
2018020057,2018,1,2
2018020058,2018,0,1
2018020059,2018,5,1
2018020060,2018,4,5
2018020061,2018,8,2
2018020062,2018,4,3
2018020063,2018,8,2
2018020064,2018,2,3
2018020065,2018,2,4
2018020066,2018,5,2
2018020067,2018,5,3
2018020068,2018,4,3
2018020069,2018,0,3
2018020070,2018,2,3
2018020071,2018,3,2
2018020072,2018,2,3
2018020073,2018,3,1
2018020074,2018,4,1
2018020075,2018,7,3
2018020076,2018,4,1
2018020077,2018,4,2
2018020078,2018,3,0
2018020079,2018,3,2
2018020080,2018,6,5
2018020081,2018,2,3
2018020082,2018,4,2
2018020083,2018,2,1
2018020084,2018,4,5
2018020085,2018,4,1
2018020086,2018,3,2
2018020087,2018,4,3
2018020088,2018,5,2
2018020089,2018,4,1
2018020090,2018,0,3
2018020091,2018,3,5
2018020092,2018,6,3
2018020093,2018,3,1
2018020094,2018,4,1
2018020095,2018,1,4
2018020096,2018,3,2
2018020097,2018,2,7
2018020098,2018,5,1
2018020099,2018,5,6
2018020100,2018,1,3
2018020101,2018,3,5
2018020102,2018,5,2
2018020103,2018,1,3
2018020104,2018,5,3
2018020105,2018,1,5
2018020106,2018,1,4
2018020107,2018,4,3
2018020108,2018,3,4
2018020109,2018,1,4
2018020110,2018,5,4
2018020111,2018,0,3
2018020112,2018,2,1
2018020113,2018,3,1
2018020114,2018,4,1
2018020115,2018,1,4
2018020116,2018,3,6
2018020117,2018,2,4
2018020118,2018,1,4
2018020119,2018,1,3
2018020120,2018,5,4
2018020121,2018,2,5
2018020122,2018,5,2
2018020123,2018,1,4
2018020124,2018,3,2
2018020125,2018,1,4
2018020126,2018,4,5
2018020127,2018,3,1
2018020128,2018,4,2
2018020129,2018,5,6
2018020130,2018,2,3
2018020131,2018,2,4
2018020132,2018,0,1
2018020133,2018,2,3
2018020134,2018,3,0
2018020135,2018,4,3
2018020136,2018,3,4
2018020137,2018,4,7
2018020138,2018,4,1
2018020139,2018,4,1
2018020140,2018,5,2
2018020141,2018,1,9
2018020142,2018,4,1
2018020143,2018,4,1
2018020144,2018,2,3
2018020145,2018,1,2
2018020146,2018,4,3
2018020147,2018,6,3
2018020148,2018,3,2
2018020149,2018,1,6
2018020150,2018,3,5
2018020151,2018,3,4
2018020152,2018,0,3
2018020153,2018,3,2
2018020154,2018,5,4
2018020155,2018,7,3
2018020156,2018,3,2
2018020157,2018,7,1
2018020158,2018,0,5
2018020159,2018,4,3
2018020160,2018,4,2
2018020161,2018,1,2
2018020162,2018,1,2
2018020163,2018,4,3
2018020164,2018,3,4
2018020165,2018,1,3
2018020166,2018,5,2
2018020167,2018,1,2
2018020168,2018,3,6
2018020169,2018,2,3
2018020170,2018,3,5
2018020171,2018,1,4
2018020172,2018,8,3
2018020173,2018,4,1
2018020174,2018,3,4
2018020175,2018,5,1
2018020176,2018,2,3
2018020177,2018,3,4
2018020178,2018,4,2
2018020179,2018,1,2
2018020180,2018,2,4
2018020181,2018,3,2
2018020182,2018,6,4
2018020183,2018,4,2
2018020184,2018,4,3
2018020185,2018,1,4
2018020186,2018,5,3
2018020187,2018,6,5
2018020188,2018,4,0
2018020189,2018,2,3
2018020190,2018,2,5
2018020191,2018,1,4
2018020192,2018,2,4
2018020193,2018,7,6
2018020194,2018,4,3
2018020195,2018,9,2
2018020196,2018,1,4
2018020197,2018,3,4
2018020198,2018,3,0
2018020199,2018,0,5
2018020200,2018,3,4
2018020201,2018,1,5
2018020202,2018,1,0
2018020203,2018,5,3
2018020204,2018,3,0
2018020205,2018,4,1
2018020206,2018,4,3
2018020207,2018,3,4
2018020208,2018,3,1
2018020209,2018,3,2
2018020210,2018,2,1
2018020211,2018,3,4
2018020212,2018,1,5
2018020213,2018,4,2
2018020214,2018,2,5
2018020215,2018,3,1
2018020216,2018,5,3
2018020217,2018,4,1
2018020218,2018,7,3
2018020219,2018,3,2
2018020220,2018,5,2
2018020221,2018,4,1
2018020222,2018,4,1
2018020223,2018,4,3
2018020224,2018,2,1
2018020225,2018,1,4
2018020226,2018,3,2
2018020227,2018,5,8
2018020228,2018,4,1
2018020229,2018,5,4
2018020230,2018,5,6
2018020231,2018,3,5
2018020232,2018,4,2
2018020233,2018,3,4
2018020234,2018,4,3
2018020235,2018,1,3
2018020236,2018,6,1
2018020237,2018,1,2
2018020238,2018,3,2
2018020239,2018,4,0
2018020240,2018,5,2
2018020241,2018,1,5
2018020242,2018,4,3
2018020243,2018,4,0
2018020244,2018,4,5
2018020245,2018,5,1
2018020246,2018,5,4
2018020247,2018,4,6
2018020248,2018,4,2
2018020249,2018,4,0
2018020250,2018,3,4
2018020251,2018,4,5
2018020252,2018,0,1
2018020253,2018,2,3
2018020254,2018,5,1
2018020255,2018,1,4
2018020256,2018,4,1
2018020257,2018,5,2
2018020258,2018,3,1
2018020259,2018,1,4
2018020260,2018,2,1
2018020261,2018,3,2
2018020262,2018,1,2
2018020263,2018,2,1
2018020264,2018,2,1
2018020265,2018,4,2
2018020266,2018,5,2
2018020267,2018,1,2
2018020268,2018,6,1
2018020269,2018,2,5
2018020270,2018,6,2
2018020271,2018,1,5
2018020272,2018,5,4
2018020273,2018,1,0
2018020274,2018,3,1
2018020275,2018,6,3
2018020276,2018,5,0
2018020277,2018,7,5
2018020278,2018,0,3
2018020279,2018,3,4
2018020280,2018,7,3
2018020281,2018,2,1
2018020282,2018,6,2
2018020283,2018,2,3
2018020284,2018,2,1
2018020285,2018,3,5
2018020286,2018,1,0
2018020287,2018,1,2
2018020288,2018,1,2
2018020289,2018,2,3
2018020290,2018,1,4
2018020291,2018,1,2
2018020292,2018,2,3
2018020293,2018,5,6
2018020294,2018,2,3
2018020295,2018,6,4
2018020296,2018,4,2
2018020297,2018,1,4
2018020298,2018,2,3
2018020299,2018,5,3
2018020300,2018,1,2
2018020301,2018,4,2
2018020302,2018,4,0
2018020303,2018,2,6
2018020304,2018,2,1
2018020305,2018,3,1
2018020306,2018,3,6
2018020307,2018,3,4
2018020308,2018,4,2
2018020309,2018,2,1
2018020310,2018,4,5
2018020311,2018,4,5
2018020312,2018,5,7
2018020313,2018,0,2
2018020314,2018,3,2
2018020315,2018,7,2
2018020316,2018,3,6
2018020317,2018,3,4
2018020318,2018,5,2
2018020319,2018,5,2
2018020320,2018,5,0
2018020321,2018,5,1
2018020322,2018,4,2
2018020323,2018,5,2
2018020324,2018,3,2
2018020325,2018,7,3
2018020326,2018,4,1
2018020327,2018,6,4
2018020328,2018,2,3
2018020329,2018,6,3
2018020330,2018,4,3
2018020331,2018,3,7
2018020332,2018,4,0
2018020333,2018,3,2
2018020334,2018,3,4
2018020335,2018,3,1
2018020336,2018,4,2
2018020337,2018,2,1
2018020338,2018,2,0
2018020339,2018,4,2
2018020340,2018,2,1
2018020341,2018,4,2
2018020342,2018,4,1
2018020343,2018,6,2
2018020344,2018,6,4
2018020345,2018,1,5
2018020346,2018,4,0
2018020347,2018,3,5
2018020348,2018,6,0
2018020349,2018,2,3
2018020350,2018,2,3
2018020351,2018,4,5
2018020352,2018,4,1
2018020353,2018,4,2
2018020354,2018,4,8
2018020355,2018,3,2
2018020356,2018,6,0
2018020357,2018,2,4
2018020358,2018,1,6
2018020359,2018,5,2
2018020360,2018,5,2
2018020361,2018,5,2
2018020362,2018,4,2
2018020363,2018,4,3
2018020364,2018,1,4
2018020365,2018,4,2
2018020366,2018,5,7
2018020367,2018,3,2
2018020368,2018,3,4
2018020369,2018,1,2
2018020370,2018,1,3
2018020371,2018,2,3
2018020372,2018,3,4
2018020373,2018,3,4
2018020374,2018,3,8
2018020375,2018,1,0
2018020376,2018,1,2
2018020377,2018,4,3
2018020378,2018,2,3
2018020379,2018,5,3
2018020380,2018,3,4
2018020381,2018,6,3
2018020382,2018,2,1
2018020383,2018,4,2
2018020384,2018,3,0
2018020385,2018,5,4
2018020386,2018,0,3
2018020387,2018,6,5
2018020388,2018,3,2
2018020389,2018,3,4
2018020390,2018,3,2
2018020391,2018,6,3
2018020392,2018,1,2
2018020393,2018,2,3
2018020394,2018,4,1
2018020395,2018,6,2
2018020396,2018,1,2
2018020397,2018,2,4
2018020398,2018,5,2
2018020399,2018,4,5
2018020400,2018,3,4
2018020401,2018,3,2
2018020402,2018,2,4
2018020403,2018,3,5
2018020404,2018,5,2
2018020405,2018,6,1
2018020406,2018,2,1
2018020407,2018,5,6
2018020408,2018,3,4
2018020409,2018,1,3
2018020410,2018,0,2
2018020411,2018,2,3
2018020412,2018,2,0
2018020413,2018,1,5
2018020414,2018,2,1
2018020415,2018,4,1
2018020416,2018,3,4
2018020417,2018,5,0
2018020418,2018,1,3
2018020419,2018,6,3
2018020420,2018,6,9
2018020421,2018,5,2
2018020422,2018,5,6
2018020423,2018,2,3
2018020424,2018,5,3
2018020425,2018,1,2
2018020426,2018,2,3
2018020427,2018,4,2
2018020428,2018,5,1
2018020429,2018,4,5
2018020430,2018,2,5
2018020431,2018,3,4
2018020432,2018,6,2
2018020433,2018,2,5
2018020434,2018,3,2
2018020435,2018,2,0
2018020436,2018,2,4
2018020437,2018,5,3
2018020438,2018,4,3
2018020439,2018,3,6
2018020440,2018,3,2
2018020441,2018,0,1
2018020442,2018,7,2
2018020443,2018,1,4
2018020444,2018,2,6
2018020445,2018,5,1
2018020446,2018,6,3
2018020447,2018,2,1
2018020448,2018,2,3
2018020449,2018,7,1
2018020450,2018,4,5
2018020451,2018,0,4
2018020452,2018,3,5
2018020453,2018,5,2
2018020454,2018,1,6
2018020455,2018,7,1
2018020456,2018,1,2
2018020457,2018,2,3
2018020458,2018,6,5
2018020459,2018,1,0
2018020460,2018,4,2
2018020461,2018,1,2
2018020462,2018,3,1
2018020463,2018,6,3
2018020464,2018,5,2
2018020465,2018,4,3
2018020466,2018,4,3
2018020467,2018,6,2
2018020468,2018,1,4
2018020469,2018,2,3
2018020470,2018,4,3
2018020471,2018,3,1
2018020472,2018,7,1
2018020473,2018,6,3
2018020474,2018,4,6
2018020475,2018,2,3
2018020476,2018,6,3
2018020477,2018,6,5
2018020478,2018,6,3
2018020479,2018,3,1
2018020480,2018,4,1
2018020481,2018,6,4
2018020482,2018,4,1
2018020483,2018,4,3
2018020484,2018,5,1
2018020485,2018,5,4
2018020486,2018,3,2
2018020487,2018,5,4
2018020488,2018,3,4
2018020489,2018,5,3
2018020490,2018,2,4
2018020491,2018,5,6
2018020492,2018,4,3
2018020493,2018,3,4
2018020494,2018,4,1
2018020495,2018,1,2
2018020496,2018,5,2
2018020497,2018,4,3
2018020498,2018,4,3
2018020499,2018,4,3
2018020500,2018,4,3
2018020501,2018,1,2
2018020502,2018,2,1
2018020503,2018,6,4
2018020504,2018,5,1
2018020505,2018,3,4
2018020506,2018,3,0
2018020507,2018,2,7
2018020508,2018,2,4
2018020509,2018,3,7
2018020510,2018,5,4
2018020511,2018,4,2
2018020512,2018,2,4
2018020513,2018,1,0
2018020514,2018,0,4
2018020515,2018,4,3
2018020516,2018,1,4
2018020517,2018,2,5
2018020518,2018,2,7
2018020519,2018,3,1
2018020520,2018,3,2
2018020521,2018,0,4
2018020522,2018,2,1
2018020523,2018,2,0
2018020524,2018,1,4
2018020525,2018,1,3
2018020526,2018,2,5
2018020527,2018,4,1
2018020528,2018,1,2
2018020529,2018,2,1
2018020530,2018,3,1
2018020531,2018,6,1
2018020532,2018,2,1
2018020533,2018,2,1
2018020534,2018,1,4
2018020535,2018,2,1
2018020536,2018,2,5
2018020537,2018,4,5
2018020538,2018,1,2
2018020539,2018,5,1
2018020540,2018,4,2
2018020541,2018,3,5
2018020542,2018,5,2
2018020543,2018,2,1
2018020544,2018,1,2
2018020545,2018,5,2
2018020546,2018,3,4
2018020547,2018,1,2
2018020548,2018,1,3
2018020549,2018,3,4
2018020550,2018,2,3
2018020551,2018,3,0
2018020552,2018,5,3
2018020553,2018,0,4
2018020554,2018,0,3
2018020555,2018,6,4
2018020556,2018,1,2
2018020557,2018,3,6
2018020558,2018,0,1
2018020559,2018,0,3
2018020560,2018,5,3
2018020561,2018,2,3
2018020562,2018,3,6
2018020563,2018,5,4
2018020564,2018,1,3
2018020565,2018,3,4
2018020566,2018,3,4
2018020567,2018,2,5
2018020568,2018,3,4
2018020569,2018,5,2
2018020570,2018,3,1
2018020571,2018,6,5
2018020572,2018,4,1
2018020573,2018,0,2
2018020574,2018,1,4
2018020575,2018,5,2
2018020576,2018,2,4
2018020577,2018,2,1
2018020578,2018,2,1
2018020579,2018,4,2
2018020580,2018,3,5
2018020581,2018,6,3
2018020582,2018,2,4
2018020583,2018,2,0
2018020584,2018,1,3
2018020585,2018,4,7
2018020586,2018,1,4
2018020587,2018,2,3
2018020588,2018,0,4
2018020589,2018,2,3
2018020590,2018,6,5
2018020591,2018,2,1
2018020592,2018,1,6
2018020593,2018,3,4
2018020594,2018,5,1
2018020595,2018,2,3
2018020596,2018,2,3
2018020597,2018,4,5
2018020598,2018,1,5
2018020599,2018,3,6
2018020600,2018,4,0
2018020601,2018,1,3
2018020602,2018,3,1
2018020603,2018,2,3
2018020604,2018,6,3
2018020605,2018,1,2
2018020606,2018,3,4
2018020607,2018,2,3
2018020608,2018,2,3
2018020609,2018,8,5
2018020610,2018,3,4
2018020611,2018,1,2
2018020612,2018,2,4
2018020613,2018,4,0
2018020614,2018,2,0
2018020615,2018,3,4
2018020616,2018,3,5
2018020617,2018,2,7
2018020618,2018,5,4
2018020619,2018,4,5
2018020620,2018,1,3
2018020621,2018,3,4
2018020622,2018,6,4
2018020623,2018,4,3
2018020624,2018,3,2
2018020625,2018,3,5
2018020626,2018,2,0
2018020627,2018,5,2
2018020628,2018,2,6
2018020629,2018,4,0
2018020630,2018,4,3
2018020631,2018,4,2
2018020632,2018,2,1
2018020633,2018,6,1
2018020634,2018,2,3
2018020635,2018,2,3
2018020636,2018,2,3
2018020637,2018,3,4
2018020638,2018,2,1
2018020639,2018,5,0
2018020640,2018,1,4
2018020641,2018,3,4
2018020642,2018,3,4
2018020643,2018,4,0
2018020644,2018,5,2
2018020645,2018,5,0
2018020646,2018,3,2
2018020647,2018,4,5
2018020648,2018,2,3
2018020649,2018,5,1
2018020650,2018,3,5
2018020651,2018,0,4
2018020652,2018,0,4
2018020653,2018,0,3
2018020654,2018,0,1
2018020655,2018,3,4
2018020656,2018,3,1
2018020657,2018,4,0
2018020658,2018,5,1
2018020659,2018,3,4
2018020660,2018,5,1
2018020661,2018,5,3
2018020662,2018,2,3
2018020663,2018,4,0
2018020664,2018,1,3
2018020665,2018,7,4
2018020666,2018,4,2
2018020667,2018,7,2
2018020668,2018,3,4
2018020669,2018,5,3
2018020670,2018,1,2
2018020671,2018,2,4
2018020672,2018,2,4
2018020673,2018,3,4
2018020674,2018,2,1
2018020675,2018,4,3
2018020676,2018,3,1
2018020677,2018,4,1
2018020678,2018,3,2
2018020679,2018,4,3
2018020680,2018,3,4
2018020681,2018,2,3
2018020682,2018,1,4
2018020683,2018,4,3
2018020684,2018,4,2
2018020685,2018,4,3
2018020686,2018,4,7
2018020687,2018,3,2
2018020688,2018,1,2
2018020689,2018,3,5
2018020690,2018,2,3
2018020691,2018,3,0
2018020692,2018,1,2
2018020693,2018,2,5
2018020694,2018,3,4
2018020695,2018,1,3
2018020696,2018,2,3
2018020697,2018,4,1
2018020698,2018,5,2
2018020699,2018,6,3
2018020700,2018,7,5
2018020701,2018,4,3
2018020702,2018,5,1
2018020703,2018,5,1
2018020704,2018,7,1
2018020705,2018,2,3
2018020706,2018,3,6
2018020707,2018,8,5
2018020708,2018,7,4
2018020709,2018,1,4
2018020710,2018,7,2
2018020711,2018,2,1
2018020712,2018,6,2
2018020713,2018,4,1
2018020714,2018,5,1
2018020715,2018,3,1
2018020716,2018,7,2
2018020717,2018,3,2
2018020718,2018,4,1
2018020719,2018,0,2
2018020720,2018,5,2
2018020721,2018,5,2
2018020722,2018,4,3
2018020723,2018,3,4
2018020724,2018,2,3
2018020725,2018,6,3
2018020726,2018,5,2
2018020727,2018,4,1
2018020728,2018,4,3
2018020729,2018,2,4
2018020730,2018,1,5
2018020731,2018,0,3
2018020732,2018,1,2
2018020733,2018,3,1
2018020734,2018,1,4
2018020735,2018,0,2
2018020736,2018,1,4
2018020737,2018,6,4
2018020738,2018,2,3
2018020739,2018,4,3
2018020740,2018,2,3
2018020741,2018,7,1
2018020742,2018,2,3
2018020743,2018,2,5
2018020744,2018,6,3
2018020745,2018,3,2
2018020746,2018,4,2
2018020747,2018,2,4
2018020748,2018,2,1
2018020749,2018,2,5
2018020750,2018,7,3
2018020751,2018,8,5
2018020752,2018,3,0
2018020753,2018,3,2
2018020754,2018,2,4
2018020755,2018,4,7
2018020756,2018,1,4
2018020757,2018,2,4
2018020758,2018,6,2
2018020759,2018,4,3
2018020760,2018,6,7
2018020761,2018,2,3
2018020762,2018,3,2
2018020763,2018,3,2
2018020764,2018,2,3
2018020765,2018,6,3
2018020766,2018,2,1
2018020767,2018,2,5
2018020768,2018,1,2
2018020769,2018,1,5
2018020770,2018,2,5
2018020771,2018,3,1
2018020772,2018,3,6
2018020773,2018,3,4
2018020774,2018,0,1
2018020775,2018,4,5
2018020776,2018,4,2
2018020777,2018,1,0
2018020778,2018,2,3
2018020779,2018,3,4
2018020780,2018,4,3
2018020781,2018,3,7
2018020782,2018,1,4
2018020783,2018,0,1
2018020784,2018,5,3
2018020785,2018,4,3
2018020786,2018,3,2
2018020787,2018,5,2
2018020788,2018,3,1
2018020789,2018,5,4
2018020790,2018,2,3
2018020791,2018,3,2
2018020792,2018,0,2
2018020793,2018,3,1
2018020794,2018,4,2
2018020795,2018,2,3
2018020796,2018,2,4
2018020797,2018,9,3
2018020798,2018,1,3
2018020799,2018,3,4
2018020800,2018,1,5
2018020801,2018,3,2
2018020802,2018,0,1
2018020803,2018,4,3
2018020804,2018,3,4
2018020805,2018,6,1
2018020806,2018,3,4
2018020807,2018,2,1
2018020808,2018,5,4
2018020809,2018,3,1
2018020810,2018,5,4
2018020811,2018,2,3
2018020812,2018,1,5
2018020813,2018,0,4
2018020814,2018,3,2
2018020815,2018,4,1
2018020816,2018,2,3
2018020817,2018,5,2
2018020818,2018,2,3
2018020819,2018,3,6
2018020820,2018,2,6
2018020821,2018,5,4
2018020822,2018,4,3
2018020823,2018,5,6
2018020824,2018,3,2
2018020825,2018,1,2
2018020826,2018,2,3
2018020827,2018,4,3
2018020828,2018,5,2
2018020829,2018,4,0
2018020830,2018,3,4
2018020831,2018,0,1
2018020832,2018,3,2
2018020833,2018,1,4
2018020834,2018,4,3
2018020835,2018,2,5
2018020836,2018,2,4
2018020837,2018,0,3
2018020838,2018,5,4
2018020839,2018,3,1
2018020840,2018,2,4
2018020841,2018,4,3
2018020842,2018,6,2
2018020843,2018,5,2
2018020844,2018,3,2
2018020845,2018,3,2
2018020846,2018,3,4
2018020847,2018,5,4
2018020848,2018,4,5
2018020849,2018,2,5
2018020850,2018,4,3
2018020851,2018,3,4
2018020852,2018,4,5
2018020853,2018,2,1
2018020854,2018,1,3
2018020855,2018,3,2
2018020856,2018,2,1
2018020857,2018,5,2
2018020858,2018,2,5
2018020859,2018,4,1
2018020860,2018,1,4
2018020861,2018,6,4
2018020862,2018,2,7
2018020863,2018,6,3
2018020864,2018,3,1
2018020865,2018,0,3
2018020866,2018,3,0
2018020867,2018,1,4
2018020868,2018,6,3
2018020869,2018,8,3
2018020870,2018,2,3
2018020871,2018,4,5
2018020872,2018,4,3
2018020873,2018,2,5
2018020874,2018,2,5
2018020875,2018,3,1
2018020876,2018,1,0
2018020877,2018,3,2
2018020878,2018,0,3
2018020879,2018,3,2
2018020880,2018,6,0
2018020881,2018,3,1
2018020882,2018,1,4
2018020883,2018,5,2
2018020884,2018,0,4
2018020885,2018,3,6
2018020886,2018,3,4
2018020887,2018,1,5
2018020888,2018,2,6
2018020889,2018,3,1
2018020890,2018,4,5
2018020891,2018,0,3
2018020892,2018,6,5
2018020893,2018,4,5
2018020894,2018,0,3
2018020895,2018,3,0
2018020896,2018,5,2
2018020897,2018,3,4
2018020898,2018,2,0
2018020899,2018,3,0
2018020900,2018,2,5
2018020901,2018,5,1
2018020902,2018,3,2
2018020903,2018,2,4
2018020904,2018,6,5
2018020905,2018,0,4
2018020906,2018,4,1
2018020907,2018,1,3
2018020908,2018,6,3
2018020909,2018,5,2
2018020910,2018,5,2
2018020911,2018,1,5
2018020912,2018,8,7
2018020913,2018,3,0
2018020914,2018,2,3
2018020915,2018,5,6
2018020916,2018,4,2
2018020917,2018,3,4
2018020918,2018,2,5
2018020919,2018,1,2
2018020920,2018,3,2
2018020921,2018,3,2
2018020922,2018,0,4
2018020923,2018,3,5
2018020924,2018,2,3
2018020925,2018,4,5
2018020926,2018,7,1
2018020927,2018,4,2
2018020928,2018,2,3
2018020929,2018,2,3
2018020930,2018,3,4
2018020931,2018,4,0
2018020932,2018,1,4
2018020933,2018,0,4
2018020934,2018,5,1
2018020935,2018,2,1
2018020936,2018,2,1
2018020937,2018,5,2
2018020938,2018,4,3
2018020939,2018,2,3
2018020940,2018,0,3
2018020941,2018,2,3
2018020942,2018,3,5
2018020943,2018,2,1
2018020944,2018,3,6
2018020945,2018,5,2
2018020946,2018,5,2
2018020947,2018,2,1
2018020948,2018,6,1
2018020949,2018,4,0
2018020950,2018,0,3
2018020951,2018,0,5
2018020952,2018,6,3
2018020953,2018,4,3
2018020954,2018,2,1
2018020955,2018,0,4
2018020956,2018,6,5
2018020957,2018,3,5
2018020958,2018,3,4
2018020959,2018,1,2
2018020960,2018,2,1
2018020961,2018,4,1
2018020962,2018,5,3
2018020963,2018,2,1
2018020964,2018,4,3
2018020965,2018,3,2
2018020966,2018,3,4
2018020967,2018,4,0
2018020968,2018,4,1
2018020969,2018,1,3
2018020970,2018,5,2
2018020971,2018,7,2
2018020972,2018,6,1
2018020973,2018,2,5
2018020974,2018,1,8
2018020975,2018,2,0
2018020976,2018,2,3
2018020977,2018,4,3
2018020978,2018,4,1
2018020979,2018,6,2
2018020980,2018,1,2
2018020981,2018,3,4
2018020982,2018,3,2
2018020983,2018,3,4
2018020984,2018,4,1
2018020985,2018,6,1
2018020986,2018,4,3
2018020987,2018,2,4
2018020988,2018,5,2
2018020989,2018,6,5
2018020990,2018,3,4
2018020991,2018,4,3
2018020992,2018,3,6
2018020993,2018,1,3
2018020994,2018,2,4
2018020995,2018,5,2
2018020996,2018,5,3
2018020997,2018,0,3
2018020998,2018,4,3
2018020999,2018,0,4
2018021000,2018,6,3
2018021001,2018,1,0
2018021002,2018,5,2
2018021003,2018,1,5
2018021004,2018,5,1
2018021005,2018,3,4
2018021006,2018,1,4
2018021007,2018,3,1
2018021008,2018,2,4
2018021009,2018,2,3
2018021010,2018,1,4
2018021011,2018,3,0
2018021012,2018,2,1
2018021013,2018,2,3
2018021014,2018,2,5
2018021015,2018,2,3
2018021016,2018,5,2
2018021017,2018,3,4
2018021018,2018,2,6
2018021019,2018,4,3
2018021020,2018,1,2
2018021021,2018,5,4
2018021022,2018,3,2
2018021023,2018,5,2
2018021024,2018,5,4
2018021025,2018,1,0
2018021026,2018,4,3
2018021027,2018,1,3
2018021028,2018,1,3
2018021029,2018,3,5
2018021030,2018,3,2
2018021031,2018,4,5
2018021032,2018,2,1
2018021033,2018,4,3
2018021034,2018,3,0
2018021035,2018,2,4
2018021036,2018,3,2
2018021037,2018,0,3
2018021038,2018,5,4
2018021039,2018,4,0
2018021040,2018,3,2
2018021041,2018,2,0
2018021042,2018,0,4
2018021043,2018,5,2
2018021044,2018,6,2
2018021045,2018,3,0
2018021046,2018,1,8
2018021047,2018,8,2
2018021048,2018,3,0
2018021049,2018,3,2
2018021050,2018,3,2
2018021051,2018,3,2
2018021052,2018,2,5
2018021053,2018,4,2
2018021054,2018,4,1
2018021055,2018,2,3
2018021056,2018,3,5
2018021057,2018,1,2
2018021058,2018,4,2
2018021059,2018,2,6
2018021060,2018,6,1
2018021061,2018,3,1
2018021062,2018,4,2
2018021063,2018,6,3
2018021064,2018,2,3
2018021065,2018,2,6
2018021066,2018,2,0
2018021067,2018,3,2
2018021068,2018,0,3
2018021069,2018,7,1
2018021070,2018,0,3
2018021071,2018,3,2
2018021072,2018,0,2
2018021073,2018,5,3
2018021074,2018,7,4
2018021075,2018,3,1
2018021076,2018,1,3
2018021077,2018,4,5
2018021078,2018,9,4
2018021079,2018,3,2
2018021080,2018,4,5
2018021081,2018,3,6
2018021082,2018,4,1
2018021083,2018,0,5
2018021084,2018,2,1
2018021085,2018,2,5
2018021086,2018,2,0
2018021087,2018,4,5
2018021088,2018,1,4
2018021089,2018,4,3
2018021090,2018,6,1
2018021091,2018,1,3
2018021092,2018,2,4
2018021093,2018,7,6
2018021094,2018,3,0
2018021095,2018,1,2
2018021096,2018,3,5
2018021097,2018,5,1
2018021098,2018,2,3
2018021099,2018,1,5
2018021100,2018,2,1
2018021101,2018,3,4
2018021102,2018,2,1
2018021103,2018,0,2
2018021104,2018,6,2
2018021105,2018,6,3
2018021106,2018,4,2
2018021107,2018,2,1
2018021108,2018,5,2
2018021109,2018,2,3
2018021110,2018,2,4
2018021111,2018,3,0
2018021112,2018,4,3
2018021113,2018,2,3
2018021114,2018,2,3
2018021115,2018,1,2
2018021116,2018,3,2
2018021117,2018,6,3
2018021118,2018,4,1
2018021119,2018,2,3
2018021120,2018,2,3
2018021121,2018,3,7
2018021122,2018,1,4
2018021123,2018,0,5
2018021124,2018,2,3
2018021125,2018,1,3
2018021126,2018,3,2
2018021127,2018,7,2
2018021128,2018,3,0
2018021129,2018,1,3
2018021130,2018,4,2
2018021131,2018,4,2
2018021132,2018,2,4
2018021133,2018,4,5
2018021134,2018,7,4
2018021135,2018,0,3
2018021136,2018,4,2
2018021137,2018,1,5
2018021138,2018,3,6
2018021139,2018,4,0
2018021140,2018,5,2
2018021141,2018,1,2
2018021142,2018,1,3
2018021143,2018,1,3
2018021144,2018,5,1
2018021145,2018,4,1
2018021146,2018,5,0
2018021147,2018,4,2
2018021148,2018,1,2
2018021149,2018,4,3
2018021150,2018,2,1
2018021151,2018,2,4
2018021152,2018,4,2
2018021153,2018,3,4
2018021154,2018,1,2
2018021155,2018,7,4
2018021156,2018,3,7
2018021157,2018,5,1
2018021158,2018,5,0
2018021159,2018,4,3
2018021160,2018,2,3
2018021161,2018,1,3
2018021162,2018,2,3
2018021163,2018,4,3
2018021164,2018,3,1
2018021165,2018,2,0
2018021166,2018,2,1
2018021167,2018,2,1
2018021168,2018,0,5
2018021169,2018,7,5
2018021170,2018,3,1
2018021171,2018,2,5
2018021172,2018,5,4
2018021173,2018,3,1
2018021174,2018,0,1
2018021175,2018,2,5
2018021176,2018,0,3
2018021177,2018,2,3
2018021178,2018,4,1
2018021179,2018,4,0
2018021180,2018,6,1
2018021181,2018,4,0
2018021182,2018,8,4
2018021183,2018,4,5
2018021184,2018,1,0
2018021185,2018,5,4
2018021186,2018,6,3
2018021187,2018,1,2
2018021188,2018,4,3
2018021189,2018,4,5
2018021190,2018,2,3
2018021191,2018,6,2
2018021192,2018,2,5
2018021193,2018,4,5
2018021194,2018,2,3
2018021195,2018,3,2
2018021196,2018,4,5
2018021197,2018,4,2
2018021198,2018,1,3
2018021199,2018,4,0
2018021200,2018,3,2
2018021201,2018,6,1
2018021202,2018,2,3
2018021203,2018,5,2
2018021204,2018,1,4
2018021205,2018,4,2
2018021206,2018,3,6
2018021207,2018,2,3
2018021208,2018,5,1
2018021209,2018,1,3
2018021210,2018,2,5
2018021211,2018,4,3
2018021212,2018,1,5
2018021213,2018,3,2
2018021214,2018,3,2
2018021215,2018,0,3
2018021216,2018,3,1
2018021217,2018,4,0
2018021218,2018,0,4
2018021219,2018,6,3
2018021220,2018,3,5
2018021221,2018,5,3
2018021222,2018,4,2
2018021223,2018,1,2
2018021224,2018,2,5
2018021225,2018,3,2
2018021226,2018,3,4
2018021227,2018,3,1
2018021228,2018,2,7
2018021229,2018,2,3
2018021230,2018,2,6
2018021231,2018,1,4
2018021232,2018,4,2
2018021233,2018,4,1
2018021234,2018,5,1
2018021235,2018,6,2
2018021236,2018,6,2
2018021237,2018,4,2
2018021238,2018,1,3
2018021239,2018,1,4
2018021240,2018,4,3
2018021241,2018,3,1
2018021242,2018,5,2
2018021243,2018,1,3
2018021244,2018,1,2
2018021245,2018,4,1
2018021246,2018,2,1
2018021247,2018,3,1
2018021248,2018,7,3
2018021249,2018,3,2
2018021250,2018,0,3
2018021251,2018,3,2
2018021252,2018,2,3
2018021253,2018,1,4
2018021254,2018,2,3
2018021255,2018,6,1
2018021256,2018,5,2
2018021257,2018,3,6
2018021258,2018,3,2
2018021259,2018,6,5
2018021260,2018,2,6
2018021261,2018,1,7
2018021262,2018,3,4
2018021263,2018,3,4
2018021264,2018,3,4
2018021265,2018,0,3
2018021266,2018,5,2
2018021267,2018,3,0
2018021268,2018,1,3
2018021269,2018,2,4
2018021270,2018,5,2
2018021271,2018,5,2
2018030111,2018,3,4
2018030112,2018,1,5
2018030113,2018,3,1
2018030114,2018,7,3
2018030121,2018,1,4
2018030122,2018,4,1
2018030123,2018,3,2
2018030124,2018,4,6
2018030125,2018,1,2
2018030126,2018,2,4
2018030127,2018,5,1
2018030131,2018,4,2
2018030132,2018,4,3
2018030133,2018,5,0
2018030134,2018,2,1
2018030135,2018,6,0
2018030136,2018,5,2
2018030137,2018,3,4
2018030141,2018,4,3
2018030142,2018,3,1
2018030143,2018,1,4
2018030144,2018,1,3
2018030151,2018,2,3
2018030152,2018,2,1
2018030153,2018,2,3
2018030154,2018,5,1
2018030155,2018,3,5
2018030156,2018,2,1
2018030161,2018,1,2
2018030162,2018,3,4
2018030163,2018,3,6
2018030164,2018,1,2
2018030165,2018,2,3
2018030166,2018,3,2
2018030171,2018,4,0
2018030172,2018,2,3
2018030173,2018,6,2
2018030174,2018,3,2
2018030175,2018,1,5
2018030181,2018,5,2
2018030182,2018,3,5
2018030183,2018,6,3
2018030184,2018,5,0
2018030185,2018,5,2
2018030186,2018,1,2
2018030187,2018,5,4
2018030211,2018,3,2
2018030212,2018,2,3
2018030213,2018,2,1
2018030214,2018,1,4
2018030215,2018,4,3
2018030216,2018,0,3
2018030221,2018,0,1
2018030222,2018,1,2
2018030223,2018,5,2
2018030224,2018,5,2
2018030231,2018,3,2
2018030232,2018,2,4
2018030233,2018,3,4
2018030234,2018,4,2
2018030235,2018,1,2
2018030236,2018,1,4
2018030237,2018,2,1
2018030241,2018,5,2
2018030242,2018,3,4
2018030243,2018,2,4
2018030244,2018,3,0
2018030245,2018,2,1
2018030246,2018,4,3
2018030247,2018,3,2
2018030311,2018,5,2
2018030312,2018,6,2
2018030313,2018,1,2
2018030314,2018,0,4
2018030321,2018,6,3
2018030322,2018,2,4
2018030323,2018,4,5
2018030324,2018,2,1
2018030325,2018,0,5
2018030326,2018,5,1
2018030411,2018,4,2
2018030412,2018,2,3
2018030413,2018,2,7
2018030414,2018,4,2
2018030415,2018,1,2
2018030416,2018,1,5
2018030417,2018,1,4
2018040642,2018,4,7
2018040643,2018,5,10
2019020001,2019,5,3
2019020002,2019,2,3
2019020003,2019,3,2
2019020004,2019,4,1
2019020005,2019,5,2
2019020006,2019,6,4
2019020007,2019,1,3
2019020008,2019,4,3
2019020009,2019,5,2
2019020010,2019,1,2
2019020011,2019,5,3
2019020012,2019,2,1
2019020013,2019,4,5
2019020014,2019,1,2
2019020015,2019,1,4
2019020016,2019,4,3
2019020017,2019,1,5
2019020018,2019,7,2
2019020019,2019,5,6
2019020020,2019,1,4
2019020021,2019,4,3
2019020022,2019,7,2
2019020023,2019,2,3
2019020024,2019,3,2
2019020025,2019,3,5
2019020026,2019,4,2
2019020027,2019,0,1
2019020028,2019,3,0
2019020029,2019,6,5
2019020030,2019,3,1
2019020031,2019,4,3
2019020032,2019,4,3
2019020033,2019,4,1
2019020034,2019,2,3
2019020035,2019,4,3
2019020036,2019,3,6
2019020037,2019,2,5
2019020038,2019,1,4
2019020039,2019,3,4
2019020040,2019,1,3
2019020041,2019,5,2
2019020042,2019,3,4
2019020043,2019,3,4
2019020044,2019,5,4
2019020045,2019,4,0
2019020046,2019,8,2
2019020047,2019,3,7
2019020048,2019,2,4
2019020049,2019,3,4
2019020050,2019,2,1
2019020051,2019,4,6
2019020052,2019,6,5
2019020053,2019,5,2
2019020054,2019,4,5
2019020055,2019,2,3
2019020056,2019,4,2
2019020057,2019,4,1
2019020058,2019,3,2
2019020059,2019,1,2
2019020060,2019,5,2
2019020061,2019,1,4
2019020062,2019,4,2
2019020063,2019,7,4
2019020064,2019,3,0
2019020065,2019,6,3
2019020066,2019,2,5
2019020067,2019,3,2
2019020068,2019,2,3
2019020069,2019,2,3
2019020070,2019,1,4
2019020071,2019,4,7
2019020072,2019,3,2
2019020073,2019,3,2
2019020074,2019,6,2
2019020075,2019,2,7
2019020076,2019,2,5
2019020077,2019,3,1
2019020078,2019,4,2
2019020079,2019,0,2
2019020080,2019,4,6
2019020081,2019,3,2
2019020082,2019,4,0
2019020083,2019,3,6
2019020084,2019,3,1
2019020085,2019,4,2
2019020086,2019,1,3
2019020087,2019,2,4
2019020088,2019,3,1
2019020089,2019,5,1
2019020090,2019,2,5
2019020091,2019,0,2
2019020092,2019,3,2
2019020093,2019,4,3
2019020094,2019,3,2
2019020095,2019,6,3
2019020096,2019,5,2
2019020097,2019,5,2
2019020098,2019,3,4
2019020099,2019,4,0
2019020100,2019,5,2
2019020101,2019,3,4
2019020102,2019,1,3
2019020103,2019,5,1
2019020104,2019,5,2
2019020105,2019,3,2
2019020106,2019,0,3
2019020107,2019,4,5
2019020108,2019,4,2
2019020109,2019,5,2
2019020110,2019,3,2
2019020111,2019,2,1
2019020112,2019,4,2
2019020113,2019,1,0
2019020114,2019,2,5
2019020115,2019,4,3
2019020116,2019,2,6
2019020117,2019,1,4
2019020118,2019,0,3
2019020119,2019,2,3
2019020120,2019,5,2
2019020121,2019,2,3
2019020122,2019,4,1
2019020123,2019,3,4
2019020124,2019,2,3
2019020125,2019,4,3
2019020126,2019,3,5
2019020127,2019,1,0
2019020128,2019,1,2
2019020129,2019,3,4
2019020130,2019,6,2
2019020131,2019,3,1
2019020132,2019,2,1
2019020133,2019,4,2
2019020134,2019,4,3
2019020135,2019,4,2
2019020136,2019,2,3
2019020137,2019,2,5
2019020138,2019,6,1
2019020139,2019,3,0
2019020140,2019,2,3
2019020141,2019,1,2
2019020142,2019,3,5
2019020143,2019,5,2
2019020144,2019,3,2
2019020145,2019,2,4
2019020146,2019,4,2
2019020147,2019,6,2
2019020148,2019,4,3
2019020149,2019,5,2
2019020150,2019,4,0
2019020151,2019,1,4
2019020152,2019,2,1
2019020153,2019,6,5
2019020154,2019,4,3
2019020155,2019,1,6
2019020156,2019,4,1
2019020157,2019,3,5
2019020158,2019,2,4
2019020159,2019,0,2
2019020160,2019,5,6
2019020161,2019,4,0
2019020162,2019,3,0
2019020163,2019,5,2
2019020164,2019,2,3
2019020165,2019,7,4
2019020166,2019,0,3
2019020167,2019,5,1
2019020168,2019,2,1
2019020169,2019,2,5
2019020170,2019,2,6
2019020171,2019,4,5
2019020172,2019,5,2
2019020173,2019,5,3
2019020174,2019,4,7
2019020175,2019,5,1
2019020176,2019,5,2
2019020177,2019,2,3
2019020178,2019,7,2
2019020179,2019,5,1
2019020180,2019,3,4
2019020181,2019,4,1
2019020182,2019,7,1
2019020183,2019,2,1
2019020184,2019,3,1
2019020185,2019,3,0
2019020186,2019,6,3
2019020187,2019,7,4
2019020188,2019,6,7
2019020189,2019,1,4
2019020190,2019,2,1
2019020191,2019,3,4
2019020192,2019,1,4
2019020193,2019,3,5
2019020194,2019,5,6
2019020195,2019,4,5
2019020196,2019,3,4
2019020197,2019,5,2
2019020198,2019,6,1
2019020199,2019,7,3
2019020200,2019,4,3
2019020201,2019,1,2
2019020202,2019,2,1
2019020203,2019,2,3
2019020204,2019,1,2
2019020205,2019,1,2
2019020206,2019,5,2
2019020207,2019,0,1
2019020208,2019,4,0
2019020209,2019,3,4
2019020210,2019,3,5
2019020211,2019,0,3
2019020212,2019,4,1
2019020213,2019,3,4
2019020214,2019,3,0
2019020215,2019,3,4
2019020216,2019,2,5
2019020217,2019,4,3
2019020218,2019,4,2
2019020219,2019,2,3
2019020220,2019,6,4
2019020221,2019,2,6
2019020222,2019,1,6
2019020223,2019,2,3
2019020224,2019,5,4
2019020225,2019,4,1
2019020226,2019,4,1
2019020227,2019,1,2
2019020228,2019,3,1
2019020229,2019,1,2
2019020230,2019,4,1
2019020231,2019,4,3
2019020232,2019,1,2
2019020233,2019,2,4
2019020234,2019,4,2
2019020235,2019,5,1
2019020236,2019,2,5
2019020237,2019,2,1
2019020238,2019,4,5
2019020239,2019,3,4
2019020240,2019,3,2
2019020241,2019,2,4
2019020242,2019,3,2
2019020243,2019,5,2
2019020244,2019,9,4
2019020245,2019,5,2
2019020246,2019,2,3
2019020247,2019,6,5
2019020248,2019,4,2
2019020249,2019,2,3
2019020250,2019,4,1
2019020251,2019,4,0
2019020252,2019,2,1
2019020253,2019,2,3
2019020254,2019,3,2
2019020255,2019,4,1
2019020256,2019,5,3
2019020257,2019,3,2
2019020258,2019,5,2
2019020259,2019,3,4
2019020260,2019,4,2
2019020261,2019,2,3
2019020262,2019,2,1
2019020263,2019,5,6
2019020264,2019,3,2
2019020265,2019,1,2
2019020266,2019,3,2
2019020267,2019,2,3
2019020268,2019,5,4
2019020269,2019,2,6
2019020270,2019,3,4
2019020271,2019,8,2
2019020272,2019,4,5
2019020273,2019,3,2
2019020274,2019,3,2
2019020275,2019,2,3
2019020276,2019,0,4
2019020277,2019,5,3
2019020278,2019,3,4
2019020279,2019,3,1
2019020280,2019,6,3
2019020281,2019,2,4
2019020282,2019,5,4
2019020283,2019,1,2
2019020284,2019,1,3
2019020285,2019,3,5
2019020286,2019,4,5
2019020287,2019,9,3
2019020288,2019,3,4
2019020289,2019,3,2
2019020290,2019,6,2
2019020291,2019,2,4
2019020292,2019,3,5
2019020293,2019,3,2
2019020294,2019,2,4
2019020295,2019,2,1
2019020296,2019,2,5
2019020297,2019,3,2
2019020298,2019,2,1
2019020299,2019,3,4
2019020300,2019,3,4
2019020301,2019,4,5
2019020302,2019,3,0
2019020303,2019,2,3
2019020304,2019,4,2
2019020305,2019,3,4
2019020306,2019,4,3
2019020307,2019,3,4
2019020308,2019,6,1
2019020309,2019,1,4
2019020310,2019,2,7
2019020311,2019,4,5
2019020312,2019,4,3
2019020313,2019,4,3
2019020314,2019,4,1
2019020315,2019,6,0
2019020316,2019,5,2
2019020317,2019,3,0
2019020318,2019,1,4
2019020319,2019,5,2
2019020320,2019,1,5
2019020321,2019,4,5
2019020322,2019,5,2
2019020323,2019,3,4
2019020324,2019,3,1
2019020325,2019,1,2
2019020326,2019,2,4
2019020327,2019,6,1
2019020328,2019,2,3
2019020329,2019,4,2
2019020330,2019,2,5
2019020331,2019,1,2
2019020332,2019,4,1
2019020333,2019,3,2
2019020334,2019,5,4
2019020335,2019,4,3
2019020336,2019,3,5
2019020337,2019,5,4
2019020338,2019,5,0
2019020339,2019,3,6
2019020340,2019,3,2
2019020341,2019,2,4
2019020342,2019,5,3
2019020343,2019,1,3
2019020344,2019,1,2
2019020345,2019,5,1
2019020346,2019,4,1
2019020347,2019,4,1
2019020348,2019,1,2
2019020349,2019,2,3
2019020350,2019,2,3
2019020351,2019,5,4
2019020352,2019,5,6
2019020353,2019,6,2
2019020354,2019,5,1
2019020355,2019,4,2
2019020356,2019,4,3
2019020357,2019,3,5
2019020358,2019,2,4
2019020359,2019,2,1
2019020360,2019,2,4
2019020361,2019,2,1
2019020362,2019,2,5
2019020363,2019,0,2
2019020364,2019,3,4
2019020365,2019,5,2
2019020366,2019,3,2
2019020367,2019,2,1
2019020368,2019,3,2
2019020369,2019,1,0
2019020370,2019,3,2
2019020371,2019,4,2
2019020372,2019,3,0
2019020373,2019,3,4
2019020374,2019,1,8
2019020375,2019,2,3
2019020376,2019,3,0
2019020377,2019,2,3
2019020378,2019,1,2
2019020379,2019,0,6
2019020380,2019,3,4
2019020381,2019,3,2
2019020382,2019,8,6
2019020383,2019,4,3
2019020384,2019,2,3
2019020385,2019,3,4
2019020386,2019,4,3
2019020387,2019,4,1
2019020388,2019,4,1
2019020389,2019,1,5
2019020390,2019,4,6
2019020391,2019,3,2
2019020392,2019,6,4
2019020393,2019,6,1
2019020394,2019,2,5
2019020395,2019,7,2
2019020396,2019,0,3
2019020397,2019,4,1
2019020398,2019,4,3
2019020399,2019,2,1
2019020400,2019,5,2
2019020401,2019,0,3
2019020402,2019,1,3
2019020403,2019,0,4
2019020404,2019,3,4
2019020405,2019,2,1
2019020406,2019,2,5
2019020407,2019,2,3
2019020408,2019,3,0
2019020409,2019,2,0
2019020410,2019,3,1
2019020411,2019,5,2
2019020412,2019,2,4
2019020413,2019,7,3
2019020414,2019,2,5
2019020415,2019,2,1
2019020416,2019,3,2
2019020417,2019,3,1
2019020418,2019,2,3
2019020419,2019,7,1
2019020420,2019,1,4
2019020421,2019,1,4
2019020422,2019,0,4
2019020423,2019,4,2
2019020424,2019,2,0
2019020425,2019,4,2
2019020426,2019,2,4
2019020427,2019,3,4
2019020428,2019,6,1
2019020429,2019,2,4
2019020430,2019,2,3
2019020431,2019,5,1
2019020432,2019,5,2
2019020433,2019,2,5
2019020434,2019,1,3
2019020435,2019,3,0
2019020436,2019,2,5
2019020437,2019,1,3
2019020438,2019,3,4
2019020439,2019,2,3
2019020440,2019,4,5
2019020441,2019,3,2
2019020442,2019,1,3
2019020443,2019,3,2
2019020444,2019,2,3
2019020445,2019,3,2
2019020446,2019,4,3
2019020447,2019,1,2
2019020448,2019,1,2
2019020449,2019,2,0
2019020450,2019,2,1
2019020451,2019,2,3
2019020452,2019,4,3
2019020453,2019,6,5
2019020454,2019,1,4
2019020455,2019,3,5
2019020456,2019,7,1
2019020457,2019,4,1
2019020458,2019,6,2
2019020459,2019,2,5
2019020460,2019,6,4
2019020461,2019,3,1
2019020462,2019,4,3
2019020463,2019,3,2
2019020464,2019,5,1
2019020465,2019,3,4
2019020466,2019,0,5
2019020467,2019,2,3
2019020468,2019,1,5
2019020469,2019,2,5
2019020470,2019,5,2
2019020471,2019,4,5
2019020472,2019,5,2
2019020473,2019,1,2
2019020474,2019,1,4
2019020475,2019,3,1
2019020476,2019,2,3
2019020477,2019,5,1
2019020478,2019,2,0
2019020479,2019,3,6
2019020480,2019,2,5
2019020481,2019,1,4
2019020482,2019,5,1
2019020483,2019,3,1
2019020484,2019,3,2
2019020485,2019,3,2
2019020486,2019,3,1
2019020487,2019,4,3
2019020488,2019,3,2
2019020489,2019,1,3
2019020490,2019,1,0
2019020491,2019,5,2
2019020492,2019,4,2
2019020493,2019,6,5
2019020494,2019,4,2
2019020495,2019,5,2
2019020496,2019,1,0
2019020497,2019,1,2
2019020498,2019,3,6
2019020499,2019,2,3
2019020500,2019,3,1
2019020501,2019,4,3
2019020502,2019,3,2
2019020503,2019,0,4
2019020504,2019,4,3
2019020505,2019,1,4
2019020506,2019,1,2
2019020507,2019,2,5
2019020508,2019,2,4
2019020509,2019,5,4
2019020510,2019,4,1
2019020511,2019,1,4
2019020512,2019,4,3
2019020513,2019,1,2
2019020514,2019,4,2
2019020515,2019,7,3
2019020516,2019,2,4
2019020517,2019,5,3
2019020518,2019,6,3
2019020519,2019,6,1
2019020520,2019,2,5
2019020521,2019,3,0
2019020522,2019,5,2
2019020523,2019,1,2
2019020524,2019,3,4
2019020525,2019,5,3
2019020526,2019,4,3
2019020527,2019,3,8
2019020528,2019,4,1
2019020529,2019,3,5
2019020530,2019,3,6
2019020531,2019,1,4
2019020532,2019,1,3
2019020533,2019,3,2
2019020534,2019,2,3
2019020535,2019,3,1
2019020536,2019,1,4
2019020537,2019,2,1
2019020538,2019,2,3
2019020539,2019,3,4
2019020540,2019,6,1
2019020541,2019,3,2
2019020542,2019,5,4
2019020543,2019,1,4
2019020544,2019,1,3
2019020545,2019,3,4
2019020546,2019,5,8
2019020547,2019,5,4
2019020548,2019,7,4
2019020549,2019,3,6
2019020550,2019,3,6
2019020551,2019,2,5
2019020552,2019,3,2
2019020553,2019,5,6
2019020554,2019,0,6
2019020555,2019,3,4
2019020556,2019,4,1
2019020557,2019,4,5
2019020558,2019,3,1
2019020559,2019,2,4
2019020560,2019,5,1
2019020561,2019,4,3
2019020562,2019,3,5
2019020563,2019,4,1
2019020564,2019,2,5
2019020565,2019,5,1
2019020566,2019,2,5
2019020567,2019,1,5
2019020568,2019,1,3
2019020569,2019,8,6
2019020570,2019,3,0
2019020571,2019,7,3
2019020572,2019,6,1
2019020573,2019,2,3
2019020574,2019,5,1
2019020575,2019,3,1
2019020576,2019,3,2
2019020577,2019,2,6
2019020578,2019,1,7
2019020579,2019,4,2
2019020580,2019,3,7
2019020581,2019,1,4
2019020582,2019,0,3
2019020583,2019,4,5
2019020584,2019,5,3
2019020585,2019,2,1
2019020586,2019,2,5
2019020587,2019,4,5
2019020588,2019,4,6
2019020589,2019,5,2
2019020590,2019,1,5
2019020591,2019,4,3
2019020592,2019,2,3
2019020593,2019,4,5
2019020594,2019,5,4
2019020595,2019,5,4
2019020596,2019,6,4
2019020597,2019,6,4
2019020598,2019,3,2
2019020599,2019,3,2
2019020600,2019,4,1
2019020601,2019,6,1
2019020602,2019,4,1
2019020603,2019,3,4
2019020604,2019,2,3
2019020605,2019,1,3
2019020606,2019,3,2
2019020607,2019,2,1
2019020608,2019,6,5
2019020609,2019,2,4
2019020610,2019,1,2
2019020611,2019,2,5
2019020612,2019,5,2
2019020613,2019,3,2
2019020614,2019,3,4
2019020615,2019,5,2
2019020616,2019,1,4
2019020617,2019,4,6
2019020618,2019,3,1
2019020619,2019,4,1
2019020620,2019,2,0
2019020621,2019,4,7
2019020622,2019,3,5
2019020623,2019,7,5
2019020624,2019,3,1
2019020625,2019,5,3
2019020626,2019,4,2
2019020627,2019,1,2
2019020628,2019,3,2
2019020629,2019,1,2
2019020630,2019,1,2
2019020631,2019,2,3
2019020632,2019,3,6
2019020633,2019,3,6
2019020634,2019,7,3
2019020635,2019,4,3
2019020636,2019,4,2
2019020637,2019,7,5
2019020638,2019,5,4
2019020639,2019,3,4
2019020640,2019,4,1
2019020641,2019,1,4
2019020642,2019,2,3
2019020643,2019,3,2
2019020644,2019,5,4
2019020645,2019,3,2
2019020646,2019,3,0
2019020647,2019,2,3
2019020648,2019,3,5
2019020649,2019,2,5
2019020650,2019,6,2
2019020651,2019,2,1
2019020652,2019,1,4
2019020653,2019,5,4
2019020654,2019,1,4
2019020655,2019,1,3
2019020656,2019,4,5
2019020657,2019,4,2
2019020658,2019,5,4
2019020659,2019,4,6
2019020660,2019,2,3
2019020661,2019,1,0
2019020662,2019,2,4
2019020663,2019,9,2
2019020664,2019,2,5
2019020665,2019,3,4
2019020666,2019,5,3
2019020667,2019,6,1
2019020668,2019,5,4
2019020669,2019,4,3
2019020670,2019,3,2
2019020671,2019,2,6
2019020672,2019,1,2
2019020673,2019,3,4
2019020674,2019,3,4
2019020675,2019,3,4
2019020676,2019,3,2
2019020677,2019,1,2
2019020678,2019,5,4
2019020679,2019,2,4
2019020680,2019,4,0
2019020681,2019,5,2
2019020682,2019,6,3
2019020683,2019,5,1
2019020684,2019,2,5
2019020685,2019,2,1
2019020686,2019,2,5
2019020687,2019,0,3
2019020688,2019,3,1
2019020689,2019,3,2
2019020690,2019,3,0
2019020691,2019,3,4
2019020692,2019,3,6
2019020693,2019,1,2
2019020694,2019,2,3
2019020695,2019,0,1
2019020696,2019,1,5
2019020697,2019,2,0
2019020698,2019,5,2
2019020699,2019,4,2
2019020700,2019,4,3
2019020701,2019,0,3
2019020702,2019,2,1
2019020703,2019,0,1
2019020704,2019,1,4
2019020705,2019,1,5
2019020706,2019,3,4
2019020707,2019,8,4
2019020708,2019,3,1
2019020709,2019,2,0
2019020710,2019,6,2
2019020711,2019,6,5
2019020712,2019,2,0
2019020713,2019,4,1
2019020714,2019,4,2
2019020715,2019,7,4
2019020716,2019,4,3
2019020717,2019,8,2
2019020718,2019,7,3
2019020719,2019,3,0
2019020720,2019,2,3
2019020721,2019,4,0
2019020722,2019,2,3
2019020723,2019,4,2
2019020724,2019,6,3
2019020725,2019,1,4
2019020726,2019,3,4
2019020727,2019,4,1
2019020728,2019,1,2
2019020729,2019,4,3
2019020730,2019,2,3
2019020731,2019,1,4
2019020732,2019,5,2
2019020733,2019,3,2
2019020734,2019,2,4
2019020735,2019,2,4
2019020736,2019,3,2
2019020737,2019,1,4
2019020738,2019,4,0
2019020739,2019,3,1
2019020740,2019,1,2
2019020741,2019,1,2
2019020742,2019,1,7
2019020743,2019,4,6
2019020744,2019,5,3
2019020745,2019,7,3
2019020746,2019,5,2
2019020747,2019,2,6
2019020748,2019,5,4
2019020749,2019,1,4
2019020750,2019,4,1
2019020751,2019,5,0
2019020752,2019,2,1
2019020753,2019,7,0
2019020754,2019,4,1
2019020755,2019,4,3
2019020756,2019,2,1
2019020757,2019,1,2
2019020758,2019,5,2
2019020759,2019,6,3
2019020760,2019,4,5
2019020761,2019,3,2
2019020762,2019,2,4
2019020763,2019,3,0
2019020764,2019,4,1
2019020765,2019,3,4
2019020766,2019,4,3
2019020767,2019,4,2
2019020768,2019,2,4
2019020769,2019,3,4
2019020770,2019,2,5
2019020771,2019,3,2
2019020772,2019,3,1
2019020773,2019,4,2
2019020774,2019,2,5
2019020775,2019,4,5
2019020776,2019,4,5
2019020777,2019,3,5
2019020778,2019,3,4
2019020779,2019,4,2
2019020780,2019,2,4
2019020781,2019,2,5
2019020782,2019,1,3
2019020783,2019,5,6
2019020784,2019,2,3
2019020785,2019,4,2
2019020786,2019,4,3
2019020787,2019,3,5
2019020788,2019,3,4
2019020789,2019,1,2
2019020790,2019,4,2
2019020791,2019,3,4
2019020792,2019,2,1
2019020793,2019,3,4
2019020794,2019,4,0
2019020795,2019,2,1
2019020796,2019,0,1
2019020797,2019,2,3
2019020798,2019,6,3
2019020799,2019,5,2
2019020800,2019,0,3
2019020801,2019,1,6
2019020802,2019,2,3
2019020803,2019,3,8
2019020804,2019,1,3
2019020805,2019,0,3
2019020806,2019,3,4
2019020807,2019,3,4
2019020808,2019,4,3
2019020809,2019,3,5
2019020810,2019,3,5
2019020811,2019,0,3
2019020812,2019,4,0
2019020813,2019,1,6
2019020814,2019,4,2
2019020815,2019,4,5
2019020816,2019,4,3
2019020817,2019,4,2
2019020818,2019,1,0
2019020819,2019,2,3
2019020820,2019,6,3
2019020821,2019,3,2
2019020822,2019,1,2
2019020823,2019,1,3
2019020824,2019,3,0
2019020825,2019,5,3
2019020826,2019,1,2
2019020827,2019,3,4
2019020828,2019,3,2
2019020829,2019,4,2
2019020830,2019,2,7
2019020831,2019,5,3
2019020832,2019,0,5
2019020833,2019,1,4
2019020834,2019,2,4
2019020835,2019,4,2
2019020836,2019,2,3
2019020837,2019,3,6
2019020838,2019,3,5
2019020839,2019,5,4
2019020840,2019,2,3
2019020841,2019,2,0
2019020842,2019,2,3
2019020843,2019,5,2
2019020844,2019,4,2
2019020845,2019,2,1
2019020846,2019,3,1
2019020847,2019,2,3
2019020848,2019,3,0
2019020849,2019,2,7
2019020850,2019,1,2
2019020851,2019,3,2
2019020852,2019,2,3
2019020853,2019,2,6
2019020854,2019,5,6
2019020855,2019,3,1
2019020856,2019,2,3
2019020857,2019,4,1
2019020858,2019,5,2
2019020859,2019,2,3
2019020860,2019,2,3
2019020861,2019,4,1
2019020862,2019,3,5
2019020863,2019,1,2
2019020864,2019,6,2
2019020865,2019,2,6
2019020866,2019,3,2
2019020867,2019,3,2
2019020868,2019,3,5
2019020869,2019,5,3
2019020870,2019,1,2
2019020871,2019,4,0
2019020872,2019,1,4
2019020873,2019,4,1
2019020874,2019,3,0
2019020875,2019,5,3
2019020876,2019,2,4
2019020877,2019,4,1
2019020878,2019,5,3
2019020879,2019,3,0
2019020880,2019,4,3
2019020881,2019,2,3
2019020882,2019,3,1
2019020883,2019,2,6
2019020884,2019,4,1
2019020885,2019,3,2
2019020886,2019,5,0
2019020887,2019,3,4
2019020888,2019,2,3
2019020889,2019,6,5
2019020890,2019,0,6
2019020891,2019,4,1
2019020892,2019,1,3
2019020893,2019,2,3
2019020894,2019,5,2
2019020895,2019,4,1
2019020896,2019,3,4
2019020897,2019,5,3
2019020898,2019,1,4
2019020899,2019,0,2
2019020900,2019,3,4
2019020901,2019,2,4
2019020902,2019,1,3
2019020903,2019,4,8
2019020904,2019,3,1
2019020905,2019,1,0
2019020906,2019,5,1
2019020907,2019,1,3
2019020908,2019,3,4
2019020909,2019,1,5
2019020910,2019,4,3
2019020911,2019,4,3
2019020912,2019,2,1
2019020913,2019,5,2
2019020914,2019,3,2
2019020915,2019,6,4
2019020916,2019,2,1
2019020917,2019,3,5
2019020918,2019,3,2
2019020919,2019,3,4
2019020920,2019,5,1
2019020921,2019,5,2
2019020922,2019,7,4
2019020923,2019,4,3
2019020924,2019,3,0
2019020925,2019,1,4
2019020926,2019,6,3
2019020927,2019,3,6
2019020928,2019,3,2
2019020929,2019,1,2
2019020930,2019,3,1
2019020931,2019,1,4
2019020932,2019,3,4
2019020933,2019,4,0
2019020934,2019,2,1
2019020935,2019,3,4
2019020936,2019,3,4
2019020937,2019,1,5
2019020938,2019,1,0
2019020939,2019,5,3
2019020940,2019,5,4
2019020941,2019,4,1
2019020942,2019,2,5
2019020943,2019,2,1
2019020944,2019,1,5
2019020945,2019,3,4
2019020946,2019,3,5
2019020947,2019,0,1
2019020948,2019,3,2
2019020949,2019,4,2
2019020950,2019,2,5
2019020951,2019,3,6
2019020952,2019,0,3
2019020953,2019,3,2
2019020954,2019,4,3
2019020955,2019,7,3
2019020956,2019,9,3
2019020957,2019,5,3
2019020958,2019,1,2
2019020959,2019,5,3
2019020960,2019,2,1
2019020961,2019,2,1
2019020962,2019,4,1
2019020963,2019,2,4
2019020964,2019,1,4
2019020965,2019,5,6
2019020966,2019,2,4
2019020967,2019,4,3
2019020968,2019,2,5
2019020969,2019,3,4
2019020970,2019,3,4
2019020971,2019,3,4
2019020972,2019,4,2
2019020973,2019,4,3
2019020974,2019,1,4
2019020975,2019,1,4
2019020976,2019,6,5
2019020977,2019,3,2
2019020978,2019,5,4
2019020979,2019,1,2
2019020980,2019,4,3
2019020981,2019,3,2
2019020982,2019,3,0
2019020983,2019,2,1
2019020984,2019,4,3
2019020985,2019,2,5
2019020986,2019,2,5
2019020987,2019,3,5
2019020988,2019,5,2
2019020989,2019,1,7
2019020990,2019,3,2
2019020991,2019,4,3
2019020992,2019,3,0
2019020993,2019,3,2
2019020994,2019,5,2
2019020995,2019,0,5
2019020996,2019,2,3
2019020997,2019,4,2
2019020998,2019,3,2
2019020999,2019,0,4
2019021000,2019,4,3
2019021001,2019,2,1
2019021002,2019,2,3
2019021003,2019,4,2
2019021004,2019,4,3
2019021005,2019,4,3
2019021006,2019,4,3
2019021007,2019,2,3
2019021008,2019,5,2
2019021009,2019,3,2
2019021010,2019,5,0
2019021011,2019,3,5
2019021012,2019,0,3
2019021013,2019,5,3
2019021014,2019,3,4
2019021015,2019,0,3
2019021016,2019,1,4
2019021017,2019,1,2
2019021018,2019,3,8
2019021019,2019,1,2
2019021020,2019,2,6
2019021021,2019,1,3
2019021022,2019,7,3
2019021023,2019,3,1
2019021024,2019,3,1
2019021025,2019,6,2
2019021026,2019,1,2
2019021027,2019,3,0
2019021028,2019,5,2
2019021029,2019,2,5
2019021030,2019,3,2
2019021031,2019,3,4
2019021032,2019,2,4
2019021033,2019,2,4
2019021034,2019,4,0
2019021035,2019,1,2
2019021036,2019,6,5
2019021037,2019,4,1
2019021038,2019,4,3
2019021039,2019,2,0
2019021040,2019,4,3
2019021041,2019,1,0
2019021042,2019,2,3
2019021043,2019,4,2
2019021044,2019,2,1
2019021045,2019,4,0
2019021046,2019,3,2
2019021047,2019,6,3
2019021048,2019,2,1
2019021049,2019,2,3
2019021050,2019,2,5
2019021051,2019,0,1
2019021052,2019,7,3
2019021053,2019,3,5
2019021054,2019,4,1
2019021055,2019,4,6
2019021056,2019,3,1
2019021057,2019,1,2
2019021058,2019,4,1
2019021059,2019,2,6
2019021060,2019,5,4
2019021061,2019,0,2
2019021062,2019,3,5
2019021063,2019,4,5
2019021064,2019,1,2
2019021065,2019,3,4
2019021066,2019,3,2
2019021067,2019,4,2
2019021068,2019,2,3
2019021069,2019,3,1
2019021070,2019,2,1
2019021071,2019,2,4
2019021072,2019,2,5
2019021073,2019,0,2
2019021074,2019,2,5
2019021075,2019,1,2
2019021076,2019,2,4
2019021077,2019,5,4
2019021078,2019,5,2
2019021079,2019,6,2
2019021080,2019,2,4
2019021081,2019,3,2
2019021082,2019,3,2
2019030001,2019,1,4
2019030002,2019,3,2
2019030003,2019,2,3
2019030004,2019,3,1
2019030005,2019,2,1
2019030006,2019,1,4
2019030011,2019,2,1
2019030012,2019,5,3
2019030013,2019,0,4
2019030014,2019,4,6
2019030015,2019,3,4
2019030016,2019,1,2
2019030021,2019,2,3
2019030022,2019,3,1
2019030023,2019,4,3
2019030024,2019,2,0
2019030031,2019,3,2
2019030032,2019,4,1
2019030033,2019,1,4
2019030041,2019,2,1
2019030042,2019,4,2
2019030043,2019,3,2
2019030044,2019,1,5
2019030051,2019,0,2
2019030052,2019,3,0
2019030053,2019,4,3
2019030054,2019,3,4
2019030055,2019,0,3
2019030061,2019,4,6
2019030062,2019,6,3
2019030063,2019,4,3
2019030064,2019,3,2
2019030071,2019,3,4
2019030072,2019,4,2
2019030073,2019,4,1
2019030074,2019,4,3
2019030081,2019,0,3
2019030082,2019,4,3
2019030083,2019,0,3
2019030084,2019,4,5
2019030091,2019,4,1
2019030092,2019,2,3
2019030093,2019,2,6
2019030094,2019,0,4
2019030111,2019,2,1
2019030112,2019,0,5
2019030113,2019,0,1
2019030114,2019,0,2
2019030115,2019,3,5
2019030116,2019,2,3
2019030121,2019,3,2
2019030122,2019,1,3
2019030123,2019,2,3
2019030124,2019,1,2
2019030125,2019,5,4
2019030131,2019,2,4
2019030132,2019,2,5
2019030133,2019,2,1
2019030134,2019,2,3
2019030135,2019,0,4
2019030141,2019,4,3
2019030142,2019,2,3
2019030143,2019,1,3
2019030144,2019,3,4
2019030145,2019,2,1
2019030151,2019,4,1
2019030152,2019,4,3
2019030153,2019,1,2
2019030154,2019,3,1
2019030155,2019,4,3
2019030161,2019,3,0
2019030162,2019,3,2
2019030163,2019,4,2
2019030164,2019,1,7
2019030165,2019,7,1
2019030171,2019,2,3
2019030172,2019,5,4
2019030173,2019,2,0
2019030174,2019,4,5
2019030175,2019,2,1
2019030176,2019,3,7
2019030181,2019,2,5
2019030182,2019,3,4
2019030183,2019,2,3
2019030184,2019,1,3
2019030185,2019,3,4
2019030186,2019,6,2
2019030211,2019,0,4
2019030212,2019,4,3
2019030213,2019,3,1
2019030214,2019,3,2
2019030215,2019,4,3
2019030216,2019,4,5
2019030217,2019,0,4
2019030221,2019,2,3
2019030222,2019,4,3
2019030223,2019,1,7
2019030224,2019,1,3
2019030225,2019,3,2
2019030231,2019,5,0
2019030232,2019,2,5
2019030233,2019,0,3
2019030234,2019,3,5
2019030235,2019,1,2
2019030236,2019,4,0
2019030237,2019,3,0
2019030241,2019,3,5
2019030242,2019,2,5
2019030243,2019,4,6
2019030244,2019,5,4
2019030245,2019,6,3
2019030246,2019,1,4
2019030247,2019,4,5
2019030311,2019,8,2
2019030312,2019,2,1
2019030313,2019,5,3
2019030314,2019,1,4
2019030315,2019,1,2
2019030316,2019,1,2
2019030321,2019,0,1
2019030322,2019,3,0
2019030323,2019,3,2
2019030324,2019,2,1
2019030325,2019,2,3
2019030411,2019,1,4
2019030412,2019,3,2
2019030413,2019,2,5
2019030414,2019,4,5
2019030415,2019,2,3
2019030416,2019,0,2
2019040651,2019,9,5
2019040652,2019,5,10
2019040653,2019,5,4
